JobID: 5374570
Host: tc-gpu003
Started: Fri May 15 03:57:14 AM EDT 2026
Python: /projects/simlai1/Viberank/VibeRank/.venv/bin/python
Python 3.12.12
Fri May 15 03:57:14 2026       
+-----------------------------------------------------------------------------------------+
| NVIDIA-SMI 580.105.08             Driver Version: 580.105.08     CUDA Version: 13.0     |
+-----------------------------------------+------------------------+----------------------+
| GPU  Name                 Persistence-M | Bus-Id          Disp.A | Volatile Uncorr. ECC |
| Fan  Temp   Perf          Pwr:Usage/Cap |           Memory-Usage | GPU-Util  Compute M. |
|                                         |                        |               MIG M. |
|=========================================+========================+======================|
|   0  NVIDIA A100-SXM4-80GB          On  |   00000000:07:00.0 Off |                    0 |
| N/A   34C    P0             64W /  400W |       0MiB /  81920MiB |      0%      Default |
|                                         |                        |             Disabled |
+-----------------------------------------+------------------------+----------------------+

+-----------------------------------------------------------------------------------------+
| Processes:                                                                              |
|  GPU   GI   CI              PID   Type   Process name                        GPU Memory |
|        ID   ID                                                               Usage      |
|=========================================================================================|
|  No running processes found                                                             |
+-----------------------------------------------------------------------------------------+

IN : /projects/simlai1/Viberank/data/VibeRank/raw/hmls/VISPDAT/rc_responses/AIES_vispdat_QWEN_NewFixedLoggerRun1SeedFixed.jsonl
OUT: /projects/simlai1/Viberank/data/VibeRank/raw/hmls/VISPDAT/rc_responses/AIES_vispdat_QWEN_NewFixedLoggerRun1SeedFixed_parsed.csv

Parsing
/projects/simlai1/Viberank/data/VibeRank/raw/hmls/VISPDAT/rc_responses/AIES_vispdat_QWEN_NewFixedLoggerRun1SeedFixed.jsonl
Loaded 42120 response rows
Parsed 32/42120 rows
Parsed 64/42120 rows
Parsed 96/42120 rows
Parsed 128/42120 rows
Parsed 160/42120 rows
Parsed 192/42120 rows
Parsed 224/42120 rows
Parsed 256/42120 rows
Parsed 288/42120 rows
Parsed 320/42120 rows
Parsed 352/42120 rows
Parsed 384/42120 rows
Parsed 416/42120 rows
Parsed 448/42120 rows
Parsed 480/42120 rows
Parsed 512/42120 rows
Parsed 544/42120 rows
Parsed 576/42120 rows
Parsed 608/42120 rows
Parsed 640/42120 rows
Parsed 672/42120 rows
Parsed 704/42120 rows
Parsed 736/42120 rows
Parsed 768/42120 rows
Parsed 800/42120 rows
Parsed 832/42120 rows
Parsed 864/42120 rows
Parsed 896/42120 rows
Parsed 928/42120 rows
Parsed 960/42120 rows
Parsed 992/42120 rows
Parsed 1024/42120 rows
Parsed 1056/42120 rows
Parsed 1088/42120 rows
Parsed 1120/42120 rows
Parsed 1152/42120 rows
Parsed 1184/42120 rows
Parsed 1216/42120 rows
Parsed 1248/42120 rows
Parsed 1280/42120 rows
Parsed 1312/42120 rows
Parsed 1344/42120 rows
Parsed 1376/42120 rows
Parsed 1408/42120 rows
Parsed 1440/42120 rows
Parsed 1472/42120 rows
Parsed 1504/42120 rows
Parsed 1536/42120 rows
Parsed 1568/42120 rows
Parsed 1600/42120 rows
Parsed 1632/42120 rows
Parsed 1664/42120 rows
Parsed 1696/42120 rows
Parsed 1728/42120 rows
Parsed 1760/42120 rows
Parsed 1792/42120 rows
Parsed 1824/42120 rows
Parsed 1856/42120 rows
Parsed 1888/42120 rows
Parsed 1920/42120 rows
Parsed 1952/42120 rows
Parsed 1984/42120 rows
Parsed 2016/42120 rows
Parsed 2048/42120 rows
Parsed 2080/42120 rows
Parsed 2112/42120 rows
Parsed 2144/42120 rows
Parsed 2176/42120 rows
Parsed 2208/42120 rows
Parsed 2240/42120 rows
Parsed 2272/42120 rows
Parsed 2304/42120 rows
Parsed 2336/42120 rows
Parsed 2368/42120 rows
Parsed 2400/42120 rows
Parsed 2432/42120 rows
Parsed 2464/42120 rows
Parsed 2496/42120 rows
Parsed 2528/42120 rows
Parsed 2560/42120 rows
Parsed 2592/42120 rows
Parsed 2624/42120 rows
Parsed 2656/42120 rows
Parsed 2688/42120 rows
Parsed 2720/42120 rows
Parsed 2752/42120 rows
Parsed 2784/42120 rows
Parsed 2816/42120 rows
Parsed 2848/42120 rows
Parsed 2880/42120 rows
Parsed 2912/42120 rows
Parsed 2944/42120 rows
Parsed 2976/42120 rows
Parsed 3008/42120 rows
Parsed 3040/42120 rows
Parsed 3072/42120 rows
Parsed 3104/42120 rows
Parsed 3136/42120 rows
Parsed 3168/42120 rows
Parsed 3200/42120 rows
Parsed 3232/42120 rows
Parsed 3264/42120 rows
Parsed 3296/42120 rows
Parsed 3328/42120 rows
Parsed 3360/42120 rows
Parsed 3392/42120 rows
Parsed 3424/42120 rows
Parsed 3456/42120 rows
Parsed 3488/42120 rows
Parsed 3520/42120 rows
Parsed 3552/42120 rows
Parsed 3584/42120 rows
Parsed 3616/42120 rows
Parsed 3648/42120 rows
Parsed 3680/42120 rows
Parsed 3712/42120 rows
Parsed 3744/42120 rows
Parsed 3776/42120 rows
Parsed 3808/42120 rows
Parsed 3840/42120 rows
Parsed 3872/42120 rows
Parsed 3904/42120 rows
Parsed 3936/42120 rows
Parsed 3968/42120 rows
Parsed 4000/42120 rows
Parsed 4032/42120 rows
Parsed 4064/42120 rows
Parsed 4096/42120 rows
Parsed 4128/42120 rows
Parsed 4160/42120 rows
Parsed 4192/42120 rows
Parsed 4224/42120 rows
Parsed 4256/42120 rows
Parsed 4288/42120 rows
Parsed 4320/42120 rows
Parsed 4352/42120 rows
Parsed 4384/42120 rows
Parsed 4416/42120 rows
Parsed 4448/42120 rows
Parsed 4480/42120 rows
Parsed 4512/42120 rows
Parsed 4544/42120 rows
Parsed 4576/42120 rows
Parsed 4608/42120 rows
Parsed 4640/42120 rows
Parsed 4672/42120 rows
Parsed 4704/42120 rows
Parsed 4736/42120 rows
Parsed 4768/42120 rows
Parsed 4800/42120 rows
Parsed 4832/42120 rows
Parsed 4864/42120 rows
Parsed 4896/42120 rows
Parsed 4928/42120 rows
Parsed 4960/42120 rows
Parsed 4992/42120 rows
Parsed 5024/42120 rows
Parsed 5056/42120 rows
Parsed 5088/42120 rows
Parsed 5120/42120 rows
Parsed 5152/42120 rows
Parsed 5184/42120 rows
Parsed 5216/42120 rows
Parsed 5248/42120 rows
Parsed 5280/42120 rows
Parsed 5312/42120 rows
Parsed 5344/42120 rows
Parsed 5376/42120 rows
Parsed 5408/42120 rows
Parsed 5440/42120 rows
Parsed 5472/42120 rows
Parsed 5504/42120 rows
Parsed 5536/42120 rows
Parsed 5568/42120 rows
Parsed 5600/42120 rows
Parsed 5632/42120 rows
Parsed 5664/42120 rows
Parsed 5696/42120 rows
Parsed 5728/42120 rows
Parsed 5760/42120 rows
Parsed 5792/42120 rows
Parsed 5824/42120 rows
Parsed 5856/42120 rows
Parsed 5888/42120 rows
Parsed 5920/42120 rows
Parsed 5952/42120 rows
Parsed 5984/42120 rows
Parsed 6016/42120 rows
Parsed 6048/42120 rows
Parsed 6080/42120 rows
Parsed 6112/42120 rows
Parsed 6144/42120 rows
Parsed 6176/42120 rows
Parsed 6208/42120 rows
Parsed 6240/42120 rows
Parsed 6272/42120 rows
Parsed 6304/42120 rows
Parsed 6336/42120 rows
Parsed 6368/42120 rows
Parsed 6400/42120 rows
Parsed 6432/42120 rows
Parsed 6464/42120 rows
Parsed 6496/42120 rows
Parsed 6528/42120 rows
Parsed 6560/42120 rows
Parsed 6592/42120 rows
Parsed 6624/42120 rows
Parsed 6656/42120 rows
Parsed 6688/42120 rows
Parsed 6720/42120 rows
Parsed 6752/42120 rows
Parsed 6784/42120 rows
Parsed 6816/42120 rows
Parsed 6848/42120 rows
Parsed 6880/42120 rows
Parsed 6912/42120 rows
Parsed 6944/42120 rows
Parsed 6976/42120 rows
Parsed 7008/42120 rows
Parsed 7040/42120 rows
Parsed 7072/42120 rows
Parsed 7104/42120 rows
Parsed 7136/42120 rows
Parsed 7168/42120 rows
Parsed 7200/42120 rows
Parsed 7232/42120 rows
Parsed 7264/42120 rows
Parsed 7296/42120 rows
Parsed 7328/42120 rows
Parsed 7360/42120 rows
Parsed 7392/42120 rows
Parsed 7424/42120 rows
Parsed 7456/42120 rows
Parsed 7488/42120 rows
Parsed 7520/42120 rows
Parsed 7552/42120 rows
Parsed 7584/42120 rows
Parsed 7616/42120 rows
Parsed 7648/42120 rows
Parsed 7680/42120 rows
Parsed 7712/42120 rows
Parsed 7744/42120 rows
Parsed 7776/42120 rows
Parsed 7808/42120 rows
Parsed 7840/42120 rows
Parsed 7872/42120 rows
Parsed 7904/42120 rows
Parsed 7936/42120 rows
Parsed 7968/42120 rows
Parsed 8000/42120 rows
Parsed 8032/42120 rows
Parsed 8064/42120 rows
Parsed 8096/42120 rows
Parsed 8128/42120 rows
Parsed 8160/42120 rows
Parsed 8192/42120 rows
Parsed 8224/42120 rows
Parsed 8256/42120 rows
Parsed 8288/42120 rows
Parsed 8320/42120 rows
Parsed 8352/42120 rows
Parsed 8384/42120 rows
Parsed 8416/42120 rows
Parsed 8448/42120 rows
Parsed 8480/42120 rows
Parsed 8512/42120 rows
Parsed 8544/42120 rows
Parsed 8576/42120 rows
Parsed 8608/42120 rows
Parsed 8640/42120 rows
Parsed 8672/42120 rows
Parsed 8704/42120 rows
Parsed 8736/42120 rows
Parsed 8768/42120 rows
Parsed 8800/42120 rows
Parsed 8832/42120 rows
Parsed 8864/42120 rows
Parsed 8896/42120 rows
Parsed 8928/42120 rows
Parsed 8960/42120 rows
Parsed 8992/42120 rows
Parsed 9024/42120 rows
Parsed 9056/42120 rows
Parsed 9088/42120 rows
Parsed 9120/42120 rows
Parsed 9152/42120 rows
Parsed 9184/42120 rows
Parsed 9216/42120 rows
Parsed 9248/42120 rows
Parsed 9280/42120 rows
Parsed 9312/42120 rows
Parsed 9344/42120 rows
Parsed 9376/42120 rows
Parsed 9408/42120 rows
Parsed 9440/42120 rows
Parsed 9472/42120 rows
Parsed 9504/42120 rows
Parsed 9536/42120 rows
Parsed 9568/42120 rows
Parsed 9600/42120 rows
Parsed 9632/42120 rows
Parsed 9664/42120 rows
Parsed 9696/42120 rows
Parsed 9728/42120 rows
Parsed 9760/42120 rows
Parsed 9792/42120 rows
Parsed 9824/42120 rows
Parsed 9856/42120 rows
Parsed 9888/42120 rows
Parsed 9920/42120 rows
Parsed 9952/42120 rows
Parsed 9984/42120 rows
Parsed 10016/42120 rows
Parsed 10048/42120 rows
Parsed 10080/42120 rows
Parsed 10112/42120 rows
Parsed 10144/42120 rows
Parsed 10176/42120 rows
Parsed 10208/42120 rows
Parsed 10240/42120 rows
Parsed 10272/42120 rows
Parsed 10304/42120 rows
Parsed 10336/42120 rows
Parsed 10368/42120 rows
Parsed 10400/42120 rows
Parsed 10432/42120 rows
Parsed 10464/42120 rows
Parsed 10496/42120 rows
Parsed 10528/42120 rows
Parsed 10560/42120 rows
Parsed 10592/42120 rows
Parsed 10624/42120 rows
Parsed 10656/42120 rows
Parsed 10688/42120 rows
Parsed 10720/42120 rows
Parsed 10752/42120 rows
Parsed 10784/42120 rows
Parsed 10816/42120 rows
Parsed 10848/42120 rows
Parsed 10880/42120 rows
Parsed 10912/42120 rows
Parsed 10944/42120 rows
Parsed 10976/42120 rows
Parsed 11008/42120 rows
Parsed 11040/42120 rows
Parsed 11072/42120 rows
Parsed 11104/42120 rows
Parsed 11136/42120 rows
Parsed 11168/42120 rows
Parsed 11200/42120 rows
Parsed 11232/42120 rows
Parsed 11264/42120 rows
Parsed 11296/42120 rows
Parsed 11328/42120 rows
Parsed 11360/42120 rows
Parsed 11392/42120 rows
Parsed 11424/42120 rows
Parsed 11456/42120 rows
Parsed 11488/42120 rows
Parsed 11520/42120 rows
Parsed 11552/42120 rows
Parsed 11584/42120 rows
Parsed 11616/42120 rows
Parsed 11648/42120 rows
Parsed 11680/42120 rows
Parsed 11712/42120 rows
Parsed 11744/42120 rows
Parsed 11776/42120 rows
Parsed 11808/42120 rows
Parsed 11840/42120 rows
Parsed 11872/42120 rows
Parsed 11904/42120 rows
Parsed 11936/42120 rows
Parsed 11968/42120 rows
Parsed 12000/42120 rows
Parsed 12032/42120 rows
Parsed 12064/42120 rows
Parsed 12096/42120 rows
Parsed 12128/42120 rows
Parsed 12160/42120 rows
Parsed 12192/42120 rows
Parsed 12224/42120 rows
Parsed 12256/42120 rows
Parsed 12288/42120 rows
Parsed 12320/42120 rows
Parsed 12352/42120 rows
Parsed 12384/42120 rows
Parsed 12416/42120 rows
Parsed 12448/42120 rows
Parsed 12480/42120 rows
Parsed 12512/42120 rows
Parsed 12544/42120 rows
Parsed 12576/42120 rows
Parsed 12608/42120 rows
Parsed 12640/42120 rows
Parsed 12672/42120 rows
Parsed 12704/42120 rows
Parsed 12736/42120 rows
Parsed 12768/42120 rows
Parsed 12800/42120 rows
Parsed 12832/42120 rows
Parsed 12864/42120 rows
Parsed 12896/42120 rows
Parsed 12928/42120 rows
Parsed 12960/42120 rows
Parsed 12992/42120 rows
Parsed 13024/42120 rows
Parsed 13056/42120 rows
Parsed 13088/42120 rows
Parsed 13120/42120 rows
Parsed 13152/42120 rows
Parsed 13184/42120 rows
Parsed 13216/42120 rows
Parsed 13248/42120 rows
Parsed 13280/42120 rows
Parsed 13312/42120 rows
Parsed 13344/42120 rows
Parsed 13376/42120 rows
Parsed 13408/42120 rows
Parsed 13440/42120 rows
Parsed 13472/42120 rows
Parsed 13504/42120 rows
Parsed 13536/42120 rows
Parsed 13568/42120 rows
Parsed 13600/42120 rows
Parsed 13632/42120 rows
Parsed 13664/42120 rows
Parsed 13696/42120 rows
Parsed 13728/42120 rows
Parsed 13760/42120 rows
Parsed 13792/42120 rows
Parsed 13824/42120 rows
Parsed 13856/42120 rows
Parsed 13888/42120 rows
Parsed 13920/42120 rows
Parsed 13952/42120 rows
Parsed 13984/42120 rows
Parsed 14016/42120 rows
Parsed 14048/42120 rows
Parsed 14080/42120 rows
Parsed 14112/42120 rows
Parsed 14144/42120 rows
Parsed 14176/42120 rows
Parsed 14208/42120 rows
Parsed 14240/42120 rows
Parsed 14272/42120 rows
Parsed 14304/42120 rows
Parsed 14336/42120 rows
Parsed 14368/42120 rows
Parsed 14400/42120 rows
Parsed 14432/42120 rows
Parsed 14464/42120 rows
Parsed 14496/42120 rows
Parsed 14528/42120 rows
Parsed 14560/42120 rows
Parsed 14592/42120 rows
Parsed 14624/42120 rows
Parsed 14656/42120 rows
Parsed 14688/42120 rows
Parsed 14720/42120 rows
Parsed 14752/42120 rows
Parsed 14784/42120 rows
Parsed 14816/42120 rows
Parsed 14848/42120 rows
Parsed 14880/42120 rows
Parsed 14912/42120 rows
Parsed 14944/42120 rows
Parsed 14976/42120 rows
Parsed 15008/42120 rows
Parsed 15040/42120 rows
Parsed 15072/42120 rows
Parsed 15104/42120 rows
Parsed 15136/42120 rows
Parsed 15168/42120 rows
Parsed 15200/42120 rows
Parsed 15232/42120 rows
Parsed 15264/42120 rows
Parsed 15296/42120 rows
Parsed 15328/42120 rows
Parsed 15360/42120 rows
Parsed 15392/42120 rows
Parsed 15424/42120 rows
Parsed 15456/42120 rows
Parsed 15488/42120 rows
Parsed 15520/42120 rows
Parsed 15552/42120 rows
Parsed 15584/42120 rows
Parsed 15616/42120 rows
Parsed 15648/42120 rows
Parsed 15680/42120 rows
Parsed 15712/42120 rows
Parsed 15744/42120 rows
Parsed 15776/42120 rows
Parsed 15808/42120 rows
Parsed 15840/42120 rows
Parsed 15872/42120 rows
Parsed 15904/42120 rows
Parsed 15936/42120 rows
Parsed 15968/42120 rows
Parsed 16000/42120 rows
Parsed 16032/42120 rows
Parsed 16064/42120 rows
Parsed 16096/42120 rows
Parsed 16128/42120 rows
Parsed 16160/42120 rows
Parsed 16192/42120 rows
Parsed 16224/42120 rows
Parsed 16256/42120 rows
Parsed 16288/42120 rows
Parsed 16320/42120 rows
Parsed 16352/42120 rows
Parsed 16384/42120 rows
Parsed 16416/42120 rows
Parsed 16448/42120 rows
Parsed 16480/42120 rows
Parsed 16512/42120 rows
Parsed 16544/42120 rows
Parsed 16576/42120 rows
Parsed 16608/42120 rows
Parsed 16640/42120 rows
Parsed 16672/42120 rows
Parsed 16704/42120 rows
Parsed 16736/42120 rows
Parsed 16768/42120 rows
Parsed 16800/42120 rows
Parsed 16832/42120 rows
Parsed 16864/42120 rows
Parsed 16896/42120 rows
Parsed 16928/42120 rows
Parsed 16960/42120 rows
Parsed 16992/42120 rows
Parsed 17024/42120 rows
Parsed 17056/42120 rows
Parsed 17088/42120 rows
Parsed 17120/42120 rows
Parsed 17152/42120 rows
Parsed 17184/42120 rows
Parsed 17216/42120 rows
Parsed 17248/42120 rows
Parsed 17280/42120 rows
Parsed 17312/42120 rows
Parsed 17344/42120 rows
Parsed 17376/42120 rows
Parsed 17408/42120 rows
Parsed 17440/42120 rows
Parsed 17472/42120 rows
Parsed 17504/42120 rows
Parsed 17536/42120 rows
Parsed 17568/42120 rows
Parsed 17600/42120 rows
Parsed 17632/42120 rows
Parsed 17664/42120 rows
Parsed 17696/42120 rows
Parsed 17728/42120 rows
Parsed 17760/42120 rows
Parsed 17792/42120 rows
Parsed 17824/42120 rows
Parsed 17856/42120 rows
Parsed 17888/42120 rows
Parsed 17920/42120 rows
Parsed 17952/42120 rows
Parsed 17984/42120 rows
Parsed 18016/42120 rows
Parsed 18048/42120 rows
Parsed 18080/42120 rows
Parsed 18112/42120 rows
Parsed 18144/42120 rows
Parsed 18176/42120 rows
Parsed 18208/42120 rows
Parsed 18240/42120 rows
Parsed 18272/42120 rows
Parsed 18304/42120 rows
Parsed 18336/42120 rows
Parsed 18368/42120 rows
Parsed 18400/42120 rows
Parsed 18432/42120 rows
Parsed 18464/42120 rows
Parsed 18496/42120 rows
Parsed 18528/42120 rows
Parsed 18560/42120 rows
Parsed 18592/42120 rows
Parsed 18624/42120 rows
Parsed 18656/42120 rows
Parsed 18688/42120 rows
Parsed 18720/42120 rows
Parsed 18752/42120 rows
Parsed 18784/42120 rows
Parsed 18816/42120 rows
Parsed 18848/42120 rows
Parsed 18880/42120 rows
Parsed 18912/42120 rows
Parsed 18944/42120 rows
Parsed 18976/42120 rows
Parsed 19008/42120 rows
Parsed 19040/42120 rows
Parsed 19072/42120 rows
Parsed 19104/42120 rows
Parsed 19136/42120 rows
Parsed 19168/42120 rows
Parsed 19200/42120 rows
Parsed 19232/42120 rows
Parsed 19264/42120 rows
Parsed 19296/42120 rows
Parsed 19328/42120 rows
Parsed 19360/42120 rows
Parsed 19392/42120 rows
Parsed 19424/42120 rows
Parsed 19456/42120 rows
Parsed 19488/42120 rows
Parsed 19520/42120 rows
Parsed 19552/42120 rows
Parsed 19584/42120 rows
Parsed 19616/42120 rows
Parsed 19648/42120 rows
Parsed 19680/42120 rows
Parsed 19712/42120 rows
Parsed 19744/42120 rows
Parsed 19776/42120 rows
Parsed 19808/42120 rows
Parsed 19840/42120 rows
Parsed 19872/42120 rows
Parsed 19904/42120 rows
Parsed 19936/42120 rows
Parsed 19968/42120 rows
Parsed 20000/42120 rows
Parsed 20032/42120 rows
Parsed 20064/42120 rows
Parsed 20096/42120 rows
Parsed 20128/42120 rows
Parsed 20160/42120 rows
Parsed 20192/42120 rows
Parsed 20224/42120 rows
Parsed 20256/42120 rows
Parsed 20288/42120 rows
Parsed 20320/42120 rows
Parsed 20352/42120 rows
Parsed 20384/42120 rows
Parsed 20416/42120 rows
Parsed 20448/42120 rows
Parsed 20480/42120 rows
Parsed 20512/42120 rows
Parsed 20544/42120 rows
Parsed 20576/42120 rows
Parsed 20608/42120 rows
Parsed 20640/42120 rows
Parsed 20672/42120 rows
Parsed 20704/42120 rows
Parsed 20736/42120 rows
Parsed 20768/42120 rows
Parsed 20800/42120 rows
Parsed 20832/42120 rows
Parsed 20864/42120 rows
Parsed 20896/42120 rows
Parsed 20928/42120 rows
Parsed 20960/42120 rows
Parsed 20992/42120 rows
Parsed 21024/42120 rows
Parsed 21056/42120 rows
Parsed 21088/42120 rows
Parsed 21120/42120 rows
Parsed 21152/42120 rows
Parsed 21184/42120 rows
Parsed 21216/42120 rows
Parsed 21248/42120 rows
Parsed 21280/42120 rows
Parsed 21312/42120 rows
Parsed 21344/42120 rows
Parsed 21376/42120 rows
Parsed 21408/42120 rows
Parsed 21440/42120 rows
Parsed 21472/42120 rows
Parsed 21504/42120 rows
Parsed 21536/42120 rows
Parsed 21568/42120 rows
Parsed 21600/42120 rows
Parsed 21632/42120 rows
Parsed 21664/42120 rows
Parsed 21696/42120 rows
Parsed 21728/42120 rows
Parsed 21760/42120 rows
Parsed 21792/42120 rows
Parsed 21824/42120 rows
Parsed 21856/42120 rows
Parsed 21888/42120 rows
Parsed 21920/42120 rows
Parsed 21952/42120 rows
Parsed 21984/42120 rows
Parsed 22016/42120 rows
Parsed 22048/42120 rows
Parsed 22080/42120 rows
Parsed 22112/42120 rows
Parsed 22144/42120 rows
Parsed 22176/42120 rows
Parsed 22208/42120 rows
Parsed 22240/42120 rows
Parsed 22272/42120 rows
Parsed 22304/42120 rows
Parsed 22336/42120 rows
Parsed 22368/42120 rows
Parsed 22400/42120 rows
Parsed 22432/42120 rows
Parsed 22464/42120 rows
Parsed 22496/42120 rows
Parsed 22528/42120 rows
Parsed 22560/42120 rows
Parsed 22592/42120 rows
Parsed 22624/42120 rows
Parsed 22656/42120 rows
Parsed 22688/42120 rows
Parsed 22720/42120 rows
Parsed 22752/42120 rows
Parsed 22784/42120 rows
Parsed 22816/42120 rows
Parsed 22848/42120 rows
Parsed 22880/42120 rows
Parsed 22912/42120 rows
Parsed 22944/42120 rows
Parsed 22976/42120 rows
Parsed 23008/42120 rows
Parsed 23040/42120 rows
Parsed 23072/42120 rows
Parsed 23104/42120 rows
Parsed 23136/42120 rows
Parsed 23168/42120 rows
Parsed 23200/42120 rows
Parsed 23232/42120 rows
Parsed 23264/42120 rows
Parsed 23296/42120 rows
Parsed 23328/42120 rows
Parsed 23360/42120 rows
Parsed 23392/42120 rows
Parsed 23424/42120 rows
Parsed 23456/42120 rows
Parsed 23488/42120 rows
Parsed 23520/42120 rows
Parsed 23552/42120 rows
Parsed 23584/42120 rows
Parsed 23616/42120 rows
Parsed 23648/42120 rows
Parsed 23680/42120 rows
Parsed 23712/42120 rows
Parsed 23744/42120 rows
Parsed 23776/42120 rows
Parsed 23808/42120 rows
Parsed 23840/42120 rows
Parsed 23872/42120 rows
Parsed 23904/42120 rows
Parsed 23936/42120 rows
Parsed 23968/42120 rows
Parsed 24000/42120 rows
Parsed 24032/42120 rows
Parsed 24064/42120 rows
Parsed 24096/42120 rows
Parsed 24128/42120 rows
Parsed 24160/42120 rows
Parsed 24192/42120 rows
Parsed 24224/42120 rows
Parsed 24256/42120 rows
Parsed 24288/42120 rows
Parsed 24320/42120 rows
Parsed 24352/42120 rows
Parsed 24384/42120 rows
Parsed 24416/42120 rows
Parsed 24448/42120 rows
Parsed 24480/42120 rows
Parsed 24512/42120 rows
Parsed 24544/42120 rows
Parsed 24576/42120 rows
Parsed 24608/42120 rows
Parsed 24640/42120 rows
Parsed 24672/42120 rows
Parsed 24704/42120 rows
Parsed 24736/42120 rows
Parsed 24768/42120 rows
Parsed 24800/42120 rows
Parsed 24832/42120 rows
Parsed 24864/42120 rows
Parsed 24896/42120 rows
Parsed 24928/42120 rows
Parsed 24960/42120 rows
Parsed 24992/42120 rows
Parsed 25024/42120 rows
Parsed 25056/42120 rows
Parsed 25088/42120 rows
Parsed 25120/42120 rows
Parsed 25152/42120 rows
Parsed 25184/42120 rows
Parsed 25216/42120 rows
Parsed 25248/42120 rows
Parsed 25280/42120 rows
Parsed 25312/42120 rows
Parsed 25344/42120 rows
Parsed 25376/42120 rows
Parsed 25408/42120 rows
Parsed 25440/42120 rows
Parsed 25472/42120 rows
Parsed 25504/42120 rows
Parsed 25536/42120 rows
Parsed 25568/42120 rows
Parsed 25600/42120 rows
Parsed 25632/42120 rows
Parsed 25664/42120 rows
Parsed 25696/42120 rows
Parsed 25728/42120 rows
Parsed 25760/42120 rows
Parsed 25792/42120 rows
Parsed 25824/42120 rows
Parsed 25856/42120 rows
Parsed 25888/42120 rows
Parsed 25920/42120 rows
Parsed 25952/42120 rows
Parsed 25984/42120 rows
Parsed 26016/42120 rows
Parsed 26048/42120 rows
Parsed 26080/42120 rows
Parsed 26112/42120 rows
Parsed 26144/42120 rows
Parsed 26176/42120 rows
Parsed 26208/42120 rows
Parsed 26240/42120 rows
Parsed 26272/42120 rows
Parsed 26304/42120 rows
Parsed 26336/42120 rows
Parsed 26368/42120 rows
Parsed 26400/42120 rows
Parsed 26432/42120 rows
Parsed 26464/42120 rows
Parsed 26496/42120 rows
Parsed 26528/42120 rows
Parsed 26560/42120 rows
Parsed 26592/42120 rows
Parsed 26624/42120 rows
Parsed 26656/42120 rows
Parsed 26688/42120 rows
Parsed 26720/42120 rows
Parsed 26752/42120 rows
Parsed 26784/42120 rows
Parsed 26816/42120 rows
Parsed 26848/42120 rows
Parsed 26880/42120 rows
Parsed 26912/42120 rows
Parsed 26944/42120 rows
Parsed 26976/42120 rows
Parsed 27008/42120 rows
Parsed 27040/42120 rows
Parsed 27072/42120 rows
Parsed 27104/42120 rows
Parsed 27136/42120 rows
Parsed 27168/42120 rows
Parsed 27200/42120 rows
Parsed 27232/42120 rows
Parsed 27264/42120 rows
Parsed 27296/42120 rows
Parsed 27328/42120 rows
Parsed 27360/42120 rows
Parsed 27392/42120 rows
Parsed 27424/42120 rows
Parsed 27456/42120 rows
Parsed 27488/42120 rows
Parsed 27520/42120 rows
Parsed 27552/42120 rows
Parsed 27584/42120 rows
Parsed 27616/42120 rows
Parsed 27648/42120 rows
Parsed 27680/42120 rows
Parsed 27712/42120 rows
Parsed 27744/42120 rows
Parsed 27776/42120 rows
Parsed 27808/42120 rows
Parsed 27840/42120 rows
Parsed 27872/42120 rows
Parsed 27904/42120 rows
Parsed 27936/42120 rows
Parsed 27968/42120 rows
Parsed 28000/42120 rows
Parsed 28032/42120 rows
Parsed 28064/42120 rows
Parsed 28096/42120 rows
Parsed 28128/42120 rows
Parsed 28160/42120 rows
Parsed 28192/42120 rows
Parsed 28224/42120 rows
Parsed 28256/42120 rows
Parsed 28288/42120 rows
Parsed 28320/42120 rows
Parsed 28352/42120 rows
Parsed 28384/42120 rows
Parsed 28416/42120 rows
Parsed 28448/42120 rows
Parsed 28480/42120 rows
Parsed 28512/42120 rows
Parsed 28544/42120 rows
Parsed 28576/42120 rows
Parsed 28608/42120 rows
Parsed 28640/42120 rows
Parsed 28672/42120 rows
Parsed 28704/42120 rows
Parsed 28736/42120 rows
Parsed 28768/42120 rows
Parsed 28800/42120 rows
Parsed 28832/42120 rows
Parsed 28864/42120 rows
Parsed 28896/42120 rows
Parsed 28928/42120 rows
Parsed 28960/42120 rows
Parsed 28992/42120 rows
Parsed 29024/42120 rows
Parsed 29056/42120 rows
Parsed 29088/42120 rows
Parsed 29120/42120 rows
Parsed 29152/42120 rows
Parsed 29184/42120 rows
Parsed 29216/42120 rows
Parsed 29248/42120 rows
Parsed 29280/42120 rows
Parsed 29312/42120 rows
Parsed 29344/42120 rows
Parsed 29376/42120 rows
Parsed 29408/42120 rows
Parsed 29440/42120 rows
Parsed 29472/42120 rows
Parsed 29504/42120 rows
Parsed 29536/42120 rows
Parsed 29568/42120 rows
Parsed 29600/42120 rows
Parsed 29632/42120 rows
Parsed 29664/42120 rows
Parsed 29696/42120 rows
Parsed 29728/42120 rows
Parsed 29760/42120 rows
Parsed 29792/42120 rows
Parsed 29824/42120 rows
Parsed 29856/42120 rows
Parsed 29888/42120 rows
Parsed 29920/42120 rows
Parsed 29952/42120 rows
Parsed 29984/42120 rows
Parsed 30016/42120 rows
Parsed 30048/42120 rows
Parsed 30080/42120 rows
Parsed 30112/42120 rows
Parsed 30144/42120 rows
Parsed 30176/42120 rows
Parsed 30208/42120 rows
Parsed 30240/42120 rows
Parsed 30272/42120 rows
Parsed 30304/42120 rows
Parsed 30336/42120 rows
Parsed 30368/42120 rows
Parsed 30400/42120 rows
Parsed 30432/42120 rows
Parsed 30464/42120 rows
Parsed 30496/42120 rows
Parsed 30528/42120 rows
Parsed 30560/42120 rows
Parsed 30592/42120 rows
Parsed 30624/42120 rows
Parsed 30656/42120 rows
Parsed 30688/42120 rows
Parsed 30720/42120 rows
Parsed 30752/42120 rows
Parsed 30784/42120 rows
Parsed 30816/42120 rows
Parsed 30848/42120 rows
Parsed 30880/42120 rows
Parsed 30912/42120 rows
Parsed 30944/42120 rows
Parsed 30976/42120 rows
Parsed 31008/42120 rows
Parsed 31040/42120 rows
Parsed 31072/42120 rows
Parsed 31104/42120 rows
Parsed 31136/42120 rows
Parsed 31168/42120 rows
Parsed 31200/42120 rows
Parsed 31232/42120 rows
Parsed 31264/42120 rows
Parsed 31296/42120 rows
Parsed 31328/42120 rows
Parsed 31360/42120 rows
Parsed 31392/42120 rows
Parsed 31424/42120 rows
Parsed 31456/42120 rows
Parsed 31488/42120 rows
Parsed 31520/42120 rows
Parsed 31552/42120 rows
Parsed 31584/42120 rows
Parsed 31616/42120 rows
Parsed 31648/42120 rows
Parsed 31680/42120 rows
Parsed 31712/42120 rows
Parsed 31744/42120 rows
Parsed 31776/42120 rows
Parsed 31808/42120 rows
Parsed 31840/42120 rows
Parsed 31872/42120 rows
Parsed 31904/42120 rows
Parsed 31936/42120 rows
Parsed 31968/42120 rows
Parsed 32000/42120 rows
Parsed 32032/42120 rows
Parsed 32064/42120 rows
Parsed 32096/42120 rows
Parsed 32128/42120 rows
Parsed 32160/42120 rows
Parsed 32192/42120 rows
Parsed 32224/42120 rows
Parsed 32256/42120 rows
Parsed 32288/42120 rows
Parsed 32320/42120 rows
Parsed 32352/42120 rows
Parsed 32384/42120 rows
Parsed 32416/42120 rows
Parsed 32448/42120 rows
Parsed 32480/42120 rows
Parsed 32512/42120 rows
Parsed 32544/42120 rows
Parsed 32576/42120 rows
Parsed 32608/42120 rows
Parsed 32640/42120 rows
Parsed 32672/42120 rows
Parsed 32704/42120 rows
Parsed 32736/42120 rows
Parsed 32768/42120 rows
Parsed 32800/42120 rows
Parsed 32832/42120 rows
Parsed 32864/42120 rows
Parsed 32896/42120 rows
Parsed 32928/42120 rows
Parsed 32960/42120 rows
Parsed 32992/42120 rows
Parsed 33024/42120 rows
Parsed 33056/42120 rows
Parsed 33088/42120 rows
Parsed 33120/42120 rows
Parsed 33152/42120 rows
Parsed 33184/42120 rows
Parsed 33216/42120 rows
Parsed 33248/42120 rows
Parsed 33280/42120 rows
Parsed 33312/42120 rows
Parsed 33344/42120 rows
Parsed 33376/42120 rows
Parsed 33408/42120 rows
Parsed 33440/42120 rows
Parsed 33472/42120 rows
Parsed 33504/42120 rows
Parsed 33536/42120 rows
Parsed 33568/42120 rows
Parsed 33600/42120 rows
Parsed 33632/42120 rows
Parsed 33664/42120 rows
Parsed 33696/42120 rows
Parsed 33728/42120 rows
Parsed 33760/42120 rows
Parsed 33792/42120 rows
Parsed 33824/42120 rows
Parsed 33856/42120 rows
Parsed 33888/42120 rows
Parsed 33920/42120 rows
Parsed 33952/42120 rows
Parsed 33984/42120 rows
Parsed 34016/42120 rows
Parsed 34048/42120 rows
Parsed 34080/42120 rows
Parsed 34112/42120 rows
Parsed 34144/42120 rows
Parsed 34176/42120 rows
Parsed 34208/42120 rows
Parsed 34240/42120 rows
Parsed 34272/42120 rows
Parsed 34304/42120 rows
Parsed 34336/42120 rows
Parsed 34368/42120 rows
Parsed 34400/42120 rows
Parsed 34432/42120 rows
Parsed 34464/42120 rows
Parsed 34496/42120 rows
Parsed 34528/42120 rows
Parsed 34560/42120 rows
Parsed 34592/42120 rows
Parsed 34624/42120 rows
Parsed 34656/42120 rows
Parsed 34688/42120 rows
Parsed 34720/42120 rows
Parsed 34752/42120 rows
Parsed 34784/42120 rows
Parsed 34816/42120 rows
Parsed 34848/42120 rows
Parsed 34880/42120 rows
Parsed 34912/42120 rows
Parsed 34944/42120 rows
Parsed 34976/42120 rows
Parsed 35008/42120 rows
Parsed 35040/42120 rows
Parsed 35072/42120 rows
Parsed 35104/42120 rows
Parsed 35136/42120 rows
Parsed 35168/42120 rows
Parsed 35200/42120 rows
Parsed 35232/42120 rows
Parsed 35264/42120 rows
Parsed 35296/42120 rows
Parsed 35328/42120 rows
Parsed 35360/42120 rows
Parsed 35392/42120 rows
Parsed 35424/42120 rows
Parsed 35456/42120 rows
Parsed 35488/42120 rows
Parsed 35520/42120 rows
Parsed 35552/42120 rows
Parsed 35584/42120 rows
Parsed 35616/42120 rows
Parsed 35648/42120 rows
Parsed 35680/42120 rows
Parsed 35712/42120 rows
Parsed 35744/42120 rows
Parsed 35776/42120 rows
Parsed 35808/42120 rows
Parsed 35840/42120 rows
Parsed 35872/42120 rows
Parsed 35904/42120 rows
Parsed 35936/42120 rows
Parsed 35968/42120 rows
Parsed 36000/42120 rows
Parsed 36032/42120 rows
Parsed 36064/42120 rows
Parsed 36096/42120 rows
Parsed 36128/42120 rows
Parsed 36160/42120 rows
Parsed 36192/42120 rows
Parsed 36224/42120 rows
Parsed 36256/42120 rows
Parsed 36288/42120 rows
Parsed 36320/42120 rows
Parsed 36352/42120 rows
Parsed 36384/42120 rows
Parsed 36416/42120 rows
Parsed 36448/42120 rows
Parsed 36480/42120 rows
Parsed 36512/42120 rows
Parsed 36544/42120 rows
Parsed 36576/42120 rows
Parsed 36608/42120 rows
Parsed 36640/42120 rows
Parsed 36672/42120 rows
Parsed 36704/42120 rows
Parsed 36736/42120 rows
Parsed 36768/42120 rows
Parsed 36800/42120 rows
Parsed 36832/42120 rows
Parsed 36864/42120 rows
Parsed 36896/42120 rows
Parsed 36928/42120 rows
Parsed 36960/42120 rows
Parsed 36992/42120 rows
Parsed 37024/42120 rows
Parsed 37056/42120 rows
Parsed 37088/42120 rows
Parsed 37120/42120 rows
Parsed 37152/42120 rows
Parsed 37184/42120 rows
Parsed 37216/42120 rows
Parsed 37248/42120 rows
Parsed 37280/42120 rows
Parsed 37312/42120 rows
Parsed 37344/42120 rows
Parsed 37376/42120 rows
Parsed 37408/42120 rows
Parsed 37440/42120 rows
Parsed 37472/42120 rows
Parsed 37504/42120 rows
Parsed 37536/42120 rows
Parsed 37568/42120 rows
Parsed 37600/42120 rows
Parsed 37632/42120 rows
Parsed 37664/42120 rows
Parsed 37696/42120 rows
Parsed 37728/42120 rows
Parsed 37760/42120 rows
Parsed 37792/42120 rows
Parsed 37824/42120 rows
Parsed 37856/42120 rows
Parsed 37888/42120 rows
Parsed 37920/42120 rows
Parsed 37952/42120 rows
Parsed 37984/42120 rows
Parsed 38016/42120 rows
Parsed 38048/42120 rows
Parsed 38080/42120 rows
Parsed 38112/42120 rows
Parsed 38144/42120 rows
Parsed 38176/42120 rows
Parsed 38208/42120 rows
Parsed 38240/42120 rows
Parsed 38272/42120 rows
Parsed 38304/42120 rows
Parsed 38336/42120 rows
Parsed 38368/42120 rows
Parsed 38400/42120 rows
Parsed 38432/42120 rows
Parsed 38464/42120 rows
Parsed 38496/42120 rows
Parsed 38528/42120 rows
Parsed 38560/42120 rows
Parsed 38592/42120 rows
Parsed 38624/42120 rows
Parsed 38656/42120 rows
Parsed 38688/42120 rows
Parsed 38720/42120 rows
Parsed 38752/42120 rows
Parsed 38784/42120 rows
Parsed 38816/42120 rows
Parsed 38848/42120 rows
Parsed 38880/42120 rows
Parsed 38912/42120 rows
Parsed 38944/42120 rows
Parsed 38976/42120 rows
Parsed 39008/42120 rows
Parsed 39040/42120 rows
Parsed 39072/42120 rows
Parsed 39104/42120 rows
Parsed 39136/42120 rows
Parsed 39168/42120 rows
Parsed 39200/42120 rows
Parsed 39232/42120 rows
Parsed 39264/42120 rows
Parsed 39296/42120 rows
Parsed 39328/42120 rows
Parsed 39360/42120 rows
Parsed 39392/42120 rows
Parsed 39424/42120 rows
Parsed 39456/42120 rows
Parsed 39488/42120 rows
Parsed 39520/42120 rows
Parsed 39552/42120 rows
Parsed 39584/42120 rows
Parsed 39616/42120 rows
Parsed 39648/42120 rows
Parsed 39680/42120 rows
Parsed 39712/42120 rows
Parsed 39744/42120 rows
Parsed 39776/42120 rows
Parsed 39808/42120 rows
Parsed 39840/42120 rows
Parsed 39872/42120 rows
Parsed 39904/42120 rows
Parsed 39936/42120 rows
Parsed 39968/42120 rows
Parsed 40000/42120 rows
Parsed 40032/42120 rows
Parsed 40064/42120 rows
Parsed 40096/42120 rows
Parsed 40128/42120 rows
Parsed 40160/42120 rows
Parsed 40192/42120 rows
Parsed 40224/42120 rows
Parsed 40256/42120 rows
Parsed 40288/42120 rows
Parsed 40320/42120 rows
Parsed 40352/42120 rows
Parsed 40384/42120 rows
Parsed 40416/42120 rows
Parsed 40448/42120 rows
Parsed 40480/42120 rows
Parsed 40512/42120 rows
Parsed 40544/42120 rows
Parsed 40576/42120 rows
Parsed 40608/42120 rows
Parsed 40640/42120 rows
Parsed 40672/42120 rows
Parsed 40704/42120 rows
Parsed 40736/42120 rows
Parsed 40768/42120 rows
Parsed 40800/42120 rows
Parsed 40832/42120 rows
Parsed 40864/42120 rows
Parsed 40896/42120 rows
Parsed 40928/42120 rows
Parsed 40960/42120 rows
Parsed 40992/42120 rows
Parsed 41024/42120 rows
Parsed 41056/42120 rows
Parsed 41088/42120 rows
Parsed 41120/42120 rows
Parsed 41152/42120 rows
Parsed 41184/42120 rows
Parsed 41216/42120 rows
Parsed 41248/42120 rows
Parsed 41280/42120 rows
Parsed 41312/42120 rows
Parsed 41344/42120 rows
Parsed 41376/42120 rows
Parsed 41408/42120 rows
Parsed 41440/42120 rows
Parsed 41472/42120 rows
Parsed 41504/42120 rows
Parsed 41536/42120 rows
Parsed 41568/42120 rows
Parsed 41600/42120 rows
Parsed 41632/42120 rows
Parsed 41664/42120 rows
Parsed 41696/42120 rows
Parsed 41728/42120 rows
Parsed 41760/42120 rows
Parsed 41792/42120 rows
Parsed 41824/42120 rows
Parsed 41856/42120 rows
Parsed 41888/42120 rows
Parsed 41920/42120 rows
Parsed 41952/42120 rows
Parsed 41984/42120 rows
Parsed 42016/42120 rows
Parsed 42048/42120 rows
Parsed 42080/42120 rows
Parsed 42112/42120 rows
Parsed 42120/42120 rows
Saved parsed results to: /projects/simlai1/Viberank/data/VibeRank/raw/hmls/VISPDAT/rc_responses/AIES_vispdat_QWEN_NewFixedLoggerRun1SeedFixed_parsed.csv

IN : /projects/simlai1/Viberank/data/VibeRank/raw/hmls/VISPDAT/rc_responses/AIES_vispdat_DS8_NewFixedLoggerRun1SeedFixed.jsonl
OUT: /projects/simlai1/Viberank/data/VibeRank/raw/hmls/VISPDAT/rc_responses/AIES_vispdat_DS8_NewFixedLoggerRun1SeedFixed_parsed.csv

Parsing
/projects/simlai1/Viberank/data/VibeRank/raw/hmls/VISPDAT/rc_responses/AIES_vispdat_DS8_NewFixedLoggerRun1SeedFixed.jsonl
Loaded 42120 response rows
Parsed 32/42120 rows
Parsed 64/42120 rows
Parsed 96/42120 rows
Parsed 128/42120 rows
Parsed 160/42120 rows
Parsed 192/42120 rows
Parsed 224/42120 rows
Parsed 256/42120 rows
Parsed 288/42120 rows
Parsed 320/42120 rows
Parsed 352/42120 rows
Parsed 384/42120 rows
Parsed 416/42120 rows
Parsed 448/42120 rows
Parsed 480/42120 rows
Parsed 512/42120 rows
Parsed 544/42120 rows
Parsed 576/42120 rows
Parsed 608/42120 rows
Parsed 640/42120 rows
Parsed 672/42120 rows
Parsed 704/42120 rows
Parsed 736/42120 rows
Parsed 768/42120 rows
Parsed 800/42120 rows
Parsed 832/42120 rows
Parsed 864/42120 rows
Parsed 896/42120 rows
Parsed 928/42120 rows
Parsed 960/42120 rows
Parsed 992/42120 rows
Parsed 1024/42120 rows
Parsed 1056/42120 rows
Parsed 1088/42120 rows
Parsed 1120/42120 rows
Parsed 1152/42120 rows
Parsed 1184/42120 rows
Parsed 1216/42120 rows
Parsed 1248/42120 rows
Parsed 1280/42120 rows
Parsed 1312/42120 rows
Parsed 1344/42120 rows
Parsed 1376/42120 rows
Parsed 1408/42120 rows
Parsed 1440/42120 rows
Parsed 1472/42120 rows
Parsed 1504/42120 rows
Parsed 1536/42120 rows
Parsed 1568/42120 rows
Parsed 1600/42120 rows
Parsed 1632/42120 rows
Parsed 1664/42120 rows
Parsed 1696/42120 rows
Parsed 1728/42120 rows
Parsed 1760/42120 rows
Parsed 1792/42120 rows
Parsed 1824/42120 rows
Parsed 1856/42120 rows
Parsed 1888/42120 rows
Parsed 1920/42120 rows
Parsed 1952/42120 rows
Parsed 1984/42120 rows
Parsed 2016/42120 rows
Parsed 2048/42120 rows
Parsed 2080/42120 rows
Parsed 2112/42120 rows
Parsed 2144/42120 rows
Parsed 2176/42120 rows
Parsed 2208/42120 rows
Parsed 2240/42120 rows
Parsed 2272/42120 rows
Parsed 2304/42120 rows
Parsed 2336/42120 rows
Parsed 2368/42120 rows
Parsed 2400/42120 rows
Parsed 2432/42120 rows
Parsed 2464/42120 rows
Parsed 2496/42120 rows
Parsed 2528/42120 rows
Parsed 2560/42120 rows
Parsed 2592/42120 rows
Parsed 2624/42120 rows
Parsed 2656/42120 rows
Parsed 2688/42120 rows
Parsed 2720/42120 rows
Parsed 2752/42120 rows
Parsed 2784/42120 rows
Parsed 2816/42120 rows
Parsed 2848/42120 rows
Parsed 2880/42120 rows
Parsed 2912/42120 rows
Parsed 2944/42120 rows
Parsed 2976/42120 rows
Parsed 3008/42120 rows
Parsed 3040/42120 rows
Parsed 3072/42120 rows
Parsed 3104/42120 rows
Parsed 3136/42120 rows
Parsed 3168/42120 rows
Parsed 3200/42120 rows
Parsed 3232/42120 rows
Parsed 3264/42120 rows
Parsed 3296/42120 rows
Parsed 3328/42120 rows
Parsed 3360/42120 rows
Parsed 3392/42120 rows
Parsed 3424/42120 rows
Parsed 3456/42120 rows
Parsed 3488/42120 rows
Parsed 3520/42120 rows
Parsed 3552/42120 rows
Parsed 3584/42120 rows
Parsed 3616/42120 rows
Parsed 3648/42120 rows
Parsed 3680/42120 rows
Parsed 3712/42120 rows
Parsed 3744/42120 rows
Parsed 3776/42120 rows
Parsed 3808/42120 rows
Parsed 3840/42120 rows
Parsed 3872/42120 rows
Parsed 3904/42120 rows
Parsed 3936/42120 rows
Parsed 3968/42120 rows
Parsed 4000/42120 rows
Parsed 4032/42120 rows
Parsed 4064/42120 rows
Parsed 4096/42120 rows
Parsed 4128/42120 rows
Parsed 4160/42120 rows
Parsed 4192/42120 rows
Parsed 4224/42120 rows
Parsed 4256/42120 rows
Parsed 4288/42120 rows
Parsed 4320/42120 rows
Parsed 4352/42120 rows
Parsed 4384/42120 rows
Parsed 4416/42120 rows
Parsed 4448/42120 rows
Parsed 4480/42120 rows
Parsed 4512/42120 rows
Parsed 4544/42120 rows
Parsed 4576/42120 rows
Parsed 4608/42120 rows
Parsed 4640/42120 rows
Parsed 4672/42120 rows
Parsed 4704/42120 rows
Parsed 4736/42120 rows
Parsed 4768/42120 rows
Parsed 4800/42120 rows
Parsed 4832/42120 rows
Parsed 4864/42120 rows
Parsed 4896/42120 rows
Parsed 4928/42120 rows
Parsed 4960/42120 rows
Parsed 4992/42120 rows
Parsed 5024/42120 rows
Parsed 5056/42120 rows
Parsed 5088/42120 rows
Parsed 5120/42120 rows
Parsed 5152/42120 rows
Parsed 5184/42120 rows
Parsed 5216/42120 rows
Parsed 5248/42120 rows
Parsed 5280/42120 rows
Parsed 5312/42120 rows
Parsed 5344/42120 rows
Parsed 5376/42120 rows
Parsed 5408/42120 rows
Parsed 5440/42120 rows
Parsed 5472/42120 rows
Parsed 5504/42120 rows
Parsed 5536/42120 rows
Parsed 5568/42120 rows
Parsed 5600/42120 rows
Parsed 5632/42120 rows
Parsed 5664/42120 rows
Parsed 5696/42120 rows
Parsed 5728/42120 rows
Parsed 5760/42120 rows
Parsed 5792/42120 rows
Parsed 5824/42120 rows
Parsed 5856/42120 rows
Parsed 5888/42120 rows
Parsed 5920/42120 rows
Parsed 5952/42120 rows
Parsed 5984/42120 rows
Parsed 6016/42120 rows
Parsed 6048/42120 rows
Parsed 6080/42120 rows
Parsed 6112/42120 rows
Parsed 6144/42120 rows
Parsed 6176/42120 rows
Parsed 6208/42120 rows
Parsed 6240/42120 rows
Parsed 6272/42120 rows
Parsed 6304/42120 rows
Parsed 6336/42120 rows
Parsed 6368/42120 rows
Parsed 6400/42120 rows
Parsed 6432/42120 rows
Parsed 6464/42120 rows
Parsed 6496/42120 rows
Parsed 6528/42120 rows
Parsed 6560/42120 rows
Parsed 6592/42120 rows
Parsed 6624/42120 rows
Parsed 6656/42120 rows
Parsed 6688/42120 rows
Parsed 6720/42120 rows
Parsed 6752/42120 rows
Parsed 6784/42120 rows
Parsed 6816/42120 rows
Parsed 6848/42120 rows
Parsed 6880/42120 rows
Parsed 6912/42120 rows
Parsed 6944/42120 rows
Parsed 6976/42120 rows
Parsed 7008/42120 rows
Parsed 7040/42120 rows
Parsed 7072/42120 rows
Parsed 7104/42120 rows
Parsed 7136/42120 rows
Parsed 7168/42120 rows
Parsed 7200/42120 rows
Parsed 7232/42120 rows
Parsed 7264/42120 rows
Parsed 7296/42120 rows
Parsed 7328/42120 rows
Parsed 7360/42120 rows
Parsed 7392/42120 rows
Parsed 7424/42120 rows
Parsed 7456/42120 rows
Parsed 7488/42120 rows
Parsed 7520/42120 rows
Parsed 7552/42120 rows
Parsed 7584/42120 rows
Parsed 7616/42120 rows
Parsed 7648/42120 rows
Parsed 7680/42120 rows
Parsed 7712/42120 rows
Parsed 7744/42120 rows
Parsed 7776/42120 rows
Parsed 7808/42120 rows
Parsed 7840/42120 rows
Parsed 7872/42120 rows
Parsed 7904/42120 rows
Parsed 7936/42120 rows
Parsed 7968/42120 rows
Parsed 8000/42120 rows
Parsed 8032/42120 rows
Parsed 8064/42120 rows
Parsed 8096/42120 rows
Parsed 8128/42120 rows
Parsed 8160/42120 rows
Parsed 8192/42120 rows
Parsed 8224/42120 rows
Parsed 8256/42120 rows
Parsed 8288/42120 rows
Parsed 8320/42120 rows
Parsed 8352/42120 rows
Parsed 8384/42120 rows
Parsed 8416/42120 rows
Parsed 8448/42120 rows
Parsed 8480/42120 rows
Parsed 8512/42120 rows
Parsed 8544/42120 rows
Parsed 8576/42120 rows
Parsed 8608/42120 rows
Parsed 8640/42120 rows
Parsed 8672/42120 rows
Parsed 8704/42120 rows
Parsed 8736/42120 rows
Parsed 8768/42120 rows
Parsed 8800/42120 rows
Parsed 8832/42120 rows
Parsed 8864/42120 rows
Parsed 8896/42120 rows
Parsed 8928/42120 rows
Parsed 8960/42120 rows
Parsed 8992/42120 rows
Parsed 9024/42120 rows
Parsed 9056/42120 rows
Parsed 9088/42120 rows
Parsed 9120/42120 rows
Parsed 9152/42120 rows
Parsed 9184/42120 rows
Parsed 9216/42120 rows
Parsed 9248/42120 rows
Parsed 9280/42120 rows
Parsed 9312/42120 rows
Parsed 9344/42120 rows
Parsed 9376/42120 rows
Parsed 9408/42120 rows
Parsed 9440/42120 rows
Parsed 9472/42120 rows
Parsed 9504/42120 rows
Parsed 9536/42120 rows
Parsed 9568/42120 rows
Parsed 9600/42120 rows
Parsed 9632/42120 rows
Parsed 9664/42120 rows
Parsed 9696/42120 rows
Parsed 9728/42120 rows
Parsed 9760/42120 rows
Parsed 9792/42120 rows
Parsed 9824/42120 rows
Parsed 9856/42120 rows
Parsed 9888/42120 rows
Parsed 9920/42120 rows
Parsed 9952/42120 rows
Parsed 9984/42120 rows
Parsed 10016/42120 rows
Parsed 10048/42120 rows
Parsed 10080/42120 rows
Parsed 10112/42120 rows
Parsed 10144/42120 rows
Parsed 10176/42120 rows
Parsed 10208/42120 rows
Parsed 10240/42120 rows
Parsed 10272/42120 rows
Parsed 10304/42120 rows
Parsed 10336/42120 rows
Parsed 10368/42120 rows
Parsed 10400/42120 rows
Parsed 10432/42120 rows
Parsed 10464/42120 rows
Parsed 10496/42120 rows
Parsed 10528/42120 rows
Parsed 10560/42120 rows
Parsed 10592/42120 rows
Parsed 10624/42120 rows
Parsed 10656/42120 rows
Parsed 10688/42120 rows
Parsed 10720/42120 rows
Parsed 10752/42120 rows
Parsed 10784/42120 rows
Parsed 10816/42120 rows
Parsed 10848/42120 rows
Parsed 10880/42120 rows
Parsed 10912/42120 rows
Parsed 10944/42120 rows
Parsed 10976/42120 rows
Parsed 11008/42120 rows
Parsed 11040/42120 rows
Parsed 11072/42120 rows
Parsed 11104/42120 rows
Parsed 11136/42120 rows
Parsed 11168/42120 rows
Parsed 11200/42120 rows
Parsed 11232/42120 rows
Parsed 11264/42120 rows
Parsed 11296/42120 rows
Parsed 11328/42120 rows
Parsed 11360/42120 rows
Parsed 11392/42120 rows
Parsed 11424/42120 rows
Parsed 11456/42120 rows
Parsed 11488/42120 rows
Parsed 11520/42120 rows
Parsed 11552/42120 rows
Parsed 11584/42120 rows
Parsed 11616/42120 rows
Parsed 11648/42120 rows
Parsed 11680/42120 rows
Parsed 11712/42120 rows
Parsed 11744/42120 rows
Parsed 11776/42120 rows
Parsed 11808/42120 rows
Parsed 11840/42120 rows
Parsed 11872/42120 rows
Parsed 11904/42120 rows
Parsed 11936/42120 rows
Parsed 11968/42120 rows
Parsed 12000/42120 rows
Parsed 12032/42120 rows
Parsed 12064/42120 rows
Parsed 12096/42120 rows
Parsed 12128/42120 rows
Parsed 12160/42120 rows
Parsed 12192/42120 rows
Parsed 12224/42120 rows
Parsed 12256/42120 rows
Parsed 12288/42120 rows
Parsed 12320/42120 rows
Parsed 12352/42120 rows
Parsed 12384/42120 rows
Parsed 12416/42120 rows
Parsed 12448/42120 rows
Parsed 12480/42120 rows
Parsed 12512/42120 rows
Parsed 12544/42120 rows
Parsed 12576/42120 rows
Parsed 12608/42120 rows
Parsed 12640/42120 rows
Parsed 12672/42120 rows
Parsed 12704/42120 rows
Parsed 12736/42120 rows
Parsed 12768/42120 rows
Parsed 12800/42120 rows
Parsed 12832/42120 rows
Parsed 12864/42120 rows
Parsed 12896/42120 rows
Parsed 12928/42120 rows
Parsed 12960/42120 rows
Parsed 12992/42120 rows
Parsed 13024/42120 rows
Parsed 13056/42120 rows
Parsed 13088/42120 rows
Parsed 13120/42120 rows
Parsed 13152/42120 rows
Parsed 13184/42120 rows
Parsed 13216/42120 rows
Parsed 13248/42120 rows
Parsed 13280/42120 rows
Parsed 13312/42120 rows
Parsed 13344/42120 rows
Parsed 13376/42120 rows
Parsed 13408/42120 rows
Parsed 13440/42120 rows
Parsed 13472/42120 rows
Parsed 13504/42120 rows
Parsed 13536/42120 rows
Parsed 13568/42120 rows
Parsed 13600/42120 rows
Parsed 13632/42120 rows
Parsed 13664/42120 rows
Parsed 13696/42120 rows
Parsed 13728/42120 rows
Parsed 13760/42120 rows
Parsed 13792/42120 rows
Parsed 13824/42120 rows
Parsed 13856/42120 rows
Parsed 13888/42120 rows
Parsed 13920/42120 rows
Parsed 13952/42120 rows
Parsed 13984/42120 rows
Parsed 14016/42120 rows
Parsed 14048/42120 rows
Parsed 14080/42120 rows
Parsed 14112/42120 rows
Parsed 14144/42120 rows
Parsed 14176/42120 rows
Parsed 14208/42120 rows
Parsed 14240/42120 rows
Parsed 14272/42120 rows
Parsed 14304/42120 rows
Parsed 14336/42120 rows
Parsed 14368/42120 rows
Parsed 14400/42120 rows
Parsed 14432/42120 rows
Parsed 14464/42120 rows
Parsed 14496/42120 rows
Parsed 14528/42120 rows
Parsed 14560/42120 rows
Parsed 14592/42120 rows
Parsed 14624/42120 rows
Parsed 14656/42120 rows
Parsed 14688/42120 rows
Parsed 14720/42120 rows
Parsed 14752/42120 rows
Parsed 14784/42120 rows
Parsed 14816/42120 rows
Parsed 14848/42120 rows
Parsed 14880/42120 rows
Parsed 14912/42120 rows
Parsed 14944/42120 rows
Parsed 14976/42120 rows
Parsed 15008/42120 rows
Parsed 15040/42120 rows
Parsed 15072/42120 rows
Parsed 15104/42120 rows
Parsed 15136/42120 rows
Parsed 15168/42120 rows
Parsed 15200/42120 rows
Parsed 15232/42120 rows
Parsed 15264/42120 rows
Parsed 15296/42120 rows
Parsed 15328/42120 rows
Parsed 15360/42120 rows
Parsed 15392/42120 rows
Parsed 15424/42120 rows
Parsed 15456/42120 rows
Parsed 15488/42120 rows
Parsed 15520/42120 rows
Parsed 15552/42120 rows
Parsed 15584/42120 rows
Parsed 15616/42120 rows
Parsed 15648/42120 rows
Parsed 15680/42120 rows
Parsed 15712/42120 rows
Parsed 15744/42120 rows
Parsed 15776/42120 rows
Parsed 15808/42120 rows
Parsed 15840/42120 rows
Parsed 15872/42120 rows
Parsed 15904/42120 rows
Parsed 15936/42120 rows
Parsed 15968/42120 rows
Parsed 16000/42120 rows
Parsed 16032/42120 rows
Parsed 16064/42120 rows
Parsed 16096/42120 rows
Parsed 16128/42120 rows
Parsed 16160/42120 rows
Parsed 16192/42120 rows
Parsed 16224/42120 rows
Parsed 16256/42120 rows
Parsed 16288/42120 rows
Parsed 16320/42120 rows
Parsed 16352/42120 rows
Parsed 16384/42120 rows
Parsed 16416/42120 rows
Parsed 16448/42120 rows
Parsed 16480/42120 rows
Parsed 16512/42120 rows
Parsed 16544/42120 rows
Parsed 16576/42120 rows
Parsed 16608/42120 rows
Parsed 16640/42120 rows
Parsed 16672/42120 rows
Parsed 16704/42120 rows
Parsed 16736/42120 rows
Parsed 16768/42120 rows
Parsed 16800/42120 rows
Parsed 16832/42120 rows
Parsed 16864/42120 rows
Parsed 16896/42120 rows
Parsed 16928/42120 rows
Parsed 16960/42120 rows
Parsed 16992/42120 rows
Parsed 17024/42120 rows
Parsed 17056/42120 rows
Parsed 17088/42120 rows
Parsed 17120/42120 rows
Parsed 17152/42120 rows
Parsed 17184/42120 rows
Parsed 17216/42120 rows
Parsed 17248/42120 rows
Parsed 17280/42120 rows
Parsed 17312/42120 rows
Parsed 17344/42120 rows
Parsed 17376/42120 rows
Parsed 17408/42120 rows
Parsed 17440/42120 rows
Parsed 17472/42120 rows
Parsed 17504/42120 rows
Parsed 17536/42120 rows
Parsed 17568/42120 rows
Parsed 17600/42120 rows
Parsed 17632/42120 rows
Parsed 17664/42120 rows
Parsed 17696/42120 rows
Parsed 17728/42120 rows
Parsed 17760/42120 rows
Parsed 17792/42120 rows
Parsed 17824/42120 rows
Parsed 17856/42120 rows
Parsed 17888/42120 rows
Parsed 17920/42120 rows
Parsed 17952/42120 rows
Parsed 17984/42120 rows
Parsed 18016/42120 rows
Parsed 18048/42120 rows
Parsed 18080/42120 rows
Parsed 18112/42120 rows
Parsed 18144/42120 rows
Parsed 18176/42120 rows
Parsed 18208/42120 rows
Parsed 18240/42120 rows
Parsed 18272/42120 rows
Parsed 18304/42120 rows
Parsed 18336/42120 rows
Parsed 18368/42120 rows
Parsed 18400/42120 rows
Parsed 18432/42120 rows
Parsed 18464/42120 rows
Parsed 18496/42120 rows
Parsed 18528/42120 rows
Parsed 18560/42120 rows
Parsed 18592/42120 rows
Parsed 18624/42120 rows
Parsed 18656/42120 rows
Parsed 18688/42120 rows
Parsed 18720/42120 rows
Parsed 18752/42120 rows
Parsed 18784/42120 rows
Parsed 18816/42120 rows
Parsed 18848/42120 rows
Parsed 18880/42120 rows
Parsed 18912/42120 rows
Parsed 18944/42120 rows
Parsed 18976/42120 rows
Parsed 19008/42120 rows
Parsed 19040/42120 rows
Parsed 19072/42120 rows
Parsed 19104/42120 rows
Parsed 19136/42120 rows
Parsed 19168/42120 rows
Parsed 19200/42120 rows
Parsed 19232/42120 rows
Parsed 19264/42120 rows
Parsed 19296/42120 rows
Parsed 19328/42120 rows
Parsed 19360/42120 rows
Parsed 19392/42120 rows
Parsed 19424/42120 rows
Parsed 19456/42120 rows
Parsed 19488/42120 rows
Parsed 19520/42120 rows
Parsed 19552/42120 rows
Parsed 19584/42120 rows
Parsed 19616/42120 rows
Parsed 19648/42120 rows
Parsed 19680/42120 rows
Parsed 19712/42120 rows
Parsed 19744/42120 rows
Parsed 19776/42120 rows
Parsed 19808/42120 rows
Parsed 19840/42120 rows
Parsed 19872/42120 rows
Parsed 19904/42120 rows
Parsed 19936/42120 rows
Parsed 19968/42120 rows
Parsed 20000/42120 rows
Parsed 20032/42120 rows
Parsed 20064/42120 rows
Parsed 20096/42120 rows
Parsed 20128/42120 rows
Parsed 20160/42120 rows
Parsed 20192/42120 rows
Parsed 20224/42120 rows
Parsed 20256/42120 rows
Parsed 20288/42120 rows
Parsed 20320/42120 rows
Parsed 20352/42120 rows
Parsed 20384/42120 rows
Parsed 20416/42120 rows
Parsed 20448/42120 rows
Parsed 20480/42120 rows
Parsed 20512/42120 rows
Parsed 20544/42120 rows
Parsed 20576/42120 rows
Parsed 20608/42120 rows
Parsed 20640/42120 rows
Parsed 20672/42120 rows
Parsed 20704/42120 rows
Parsed 20736/42120 rows
Parsed 20768/42120 rows
Parsed 20800/42120 rows
Parsed 20832/42120 rows
Parsed 20864/42120 rows
Parsed 20896/42120 rows
Parsed 20928/42120 rows
Parsed 20960/42120 rows
Parsed 20992/42120 rows
Parsed 21024/42120 rows
Parsed 21056/42120 rows
Parsed 21088/42120 rows
Parsed 21120/42120 rows
Parsed 21152/42120 rows
Parsed 21184/42120 rows
Parsed 21216/42120 rows
Parsed 21248/42120 rows
Parsed 21280/42120 rows
Parsed 21312/42120 rows
Parsed 21344/42120 rows
Parsed 21376/42120 rows
Parsed 21408/42120 rows
Parsed 21440/42120 rows
Parsed 21472/42120 rows
Parsed 21504/42120 rows
Parsed 21536/42120 rows
Parsed 21568/42120 rows
Parsed 21600/42120 rows
Parsed 21632/42120 rows
Parsed 21664/42120 rows
Parsed 21696/42120 rows
Parsed 21728/42120 rows
Parsed 21760/42120 rows
Parsed 21792/42120 rows
Parsed 21824/42120 rows
Parsed 21856/42120 rows
Parsed 21888/42120 rows
Parsed 21920/42120 rows
Parsed 21952/42120 rows
Parsed 21984/42120 rows
Parsed 22016/42120 rows
Parsed 22048/42120 rows
Parsed 22080/42120 rows
Parsed 22112/42120 rows
Parsed 22144/42120 rows
Parsed 22176/42120 rows
Parsed 22208/42120 rows
Parsed 22240/42120 rows
Parsed 22272/42120 rows
Parsed 22304/42120 rows
Parsed 22336/42120 rows
Parsed 22368/42120 rows
Parsed 22400/42120 rows
Parsed 22432/42120 rows
Parsed 22464/42120 rows
Parsed 22496/42120 rows
Parsed 22528/42120 rows
Parsed 22560/42120 rows
Parsed 22592/42120 rows
Parsed 22624/42120 rows
Parsed 22656/42120 rows
Parsed 22688/42120 rows
Parsed 22720/42120 rows
Parsed 22752/42120 rows
Parsed 22784/42120 rows
Parsed 22816/42120 rows
Parsed 22848/42120 rows
Parsed 22880/42120 rows
Parsed 22912/42120 rows
Parsed 22944/42120 rows
Parsed 22976/42120 rows
Parsed 23008/42120 rows
Parsed 23040/42120 rows
Parsed 23072/42120 rows
Parsed 23104/42120 rows
Parsed 23136/42120 rows
Parsed 23168/42120 rows
Parsed 23200/42120 rows
Parsed 23232/42120 rows
Parsed 23264/42120 rows
Parsed 23296/42120 rows
Parsed 23328/42120 rows
Parsed 23360/42120 rows
Parsed 23392/42120 rows
Parsed 23424/42120 rows
Parsed 23456/42120 rows
Parsed 23488/42120 rows
Parsed 23520/42120 rows
Parsed 23552/42120 rows
Parsed 23584/42120 rows
Parsed 23616/42120 rows
Parsed 23648/42120 rows
Parsed 23680/42120 rows
Parsed 23712/42120 rows
Parsed 23744/42120 rows
Parsed 23776/42120 rows
Parsed 23808/42120 rows
Parsed 23840/42120 rows
Parsed 23872/42120 rows
Parsed 23904/42120 rows
Parsed 23936/42120 rows
Parsed 23968/42120 rows
Parsed 24000/42120 rows
Parsed 24032/42120 rows
Parsed 24064/42120 rows
Parsed 24096/42120 rows
Parsed 24128/42120 rows
Parsed 24160/42120 rows
Parsed 24192/42120 rows
Parsed 24224/42120 rows
Parsed 24256/42120 rows
Parsed 24288/42120 rows
Parsed 24320/42120 rows
Parsed 24352/42120 rows
Parsed 24384/42120 rows
Parsed 24416/42120 rows
Parsed 24448/42120 rows
Parsed 24480/42120 rows
Parsed 24512/42120 rows
Parsed 24544/42120 rows
Parsed 24576/42120 rows
Parsed 24608/42120 rows
Parsed 24640/42120 rows
Parsed 24672/42120 rows
Parsed 24704/42120 rows
Parsed 24736/42120 rows
Parsed 24768/42120 rows
Parsed 24800/42120 rows
Parsed 24832/42120 rows
Parsed 24864/42120 rows
Parsed 24896/42120 rows
Parsed 24928/42120 rows
Parsed 24960/42120 rows
Parsed 24992/42120 rows
Parsed 25024/42120 rows
Parsed 25056/42120 rows
Parsed 25088/42120 rows
Parsed 25120/42120 rows
Parsed 25152/42120 rows
Parsed 25184/42120 rows
Parsed 25216/42120 rows
Parsed 25248/42120 rows
Parsed 25280/42120 rows
Parsed 25312/42120 rows
Parsed 25344/42120 rows
Parsed 25376/42120 rows
Parsed 25408/42120 rows
Parsed 25440/42120 rows
Parsed 25472/42120 rows
Parsed 25504/42120 rows
Parsed 25536/42120 rows
Parsed 25568/42120 rows
Parsed 25600/42120 rows
Parsed 25632/42120 rows
Parsed 25664/42120 rows
Parsed 25696/42120 rows
Parsed 25728/42120 rows
Parsed 25760/42120 rows
Parsed 25792/42120 rows
Parsed 25824/42120 rows
Parsed 25856/42120 rows
Parsed 25888/42120 rows
Parsed 25920/42120 rows
Parsed 25952/42120 rows
Parsed 25984/42120 rows
Parsed 26016/42120 rows
Parsed 26048/42120 rows
Parsed 26080/42120 rows
Parsed 26112/42120 rows
Parsed 26144/42120 rows
Parsed 26176/42120 rows
Parsed 26208/42120 rows
Parsed 26240/42120 rows
Parsed 26272/42120 rows
Parsed 26304/42120 rows
Parsed 26336/42120 rows
Parsed 26368/42120 rows
Parsed 26400/42120 rows
Parsed 26432/42120 rows
Parsed 26464/42120 rows
Parsed 26496/42120 rows
Parsed 26528/42120 rows
Parsed 26560/42120 rows
Parsed 26592/42120 rows
Parsed 26624/42120 rows
Parsed 26656/42120 rows
Parsed 26688/42120 rows
Parsed 26720/42120 rows
Parsed 26752/42120 rows
Parsed 26784/42120 rows
Parsed 26816/42120 rows
Parsed 26848/42120 rows
Parsed 26880/42120 rows
Parsed 26912/42120 rows
Parsed 26944/42120 rows
Parsed 26976/42120 rows
Parsed 27008/42120 rows
Parsed 27040/42120 rows
Parsed 27072/42120 rows
Parsed 27104/42120 rows
Parsed 27136/42120 rows
Parsed 27168/42120 rows
Parsed 27200/42120 rows
Parsed 27232/42120 rows
Parsed 27264/42120 rows
Parsed 27296/42120 rows
Parsed 27328/42120 rows
Parsed 27360/42120 rows
Parsed 27392/42120 rows
Parsed 27424/42120 rows
Parsed 27456/42120 rows
Parsed 27488/42120 rows
Parsed 27520/42120 rows
Parsed 27552/42120 rows
Parsed 27584/42120 rows
Parsed 27616/42120 rows
Parsed 27648/42120 rows
Parsed 27680/42120 rows
Parsed 27712/42120 rows
Parsed 27744/42120 rows
Parsed 27776/42120 rows
Parsed 27808/42120 rows
Parsed 27840/42120 rows
Parsed 27872/42120 rows
Parsed 27904/42120 rows
Parsed 27936/42120 rows
Parsed 27968/42120 rows
Parsed 28000/42120 rows
Parsed 28032/42120 rows
Parsed 28064/42120 rows
Parsed 28096/42120 rows
Parsed 28128/42120 rows
Parsed 28160/42120 rows
Parsed 28192/42120 rows
Parsed 28224/42120 rows
Parsed 28256/42120 rows
Parsed 28288/42120 rows
Parsed 28320/42120 rows
Parsed 28352/42120 rows
Parsed 28384/42120 rows
Parsed 28416/42120 rows
Parsed 28448/42120 rows
Parsed 28480/42120 rows
Parsed 28512/42120 rows
Parsed 28544/42120 rows
Parsed 28576/42120 rows
Parsed 28608/42120 rows
Parsed 28640/42120 rows
Parsed 28672/42120 rows
Parsed 28704/42120 rows
Parsed 28736/42120 rows
Parsed 28768/42120 rows
Parsed 28800/42120 rows
Parsed 28832/42120 rows
Parsed 28864/42120 rows
Parsed 28896/42120 rows
Parsed 28928/42120 rows
Parsed 28960/42120 rows
Parsed 28992/42120 rows
Parsed 29024/42120 rows
Parsed 29056/42120 rows
Parsed 29088/42120 rows
Parsed 29120/42120 rows
Parsed 29152/42120 rows
Parsed 29184/42120 rows
Parsed 29216/42120 rows
Parsed 29248/42120 rows
Parsed 29280/42120 rows
Parsed 29312/42120 rows
Parsed 29344/42120 rows
Parsed 29376/42120 rows
Parsed 29408/42120 rows
Parsed 29440/42120 rows
Parsed 29472/42120 rows
Parsed 29504/42120 rows
Parsed 29536/42120 rows
Parsed 29568/42120 rows
Parsed 29600/42120 rows
Parsed 29632/42120 rows
Parsed 29664/42120 rows
Parsed 29696/42120 rows
Parsed 29728/42120 rows
Parsed 29760/42120 rows
Parsed 29792/42120 rows
Parsed 29824/42120 rows
Parsed 29856/42120 rows
Parsed 29888/42120 rows
Parsed 29920/42120 rows
Parsed 29952/42120 rows
Parsed 29984/42120 rows
Parsed 30016/42120 rows
Parsed 30048/42120 rows
Parsed 30080/42120 rows
Parsed 30112/42120 rows
Parsed 30144/42120 rows
Parsed 30176/42120 rows
Parsed 30208/42120 rows
Parsed 30240/42120 rows
Parsed 30272/42120 rows
Parsed 30304/42120 rows
Parsed 30336/42120 rows
Parsed 30368/42120 rows
Parsed 30400/42120 rows
Parsed 30432/42120 rows
Parsed 30464/42120 rows
Parsed 30496/42120 rows
Parsed 30528/42120 rows
Parsed 30560/42120 rows
Parsed 30592/42120 rows
Parsed 30624/42120 rows
Parsed 30656/42120 rows
Parsed 30688/42120 rows
Parsed 30720/42120 rows
Parsed 30752/42120 rows
Parsed 30784/42120 rows
Parsed 30816/42120 rows
Parsed 30848/42120 rows
Parsed 30880/42120 rows
Parsed 30912/42120 rows
Parsed 30944/42120 rows
Parsed 30976/42120 rows
Parsed 31008/42120 rows
Parsed 31040/42120 rows
Parsed 31072/42120 rows
Parsed 31104/42120 rows
Parsed 31136/42120 rows
Parsed 31168/42120 rows
Parsed 31200/42120 rows
Parsed 31232/42120 rows
Parsed 31264/42120 rows
Parsed 31296/42120 rows
Parsed 31328/42120 rows
Parsed 31360/42120 rows
Parsed 31392/42120 rows
Parsed 31424/42120 rows
Parsed 31456/42120 rows
Parsed 31488/42120 rows
Parsed 31520/42120 rows
Parsed 31552/42120 rows
Parsed 31584/42120 rows
Parsed 31616/42120 rows
Parsed 31648/42120 rows
Parsed 31680/42120 rows
Parsed 31712/42120 rows
Parsed 31744/42120 rows
Parsed 31776/42120 rows
Parsed 31808/42120 rows
Parsed 31840/42120 rows
Parsed 31872/42120 rows
Parsed 31904/42120 rows
Parsed 31936/42120 rows
Parsed 31968/42120 rows
Parsed 32000/42120 rows
Parsed 32032/42120 rows
Parsed 32064/42120 rows
Parsed 32096/42120 rows
Parsed 32128/42120 rows
Parsed 32160/42120 rows
Parsed 32192/42120 rows
Parsed 32224/42120 rows
Parsed 32256/42120 rows
Parsed 32288/42120 rows
Parsed 32320/42120 rows
Parsed 32352/42120 rows
Parsed 32384/42120 rows
Parsed 32416/42120 rows
Parsed 32448/42120 rows
Parsed 32480/42120 rows
Parsed 32512/42120 rows
Parsed 32544/42120 rows
Parsed 32576/42120 rows
Parsed 32608/42120 rows
Parsed 32640/42120 rows
Parsed 32672/42120 rows
Parsed 32704/42120 rows
Parsed 32736/42120 rows
Parsed 32768/42120 rows
Parsed 32800/42120 rows
Parsed 32832/42120 rows
Parsed 32864/42120 rows
Parsed 32896/42120 rows
Parsed 32928/42120 rows
Parsed 32960/42120 rows
Parsed 32992/42120 rows
Parsed 33024/42120 rows
Parsed 33056/42120 rows
Parsed 33088/42120 rows
Parsed 33120/42120 rows
Parsed 33152/42120 rows
Parsed 33184/42120 rows
Parsed 33216/42120 rows
Parsed 33248/42120 rows
Parsed 33280/42120 rows
Parsed 33312/42120 rows
Parsed 33344/42120 rows
Parsed 33376/42120 rows
Parsed 33408/42120 rows
Parsed 33440/42120 rows
Parsed 33472/42120 rows
Parsed 33504/42120 rows
Parsed 33536/42120 rows
Parsed 33568/42120 rows
Parsed 33600/42120 rows
Parsed 33632/42120 rows
Parsed 33664/42120 rows
Parsed 33696/42120 rows
Parsed 33728/42120 rows
Parsed 33760/42120 rows
Parsed 33792/42120 rows
Parsed 33824/42120 rows
Parsed 33856/42120 rows
Parsed 33888/42120 rows
Parsed 33920/42120 rows
Parsed 33952/42120 rows
Parsed 33984/42120 rows
Parsed 34016/42120 rows
Parsed 34048/42120 rows
Parsed 34080/42120 rows
Parsed 34112/42120 rows
Parsed 34144/42120 rows
Parsed 34176/42120 rows
Parsed 34208/42120 rows
Parsed 34240/42120 rows
Parsed 34272/42120 rows
Parsed 34304/42120 rows
Parsed 34336/42120 rows
Parsed 34368/42120 rows
Parsed 34400/42120 rows
Parsed 34432/42120 rows
Parsed 34464/42120 rows
Parsed 34496/42120 rows
Parsed 34528/42120 rows
Parsed 34560/42120 rows
Parsed 34592/42120 rows
Parsed 34624/42120 rows
Parsed 34656/42120 rows
Parsed 34688/42120 rows
Parsed 34720/42120 rows
Parsed 34752/42120 rows
Parsed 34784/42120 rows
Parsed 34816/42120 rows
Parsed 34848/42120 rows
Parsed 34880/42120 rows
Parsed 34912/42120 rows
Parsed 34944/42120 rows
Parsed 34976/42120 rows
Parsed 35008/42120 rows
Parsed 35040/42120 rows
Parsed 35072/42120 rows
Parsed 35104/42120 rows
Parsed 35136/42120 rows
Parsed 35168/42120 rows
Parsed 35200/42120 rows
Parsed 35232/42120 rows
Parsed 35264/42120 rows
Parsed 35296/42120 rows
Parsed 35328/42120 rows
Parsed 35360/42120 rows
Parsed 35392/42120 rows
Parsed 35424/42120 rows
Parsed 35456/42120 rows
Parsed 35488/42120 rows
Parsed 35520/42120 rows
Parsed 35552/42120 rows
Parsed 35584/42120 rows
Parsed 35616/42120 rows
Parsed 35648/42120 rows
Parsed 35680/42120 rows
Parsed 35712/42120 rows
Parsed 35744/42120 rows
Parsed 35776/42120 rows
Parsed 35808/42120 rows
Parsed 35840/42120 rows
Parsed 35872/42120 rows
Parsed 35904/42120 rows
Parsed 35936/42120 rows
Parsed 35968/42120 rows
Parsed 36000/42120 rows
Parsed 36032/42120 rows
Parsed 36064/42120 rows
Parsed 36096/42120 rows
Parsed 36128/42120 rows
Parsed 36160/42120 rows
Parsed 36192/42120 rows
Parsed 36224/42120 rows
Parsed 36256/42120 rows
Parsed 36288/42120 rows
Parsed 36320/42120 rows
Parsed 36352/42120 rows
Parsed 36384/42120 rows
Parsed 36416/42120 rows
Parsed 36448/42120 rows
Parsed 36480/42120 rows
Parsed 36512/42120 rows
Parsed 36544/42120 rows
Parsed 36576/42120 rows
Parsed 36608/42120 rows
Parsed 36640/42120 rows
Parsed 36672/42120 rows
Parsed 36704/42120 rows
Parsed 36736/42120 rows
Parsed 36768/42120 rows
Parsed 36800/42120 rows
Parsed 36832/42120 rows
Parsed 36864/42120 rows
Parsed 36896/42120 rows
Parsed 36928/42120 rows
Parsed 36960/42120 rows
Parsed 36992/42120 rows
Parsed 37024/42120 rows
Parsed 37056/42120 rows
Parsed 37088/42120 rows
Parsed 37120/42120 rows
Parsed 37152/42120 rows
Parsed 37184/42120 rows
Parsed 37216/42120 rows
Parsed 37248/42120 rows
Parsed 37280/42120 rows
Parsed 37312/42120 rows
Parsed 37344/42120 rows
Parsed 37376/42120 rows
Parsed 37408/42120 rows
Parsed 37440/42120 rows
Parsed 37472/42120 rows
Parsed 37504/42120 rows
Parsed 37536/42120 rows
Parsed 37568/42120 rows
Parsed 37600/42120 rows
Parsed 37632/42120 rows
Parsed 37664/42120 rows
Parsed 37696/42120 rows
Parsed 37728/42120 rows
Parsed 37760/42120 rows
Parsed 37792/42120 rows
Parsed 37824/42120 rows
Parsed 37856/42120 rows
Parsed 37888/42120 rows
Parsed 37920/42120 rows
Parsed 37952/42120 rows
Parsed 37984/42120 rows
Parsed 38016/42120 rows
Parsed 38048/42120 rows
Parsed 38080/42120 rows
Parsed 38112/42120 rows
Parsed 38144/42120 rows
Parsed 38176/42120 rows
Parsed 38208/42120 rows
Parsed 38240/42120 rows
Parsed 38272/42120 rows
Parsed 38304/42120 rows
Parsed 38336/42120 rows
Parsed 38368/42120 rows
Parsed 38400/42120 rows
Parsed 38432/42120 rows
Parsed 38464/42120 rows
Parsed 38496/42120 rows
Parsed 38528/42120 rows
Parsed 38560/42120 rows
Parsed 38592/42120 rows
Parsed 38624/42120 rows
Parsed 38656/42120 rows
Parsed 38688/42120 rows
Parsed 38720/42120 rows
Parsed 38752/42120 rows
Parsed 38784/42120 rows
Parsed 38816/42120 rows
Parsed 38848/42120 rows
Parsed 38880/42120 rows
Parsed 38912/42120 rows
Parsed 38944/42120 rows
Parsed 38976/42120 rows
Parsed 39008/42120 rows
Parsed 39040/42120 rows
Parsed 39072/42120 rows
Parsed 39104/42120 rows
Parsed 39136/42120 rows
Parsed 39168/42120 rows
Parsed 39200/42120 rows
Parsed 39232/42120 rows
Parsed 39264/42120 rows
Parsed 39296/42120 rows
Parsed 39328/42120 rows
Parsed 39360/42120 rows
Parsed 39392/42120 rows
Parsed 39424/42120 rows
Parsed 39456/42120 rows
Parsed 39488/42120 rows
Parsed 39520/42120 rows
Parsed 39552/42120 rows
Parsed 39584/42120 rows
Parsed 39616/42120 rows
Parsed 39648/42120 rows
Parsed 39680/42120 rows
Parsed 39712/42120 rows
Parsed 39744/42120 rows
Parsed 39776/42120 rows
Parsed 39808/42120 rows
Parsed 39840/42120 rows
Parsed 39872/42120 rows
Parsed 39904/42120 rows
Parsed 39936/42120 rows
Parsed 39968/42120 rows
Parsed 40000/42120 rows
Parsed 40032/42120 rows
Parsed 40064/42120 rows
Parsed 40096/42120 rows
Parsed 40128/42120 rows
Parsed 40160/42120 rows
Parsed 40192/42120 rows
Parsed 40224/42120 rows
Parsed 40256/42120 rows
Parsed 40288/42120 rows
Parsed 40320/42120 rows
Parsed 40352/42120 rows
Parsed 40384/42120 rows
Parsed 40416/42120 rows
Parsed 40448/42120 rows
Parsed 40480/42120 rows
Parsed 40512/42120 rows
Parsed 40544/42120 rows
Parsed 40576/42120 rows
Parsed 40608/42120 rows
Parsed 40640/42120 rows
Parsed 40672/42120 rows
Parsed 40704/42120 rows
Parsed 40736/42120 rows
Parsed 40768/42120 rows
Parsed 40800/42120 rows
Parsed 40832/42120 rows
Parsed 40864/42120 rows
Parsed 40896/42120 rows
Parsed 40928/42120 rows
Parsed 40960/42120 rows
Parsed 40992/42120 rows
Parsed 41024/42120 rows
Parsed 41056/42120 rows
Parsed 41088/42120 rows
Parsed 41120/42120 rows
Parsed 41152/42120 rows
Parsed 41184/42120 rows
Parsed 41216/42120 rows
Parsed 41248/42120 rows
Parsed 41280/42120 rows
Parsed 41312/42120 rows
Parsed 41344/42120 rows
Parsed 41376/42120 rows
Parsed 41408/42120 rows
Parsed 41440/42120 rows
Parsed 41472/42120 rows
Parsed 41504/42120 rows
Parsed 41536/42120 rows
Parsed 41568/42120 rows
Parsed 41600/42120 rows
Parsed 41632/42120 rows
Parsed 41664/42120 rows
Parsed 41696/42120 rows
Parsed 41728/42120 rows
Parsed 41760/42120 rows
Parsed 41792/42120 rows
Parsed 41824/42120 rows
Parsed 41856/42120 rows
Parsed 41888/42120 rows
Parsed 41920/42120 rows
Parsed 41952/42120 rows
Parsed 41984/42120 rows
Parsed 42016/42120 rows
Parsed 42048/42120 rows
Parsed 42080/42120 rows
Parsed 42112/42120 rows
Parsed 42120/42120 rows
Saved parsed results to: /projects/simlai1/Viberank/data/VibeRank/raw/hmls/VISPDAT/rc_responses/AIES_vispdat_DS8_NewFixedLoggerRun1SeedFixed_parsed.csv

IN : /projects/simlai1/Viberank/data/VibeRank/raw/hmls/VISPDAT/rc_responses/AIES_vispdat_llama7_NewFixedLoggerRun1SeedFixed.jsonl
OUT: /projects/simlai1/Viberank/data/VibeRank/raw/hmls/VISPDAT/rc_responses/AIES_vispdat_llama7_NewFixedLoggerRun1SeedFixed_parsed.csv

Parsing
/projects/simlai1/Viberank/data/VibeRank/raw/hmls/VISPDAT/rc_responses/AIES_vispdat_llama7_NewFixedLoggerRun1SeedFixed.jsonl
Loaded 42120 response rows
Parsed 32/42120 rows
Parsed 64/42120 rows
Parsed 96/42120 rows
Parsed 128/42120 rows
Parsed 160/42120 rows
Parsed 192/42120 rows
Parsed 224/42120 rows
Parsed 256/42120 rows
Parsed 288/42120 rows
Parsed 320/42120 rows
Parsed 352/42120 rows
Parsed 384/42120 rows
Parsed 416/42120 rows
Parsed 448/42120 rows
Parsed 480/42120 rows
Parsed 512/42120 rows
Parsed 544/42120 rows
Parsed 576/42120 rows
Parsed 608/42120 rows
Parsed 640/42120 rows
Parsed 672/42120 rows
Parsed 704/42120 rows
Parsed 736/42120 rows
Parsed 768/42120 rows
Parsed 800/42120 rows
Parsed 832/42120 rows
Parsed 864/42120 rows
Parsed 896/42120 rows
Parsed 928/42120 rows
Parsed 960/42120 rows
Parsed 992/42120 rows
Parsed 1024/42120 rows
Parsed 1056/42120 rows
Parsed 1088/42120 rows
Parsed 1120/42120 rows
Parsed 1152/42120 rows
Parsed 1184/42120 rows
Parsed 1216/42120 rows
Parsed 1248/42120 rows
Parsed 1280/42120 rows
Parsed 1312/42120 rows
Parsed 1344/42120 rows
Parsed 1376/42120 rows
Parsed 1408/42120 rows
Parsed 1440/42120 rows
Parsed 1472/42120 rows
Parsed 1504/42120 rows
Parsed 1536/42120 rows
Parsed 1568/42120 rows
Parsed 1600/42120 rows
Parsed 1632/42120 rows
Parsed 1664/42120 rows
Parsed 1696/42120 rows
Parsed 1728/42120 rows
Parsed 1760/42120 rows
Parsed 1792/42120 rows
Parsed 1824/42120 rows
Parsed 1856/42120 rows
Parsed 1888/42120 rows
Parsed 1920/42120 rows
Parsed 1952/42120 rows
Parsed 1984/42120 rows
Parsed 2016/42120 rows
Parsed 2048/42120 rows
Parsed 2080/42120 rows
Parsed 2112/42120 rows
Parsed 2144/42120 rows
Parsed 2176/42120 rows
Parsed 2208/42120 rows
Parsed 2240/42120 rows
Parsed 2272/42120 rows
Parsed 2304/42120 rows
Parsed 2336/42120 rows
Parsed 2368/42120 rows
Parsed 2400/42120 rows
Parsed 2432/42120 rows
Parsed 2464/42120 rows
Parsed 2496/42120 rows
Parsed 2528/42120 rows
Parsed 2560/42120 rows
Parsed 2592/42120 rows
Parsed 2624/42120 rows
Parsed 2656/42120 rows
Parsed 2688/42120 rows
Parsed 2720/42120 rows
Parsed 2752/42120 rows
Parsed 2784/42120 rows
Parsed 2816/42120 rows
Parsed 2848/42120 rows
Parsed 2880/42120 rows
Parsed 2912/42120 rows
Parsed 2944/42120 rows
Parsed 2976/42120 rows
Parsed 3008/42120 rows
Parsed 3040/42120 rows
Parsed 3072/42120 rows
Parsed 3104/42120 rows
Parsed 3136/42120 rows
Parsed 3168/42120 rows
Parsed 3200/42120 rows
Parsed 3232/42120 rows
Parsed 3264/42120 rows
Parsed 3296/42120 rows
Parsed 3328/42120 rows
Parsed 3360/42120 rows
Parsed 3392/42120 rows
Parsed 3424/42120 rows
Parsed 3456/42120 rows
Parsed 3488/42120 rows
Parsed 3520/42120 rows
Parsed 3552/42120 rows
Parsed 3584/42120 rows
Parsed 3616/42120 rows
Parsed 3648/42120 rows
Parsed 3680/42120 rows
Parsed 3712/42120 rows
Parsed 3744/42120 rows
Parsed 3776/42120 rows
Parsed 3808/42120 rows
Parsed 3840/42120 rows
Parsed 3872/42120 rows
Parsed 3904/42120 rows
Parsed 3936/42120 rows
Parsed 3968/42120 rows
Parsed 4000/42120 rows
Parsed 4032/42120 rows
Parsed 4064/42120 rows
Parsed 4096/42120 rows
Parsed 4128/42120 rows
Parsed 4160/42120 rows
Parsed 4192/42120 rows
Parsed 4224/42120 rows
Parsed 4256/42120 rows
Parsed 4288/42120 rows
Parsed 4320/42120 rows
Parsed 4352/42120 rows
Parsed 4384/42120 rows
Parsed 4416/42120 rows
Parsed 4448/42120 rows
Parsed 4480/42120 rows
Parsed 4512/42120 rows
Parsed 4544/42120 rows
Parsed 4576/42120 rows
Parsed 4608/42120 rows
Parsed 4640/42120 rows
Parsed 4672/42120 rows
Parsed 4704/42120 rows
Parsed 4736/42120 rows
Parsed 4768/42120 rows
Parsed 4800/42120 rows
Parsed 4832/42120 rows
Parsed 4864/42120 rows
Parsed 4896/42120 rows
Parsed 4928/42120 rows
Parsed 4960/42120 rows
Parsed 4992/42120 rows
Parsed 5024/42120 rows
Parsed 5056/42120 rows
Parsed 5088/42120 rows
Parsed 5120/42120 rows
Parsed 5152/42120 rows
Parsed 5184/42120 rows
Parsed 5216/42120 rows
Parsed 5248/42120 rows
Parsed 5280/42120 rows
Parsed 5312/42120 rows
Parsed 5344/42120 rows
Parsed 5376/42120 rows
Parsed 5408/42120 rows
Parsed 5440/42120 rows
Parsed 5472/42120 rows
Parsed 5504/42120 rows
Parsed 5536/42120 rows
Parsed 5568/42120 rows
Parsed 5600/42120 rows
Parsed 5632/42120 rows
Parsed 5664/42120 rows
Parsed 5696/42120 rows
Parsed 5728/42120 rows
Parsed 5760/42120 rows
Parsed 5792/42120 rows
Parsed 5824/42120 rows
Parsed 5856/42120 rows
Parsed 5888/42120 rows
Parsed 5920/42120 rows
Parsed 5952/42120 rows
Parsed 5984/42120 rows
Parsed 6016/42120 rows
Parsed 6048/42120 rows
Parsed 6080/42120 rows
Parsed 6112/42120 rows
Parsed 6144/42120 rows
Parsed 6176/42120 rows
Parsed 6208/42120 rows
Parsed 6240/42120 rows
Parsed 6272/42120 rows
Parsed 6304/42120 rows
Parsed 6336/42120 rows
Parsed 6368/42120 rows
Parsed 6400/42120 rows
Parsed 6432/42120 rows
Parsed 6464/42120 rows
Parsed 6496/42120 rows
Parsed 6528/42120 rows
Parsed 6560/42120 rows
Parsed 6592/42120 rows
Parsed 6624/42120 rows
Parsed 6656/42120 rows
Parsed 6688/42120 rows
Parsed 6720/42120 rows
Parsed 6752/42120 rows
Parsed 6784/42120 rows
Parsed 6816/42120 rows
Parsed 6848/42120 rows
Parsed 6880/42120 rows
Parsed 6912/42120 rows
Parsed 6944/42120 rows
Parsed 6976/42120 rows
Parsed 7008/42120 rows
Parsed 7040/42120 rows
Parsed 7072/42120 rows
Parsed 7104/42120 rows
Parsed 7136/42120 rows
Parsed 7168/42120 rows
Parsed 7200/42120 rows
Parsed 7232/42120 rows
Parsed 7264/42120 rows
Parsed 7296/42120 rows
Parsed 7328/42120 rows
Parsed 7360/42120 rows
Parsed 7392/42120 rows
Parsed 7424/42120 rows
Parsed 7456/42120 rows
Parsed 7488/42120 rows
Parsed 7520/42120 rows
Parsed 7552/42120 rows
Parsed 7584/42120 rows
Parsed 7616/42120 rows
Parsed 7648/42120 rows
Parsed 7680/42120 rows
Parsed 7712/42120 rows
Parsed 7744/42120 rows
Parsed 7776/42120 rows
Parsed 7808/42120 rows
Parsed 7840/42120 rows
Parsed 7872/42120 rows
Parsed 7904/42120 rows
Parsed 7936/42120 rows
Parsed 7968/42120 rows
Parsed 8000/42120 rows
Parsed 8032/42120 rows
Parsed 8064/42120 rows
Parsed 8096/42120 rows
Parsed 8128/42120 rows
Parsed 8160/42120 rows
Parsed 8192/42120 rows
Parsed 8224/42120 rows
Parsed 8256/42120 rows
Parsed 8288/42120 rows
Parsed 8320/42120 rows
Parsed 8352/42120 rows
Parsed 8384/42120 rows
Parsed 8416/42120 rows
Parsed 8448/42120 rows
Parsed 8480/42120 rows
Parsed 8512/42120 rows
Parsed 8544/42120 rows
Parsed 8576/42120 rows
Parsed 8608/42120 rows
Parsed 8640/42120 rows
Parsed 8672/42120 rows
Parsed 8704/42120 rows
Parsed 8736/42120 rows
Parsed 8768/42120 rows
Parsed 8800/42120 rows
Parsed 8832/42120 rows
Parsed 8864/42120 rows
Parsed 8896/42120 rows
Parsed 8928/42120 rows
Parsed 8960/42120 rows
Parsed 8992/42120 rows
Parsed 9024/42120 rows
Parsed 9056/42120 rows
Parsed 9088/42120 rows
Parsed 9120/42120 rows
Parsed 9152/42120 rows
Parsed 9184/42120 rows
Parsed 9216/42120 rows
Parsed 9248/42120 rows
Parsed 9280/42120 rows
Parsed 9312/42120 rows
Parsed 9344/42120 rows
Parsed 9376/42120 rows
Parsed 9408/42120 rows
Parsed 9440/42120 rows
Parsed 9472/42120 rows
Parsed 9504/42120 rows
Parsed 9536/42120 rows
Parsed 9568/42120 rows
Parsed 9600/42120 rows
Parsed 9632/42120 rows
Parsed 9664/42120 rows
Parsed 9696/42120 rows
Parsed 9728/42120 rows
Parsed 9760/42120 rows
Parsed 9792/42120 rows
Parsed 9824/42120 rows
Parsed 9856/42120 rows
Parsed 9888/42120 rows
Parsed 9920/42120 rows
Parsed 9952/42120 rows
Parsed 9984/42120 rows
Parsed 10016/42120 rows
Parsed 10048/42120 rows
Parsed 10080/42120 rows
Parsed 10112/42120 rows
Parsed 10144/42120 rows
Parsed 10176/42120 rows
Parsed 10208/42120 rows
Parsed 10240/42120 rows
Parsed 10272/42120 rows
Parsed 10304/42120 rows
Parsed 10336/42120 rows
Parsed 10368/42120 rows
Parsed 10400/42120 rows
Parsed 10432/42120 rows
Parsed 10464/42120 rows
Parsed 10496/42120 rows
Parsed 10528/42120 rows
Parsed 10560/42120 rows
Parsed 10592/42120 rows
Parsed 10624/42120 rows
Parsed 10656/42120 rows
Parsed 10688/42120 rows
Parsed 10720/42120 rows
Parsed 10752/42120 rows
Parsed 10784/42120 rows
Parsed 10816/42120 rows
Parsed 10848/42120 rows
Parsed 10880/42120 rows
Parsed 10912/42120 rows
Parsed 10944/42120 rows
Parsed 10976/42120 rows
Parsed 11008/42120 rows
Parsed 11040/42120 rows
Parsed 11072/42120 rows
Parsed 11104/42120 rows
Parsed 11136/42120 rows
Parsed 11168/42120 rows
Parsed 11200/42120 rows
Parsed 11232/42120 rows
Parsed 11264/42120 rows
Parsed 11296/42120 rows
Parsed 11328/42120 rows
Parsed 11360/42120 rows
Parsed 11392/42120 rows
Parsed 11424/42120 rows
Parsed 11456/42120 rows
Parsed 11488/42120 rows
Parsed 11520/42120 rows
Parsed 11552/42120 rows
Parsed 11584/42120 rows
Parsed 11616/42120 rows
Parsed 11648/42120 rows
Parsed 11680/42120 rows
Parsed 11712/42120 rows
Parsed 11744/42120 rows
Parsed 11776/42120 rows
Parsed 11808/42120 rows
Parsed 11840/42120 rows
Parsed 11872/42120 rows
Parsed 11904/42120 rows
Parsed 11936/42120 rows
Parsed 11968/42120 rows
Parsed 12000/42120 rows
Parsed 12032/42120 rows
Parsed 12064/42120 rows
Parsed 12096/42120 rows
Parsed 12128/42120 rows
Parsed 12160/42120 rows
Parsed 12192/42120 rows
Parsed 12224/42120 rows
Parsed 12256/42120 rows
Parsed 12288/42120 rows
Parsed 12320/42120 rows
Parsed 12352/42120 rows
Parsed 12384/42120 rows
Parsed 12416/42120 rows
Parsed 12448/42120 rows
Parsed 12480/42120 rows
Parsed 12512/42120 rows
Parsed 12544/42120 rows
Parsed 12576/42120 rows
Parsed 12608/42120 rows
Parsed 12640/42120 rows
Parsed 12672/42120 rows
Parsed 12704/42120 rows
Parsed 12736/42120 rows
Parsed 12768/42120 rows
Parsed 12800/42120 rows
Parsed 12832/42120 rows
Parsed 12864/42120 rows
Parsed 12896/42120 rows
Parsed 12928/42120 rows
Parsed 12960/42120 rows
Parsed 12992/42120 rows
Parsed 13024/42120 rows
Parsed 13056/42120 rows
Parsed 13088/42120 rows
Parsed 13120/42120 rows
Parsed 13152/42120 rows
Parsed 13184/42120 rows
Parsed 13216/42120 rows
Parsed 13248/42120 rows
Parsed 13280/42120 rows
Parsed 13312/42120 rows
Parsed 13344/42120 rows
Parsed 13376/42120 rows
Parsed 13408/42120 rows
Parsed 13440/42120 rows
Parsed 13472/42120 rows
Parsed 13504/42120 rows
Parsed 13536/42120 rows
Parsed 13568/42120 rows
Parsed 13600/42120 rows
Parsed 13632/42120 rows
Parsed 13664/42120 rows
Parsed 13696/42120 rows
Parsed 13728/42120 rows
Parsed 13760/42120 rows
Parsed 13792/42120 rows
Parsed 13824/42120 rows
Parsed 13856/42120 rows
Parsed 13888/42120 rows
Parsed 13920/42120 rows
Parsed 13952/42120 rows
Parsed 13984/42120 rows
Parsed 14016/42120 rows
Parsed 14048/42120 rows
Parsed 14080/42120 rows
Parsed 14112/42120 rows
Parsed 14144/42120 rows
Parsed 14176/42120 rows
Parsed 14208/42120 rows
Parsed 14240/42120 rows
Parsed 14272/42120 rows
Parsed 14304/42120 rows
Parsed 14336/42120 rows
Parsed 14368/42120 rows
Parsed 14400/42120 rows
Parsed 14432/42120 rows
Parsed 14464/42120 rows
Parsed 14496/42120 rows
Parsed 14528/42120 rows
Parsed 14560/42120 rows
Parsed 14592/42120 rows
Parsed 14624/42120 rows
Parsed 14656/42120 rows
Parsed 14688/42120 rows
Parsed 14720/42120 rows
Parsed 14752/42120 rows
Parsed 14784/42120 rows
Parsed 14816/42120 rows
Parsed 14848/42120 rows
Parsed 14880/42120 rows
Parsed 14912/42120 rows
Parsed 14944/42120 rows
Parsed 14976/42120 rows
Parsed 15008/42120 rows
Parsed 15040/42120 rows
Parsed 15072/42120 rows
Parsed 15104/42120 rows
Parsed 15136/42120 rows
Parsed 15168/42120 rows
Parsed 15200/42120 rows
Parsed 15232/42120 rows
Parsed 15264/42120 rows
Parsed 15296/42120 rows
Parsed 15328/42120 rows
Parsed 15360/42120 rows
Parsed 15392/42120 rows
Parsed 15424/42120 rows
Parsed 15456/42120 rows
Parsed 15488/42120 rows
Parsed 15520/42120 rows
Parsed 15552/42120 rows
Parsed 15584/42120 rows
Parsed 15616/42120 rows
Parsed 15648/42120 rows
Parsed 15680/42120 rows
Parsed 15712/42120 rows
Parsed 15744/42120 rows
Parsed 15776/42120 rows
Parsed 15808/42120 rows
Parsed 15840/42120 rows
Parsed 15872/42120 rows
Parsed 15904/42120 rows
Parsed 15936/42120 rows
Parsed 15968/42120 rows
Parsed 16000/42120 rows
Parsed 16032/42120 rows
Parsed 16064/42120 rows
Parsed 16096/42120 rows
Parsed 16128/42120 rows
Parsed 16160/42120 rows
Parsed 16192/42120 rows
Parsed 16224/42120 rows
Parsed 16256/42120 rows
Parsed 16288/42120 rows
Parsed 16320/42120 rows
Parsed 16352/42120 rows
Parsed 16384/42120 rows
Parsed 16416/42120 rows
Parsed 16448/42120 rows
Parsed 16480/42120 rows
Parsed 16512/42120 rows
Parsed 16544/42120 rows
Parsed 16576/42120 rows
Parsed 16608/42120 rows
Parsed 16640/42120 rows
Parsed 16672/42120 rows
Parsed 16704/42120 rows
Parsed 16736/42120 rows
Parsed 16768/42120 rows
Parsed 16800/42120 rows
Parsed 16832/42120 rows
Parsed 16864/42120 rows
Parsed 16896/42120 rows
Parsed 16928/42120 rows
Parsed 16960/42120 rows
Parsed 16992/42120 rows
Parsed 17024/42120 rows
Parsed 17056/42120 rows
Parsed 17088/42120 rows
Parsed 17120/42120 rows
Parsed 17152/42120 rows
Parsed 17184/42120 rows
Parsed 17216/42120 rows
Parsed 17248/42120 rows
Parsed 17280/42120 rows
Parsed 17312/42120 rows
Parsed 17344/42120 rows
Parsed 17376/42120 rows
Parsed 17408/42120 rows
Parsed 17440/42120 rows
Parsed 17472/42120 rows
Parsed 17504/42120 rows
Parsed 17536/42120 rows
Parsed 17568/42120 rows
Parsed 17600/42120 rows
Parsed 17632/42120 rows
Parsed 17664/42120 rows
Parsed 17696/42120 rows
Parsed 17728/42120 rows
Parsed 17760/42120 rows
Parsed 17792/42120 rows
Parsed 17824/42120 rows
Parsed 17856/42120 rows
Parsed 17888/42120 rows
Parsed 17920/42120 rows
Parsed 17952/42120 rows
Parsed 17984/42120 rows
Parsed 18016/42120 rows
Parsed 18048/42120 rows
Parsed 18080/42120 rows
Parsed 18112/42120 rows
Parsed 18144/42120 rows
Parsed 18176/42120 rows
Parsed 18208/42120 rows
Parsed 18240/42120 rows
Parsed 18272/42120 rows
Parsed 18304/42120 rows
Parsed 18336/42120 rows
Parsed 18368/42120 rows
Parsed 18400/42120 rows
Parsed 18432/42120 rows
Parsed 18464/42120 rows
Parsed 18496/42120 rows
Parsed 18528/42120 rows
Parsed 18560/42120 rows
Parsed 18592/42120 rows
Parsed 18624/42120 rows
Parsed 18656/42120 rows
Parsed 18688/42120 rows
Parsed 18720/42120 rows
Parsed 18752/42120 rows
Parsed 18784/42120 rows
Parsed 18816/42120 rows
Parsed 18848/42120 rows
Parsed 18880/42120 rows
Parsed 18912/42120 rows
Parsed 18944/42120 rows
Parsed 18976/42120 rows
Parsed 19008/42120 rows
Parsed 19040/42120 rows
Parsed 19072/42120 rows
Parsed 19104/42120 rows
Parsed 19136/42120 rows
Parsed 19168/42120 rows
Parsed 19200/42120 rows
Parsed 19232/42120 rows
Parsed 19264/42120 rows
Parsed 19296/42120 rows
Parsed 19328/42120 rows
Parsed 19360/42120 rows
Parsed 19392/42120 rows
Parsed 19424/42120 rows
Parsed 19456/42120 rows
Parsed 19488/42120 rows
Parsed 19520/42120 rows
Parsed 19552/42120 rows
Parsed 19584/42120 rows
Parsed 19616/42120 rows
Parsed 19648/42120 rows
Parsed 19680/42120 rows
Parsed 19712/42120 rows
Parsed 19744/42120 rows
Parsed 19776/42120 rows
Parsed 19808/42120 rows
Parsed 19840/42120 rows
Parsed 19872/42120 rows
Parsed 19904/42120 rows
Parsed 19936/42120 rows
Parsed 19968/42120 rows
Parsed 20000/42120 rows
Parsed 20032/42120 rows
Parsed 20064/42120 rows
Parsed 20096/42120 rows
Parsed 20128/42120 rows
Parsed 20160/42120 rows
Parsed 20192/42120 rows
Parsed 20224/42120 rows
Parsed 20256/42120 rows
Parsed 20288/42120 rows
Parsed 20320/42120 rows
Parsed 20352/42120 rows
Parsed 20384/42120 rows
Parsed 20416/42120 rows
Parsed 20448/42120 rows
Parsed 20480/42120 rows
Parsed 20512/42120 rows
Parsed 20544/42120 rows
Parsed 20576/42120 rows
Parsed 20608/42120 rows
Parsed 20640/42120 rows
Parsed 20672/42120 rows
Parsed 20704/42120 rows
Parsed 20736/42120 rows
Parsed 20768/42120 rows
Parsed 20800/42120 rows
Parsed 20832/42120 rows
Parsed 20864/42120 rows
Parsed 20896/42120 rows
Parsed 20928/42120 rows
Parsed 20960/42120 rows
Parsed 20992/42120 rows
Parsed 21024/42120 rows
Parsed 21056/42120 rows
Parsed 21088/42120 rows
Parsed 21120/42120 rows
Parsed 21152/42120 rows
Parsed 21184/42120 rows
Parsed 21216/42120 rows
Parsed 21248/42120 rows
Parsed 21280/42120 rows
Parsed 21312/42120 rows
Parsed 21344/42120 rows
Parsed 21376/42120 rows
Parsed 21408/42120 rows
Parsed 21440/42120 rows
Parsed 21472/42120 rows
Parsed 21504/42120 rows
Parsed 21536/42120 rows
Parsed 21568/42120 rows
Parsed 21600/42120 rows
Parsed 21632/42120 rows
Parsed 21664/42120 rows
Parsed 21696/42120 rows
Parsed 21728/42120 rows
Parsed 21760/42120 rows
Parsed 21792/42120 rows
Parsed 21824/42120 rows
Parsed 21856/42120 rows
Parsed 21888/42120 rows
Parsed 21920/42120 rows
Parsed 21952/42120 rows
Parsed 21984/42120 rows
Parsed 22016/42120 rows
Parsed 22048/42120 rows
Parsed 22080/42120 rows
Parsed 22112/42120 rows
Parsed 22144/42120 rows
Parsed 22176/42120 rows
Parsed 22208/42120 rows
Parsed 22240/42120 rows
Parsed 22272/42120 rows
Parsed 22304/42120 rows
Parsed 22336/42120 rows
Parsed 22368/42120 rows
Parsed 22400/42120 rows
Parsed 22432/42120 rows
Parsed 22464/42120 rows
Parsed 22496/42120 rows
Parsed 22528/42120 rows
Parsed 22560/42120 rows
Parsed 22592/42120 rows
Parsed 22624/42120 rows
Parsed 22656/42120 rows
Parsed 22688/42120 rows
Parsed 22720/42120 rows
Parsed 22752/42120 rows
Parsed 22784/42120 rows
Parsed 22816/42120 rows
Parsed 22848/42120 rows
Parsed 22880/42120 rows
Parsed 22912/42120 rows
Parsed 22944/42120 rows
Parsed 22976/42120 rows
Parsed 23008/42120 rows
Parsed 23040/42120 rows
Parsed 23072/42120 rows
Parsed 23104/42120 rows
Parsed 23136/42120 rows
Parsed 23168/42120 rows
Parsed 23200/42120 rows
Parsed 23232/42120 rows
Parsed 23264/42120 rows
Parsed 23296/42120 rows
Parsed 23328/42120 rows
Parsed 23360/42120 rows
Parsed 23392/42120 rows
Parsed 23424/42120 rows
Parsed 23456/42120 rows
Parsed 23488/42120 rows
Parsed 23520/42120 rows
Parsed 23552/42120 rows
Parsed 23584/42120 rows
Parsed 23616/42120 rows
Parsed 23648/42120 rows
Parsed 23680/42120 rows
Parsed 23712/42120 rows
Parsed 23744/42120 rows
Parsed 23776/42120 rows
Parsed 23808/42120 rows
Parsed 23840/42120 rows
Parsed 23872/42120 rows
Parsed 23904/42120 rows
Parsed 23936/42120 rows
Parsed 23968/42120 rows
Parsed 24000/42120 rows
Parsed 24032/42120 rows
Parsed 24064/42120 rows
Parsed 24096/42120 rows
Parsed 24128/42120 rows
Parsed 24160/42120 rows
Parsed 24192/42120 rows
Parsed 24224/42120 rows
Parsed 24256/42120 rows
Parsed 24288/42120 rows
Parsed 24320/42120 rows
Parsed 24352/42120 rows
Parsed 24384/42120 rows
Parsed 24416/42120 rows
Parsed 24448/42120 rows
Parsed 24480/42120 rows
Parsed 24512/42120 rows
Parsed 24544/42120 rows
Parsed 24576/42120 rows
Parsed 24608/42120 rows
Parsed 24640/42120 rows
Parsed 24672/42120 rows
Parsed 24704/42120 rows
Parsed 24736/42120 rows
Parsed 24768/42120 rows
Parsed 24800/42120 rows
Parsed 24832/42120 rows
Parsed 24864/42120 rows
Parsed 24896/42120 rows
Parsed 24928/42120 rows
Parsed 24960/42120 rows
Parsed 24992/42120 rows
Parsed 25024/42120 rows
Parsed 25056/42120 rows
Parsed 25088/42120 rows
Parsed 25120/42120 rows
Parsed 25152/42120 rows
Parsed 25184/42120 rows
Parsed 25216/42120 rows
Parsed 25248/42120 rows
Parsed 25280/42120 rows
Parsed 25312/42120 rows
Parsed 25344/42120 rows
Parsed 25376/42120 rows
Parsed 25408/42120 rows
Parsed 25440/42120 rows
Parsed 25472/42120 rows
Parsed 25504/42120 rows
Parsed 25536/42120 rows
Parsed 25568/42120 rows
Parsed 25600/42120 rows
Parsed 25632/42120 rows
Parsed 25664/42120 rows
Parsed 25696/42120 rows
Parsed 25728/42120 rows
Parsed 25760/42120 rows
Parsed 25792/42120 rows
Parsed 25824/42120 rows
Parsed 25856/42120 rows
Parsed 25888/42120 rows
Parsed 25920/42120 rows
Parsed 25952/42120 rows
Parsed 25984/42120 rows
Parsed 26016/42120 rows
Parsed 26048/42120 rows
Parsed 26080/42120 rows
Parsed 26112/42120 rows
Parsed 26144/42120 rows
Parsed 26176/42120 rows
Parsed 26208/42120 rows
Parsed 26240/42120 rows
Parsed 26272/42120 rows
Parsed 26304/42120 rows
Parsed 26336/42120 rows
Parsed 26368/42120 rows
Parsed 26400/42120 rows
Parsed 26432/42120 rows
Parsed 26464/42120 rows
Parsed 26496/42120 rows
Parsed 26528/42120 rows
Parsed 26560/42120 rows
Parsed 26592/42120 rows
Parsed 26624/42120 rows
Parsed 26656/42120 rows
Parsed 26688/42120 rows
Parsed 26720/42120 rows
Parsed 26752/42120 rows
Parsed 26784/42120 rows
Parsed 26816/42120 rows
Parsed 26848/42120 rows
Parsed 26880/42120 rows
Parsed 26912/42120 rows
Parsed 26944/42120 rows
Parsed 26976/42120 rows
Parsed 27008/42120 rows
Parsed 27040/42120 rows
Parsed 27072/42120 rows
Parsed 27104/42120 rows
Parsed 27136/42120 rows
Parsed 27168/42120 rows
Parsed 27200/42120 rows
Parsed 27232/42120 rows
Parsed 27264/42120 rows
Parsed 27296/42120 rows
Parsed 27328/42120 rows
Parsed 27360/42120 rows
Parsed 27392/42120 rows
Parsed 27424/42120 rows
Parsed 27456/42120 rows
Parsed 27488/42120 rows
Parsed 27520/42120 rows
Parsed 27552/42120 rows
Parsed 27584/42120 rows
Parsed 27616/42120 rows
Parsed 27648/42120 rows
Parsed 27680/42120 rows
Parsed 27712/42120 rows
Parsed 27744/42120 rows
Parsed 27776/42120 rows
Parsed 27808/42120 rows
Parsed 27840/42120 rows
Parsed 27872/42120 rows
Parsed 27904/42120 rows
Parsed 27936/42120 rows
Parsed 27968/42120 rows
Parsed 28000/42120 rows
Parsed 28032/42120 rows
Parsed 28064/42120 rows
Parsed 28096/42120 rows
Parsed 28128/42120 rows
Parsed 28160/42120 rows
Parsed 28192/42120 rows
Parsed 28224/42120 rows
Parsed 28256/42120 rows
Parsed 28288/42120 rows
Parsed 28320/42120 rows
Parsed 28352/42120 rows
Parsed 28384/42120 rows
Parsed 28416/42120 rows
Parsed 28448/42120 rows
Parsed 28480/42120 rows
Parsed 28512/42120 rows
Parsed 28544/42120 rows
Parsed 28576/42120 rows
Parsed 28608/42120 rows
Parsed 28640/42120 rows
Parsed 28672/42120 rows
Parsed 28704/42120 rows
Parsed 28736/42120 rows
Parsed 28768/42120 rows
Parsed 28800/42120 rows
Parsed 28832/42120 rows
Parsed 28864/42120 rows
Parsed 28896/42120 rows
Parsed 28928/42120 rows
Parsed 28960/42120 rows
Parsed 28992/42120 rows
Parsed 29024/42120 rows
Parsed 29056/42120 rows
Parsed 29088/42120 rows
Parsed 29120/42120 rows
Parsed 29152/42120 rows
Parsed 29184/42120 rows
Parsed 29216/42120 rows
Parsed 29248/42120 rows
Parsed 29280/42120 rows
Parsed 29312/42120 rows
Parsed 29344/42120 rows
Parsed 29376/42120 rows
Parsed 29408/42120 rows
Parsed 29440/42120 rows
Parsed 29472/42120 rows
Parsed 29504/42120 rows
Parsed 29536/42120 rows
Parsed 29568/42120 rows
Parsed 29600/42120 rows
Parsed 29632/42120 rows
Parsed 29664/42120 rows
Parsed 29696/42120 rows
Parsed 29728/42120 rows
Parsed 29760/42120 rows
Parsed 29792/42120 rows
Parsed 29824/42120 rows
Parsed 29856/42120 rows
Parsed 29888/42120 rows
Parsed 29920/42120 rows
Parsed 29952/42120 rows
Parsed 29984/42120 rows
Parsed 30016/42120 rows
Parsed 30048/42120 rows
Parsed 30080/42120 rows
Parsed 30112/42120 rows
Parsed 30144/42120 rows
Parsed 30176/42120 rows
Parsed 30208/42120 rows
Parsed 30240/42120 rows
Parsed 30272/42120 rows
Parsed 30304/42120 rows
Parsed 30336/42120 rows
Parsed 30368/42120 rows
Parsed 30400/42120 rows
Parsed 30432/42120 rows
Parsed 30464/42120 rows
Parsed 30496/42120 rows
Parsed 30528/42120 rows
Parsed 30560/42120 rows
Parsed 30592/42120 rows
Parsed 30624/42120 rows
Parsed 30656/42120 rows
Parsed 30688/42120 rows
Parsed 30720/42120 rows
Parsed 30752/42120 rows
Parsed 30784/42120 rows
Parsed 30816/42120 rows
Parsed 30848/42120 rows
Parsed 30880/42120 rows
Parsed 30912/42120 rows
Parsed 30944/42120 rows
Parsed 30976/42120 rows
Parsed 31008/42120 rows
Parsed 31040/42120 rows
Parsed 31072/42120 rows
Parsed 31104/42120 rows
Parsed 31136/42120 rows
Parsed 31168/42120 rows
Parsed 31200/42120 rows
Parsed 31232/42120 rows
Parsed 31264/42120 rows
Parsed 31296/42120 rows
Parsed 31328/42120 rows
Parsed 31360/42120 rows
Parsed 31392/42120 rows
Parsed 31424/42120 rows
Parsed 31456/42120 rows
Parsed 31488/42120 rows
Parsed 31520/42120 rows
Parsed 31552/42120 rows
Parsed 31584/42120 rows
Parsed 31616/42120 rows
Parsed 31648/42120 rows
Parsed 31680/42120 rows
Parsed 31712/42120 rows
Parsed 31744/42120 rows
Parsed 31776/42120 rows
Parsed 31808/42120 rows
Parsed 31840/42120 rows
Parsed 31872/42120 rows
Parsed 31904/42120 rows
Parsed 31936/42120 rows
Parsed 31968/42120 rows
Parsed 32000/42120 rows
Parsed 32032/42120 rows
Parsed 32064/42120 rows
Parsed 32096/42120 rows
Parsed 32128/42120 rows
Parsed 32160/42120 rows
Parsed 32192/42120 rows
Parsed 32224/42120 rows
Parsed 32256/42120 rows
Parsed 32288/42120 rows
Parsed 32320/42120 rows
Parsed 32352/42120 rows
Parsed 32384/42120 rows
Parsed 32416/42120 rows
Parsed 32448/42120 rows
Parsed 32480/42120 rows
Parsed 32512/42120 rows
Parsed 32544/42120 rows
Parsed 32576/42120 rows
Parsed 32608/42120 rows
Parsed 32640/42120 rows
Parsed 32672/42120 rows
Parsed 32704/42120 rows
Parsed 32736/42120 rows
Parsed 32768/42120 rows
Parsed 32800/42120 rows
Parsed 32832/42120 rows
Parsed 32864/42120 rows
Parsed 32896/42120 rows
Parsed 32928/42120 rows
Parsed 32960/42120 rows
Parsed 32992/42120 rows
Parsed 33024/42120 rows
Parsed 33056/42120 rows
Parsed 33088/42120 rows
Parsed 33120/42120 rows
Parsed 33152/42120 rows
Parsed 33184/42120 rows
Parsed 33216/42120 rows
Parsed 33248/42120 rows
Parsed 33280/42120 rows
Parsed 33312/42120 rows
Parsed 33344/42120 rows
Parsed 33376/42120 rows
Parsed 33408/42120 rows
Parsed 33440/42120 rows
Parsed 33472/42120 rows
Parsed 33504/42120 rows
Parsed 33536/42120 rows
Parsed 33568/42120 rows
Parsed 33600/42120 rows
Parsed 33632/42120 rows
Parsed 33664/42120 rows
Parsed 33696/42120 rows
Parsed 33728/42120 rows
Parsed 33760/42120 rows
Parsed 33792/42120 rows
Parsed 33824/42120 rows
Parsed 33856/42120 rows
Parsed 33888/42120 rows
Parsed 33920/42120 rows
Parsed 33952/42120 rows
Parsed 33984/42120 rows
Parsed 34016/42120 rows
Parsed 34048/42120 rows
Parsed 34080/42120 rows
Parsed 34112/42120 rows
Parsed 34144/42120 rows
Parsed 34176/42120 rows
Parsed 34208/42120 rows
Parsed 34240/42120 rows
Parsed 34272/42120 rows
Parsed 34304/42120 rows
Parsed 34336/42120 rows
Parsed 34368/42120 rows
Parsed 34400/42120 rows
Parsed 34432/42120 rows
Parsed 34464/42120 rows
Parsed 34496/42120 rows
Parsed 34528/42120 rows
Parsed 34560/42120 rows
Parsed 34592/42120 rows
Parsed 34624/42120 rows
Parsed 34656/42120 rows
Parsed 34688/42120 rows
Parsed 34720/42120 rows
Parsed 34752/42120 rows
Parsed 34784/42120 rows
Parsed 34816/42120 rows
Parsed 34848/42120 rows
Parsed 34880/42120 rows
Parsed 34912/42120 rows
Parsed 34944/42120 rows
Parsed 34976/42120 rows
Parsed 35008/42120 rows
Parsed 35040/42120 rows
Parsed 35072/42120 rows
Parsed 35104/42120 rows
Parsed 35136/42120 rows
Parsed 35168/42120 rows
Parsed 35200/42120 rows
Parsed 35232/42120 rows
Parsed 35264/42120 rows
Parsed 35296/42120 rows
Parsed 35328/42120 rows
Parsed 35360/42120 rows
Parsed 35392/42120 rows
Parsed 35424/42120 rows
Parsed 35456/42120 rows
Parsed 35488/42120 rows
Parsed 35520/42120 rows
Parsed 35552/42120 rows
Parsed 35584/42120 rows
Parsed 35616/42120 rows
Parsed 35648/42120 rows
Parsed 35680/42120 rows
Parsed 35712/42120 rows
Parsed 35744/42120 rows
Parsed 35776/42120 rows
Parsed 35808/42120 rows
Parsed 35840/42120 rows
Parsed 35872/42120 rows
Parsed 35904/42120 rows
Parsed 35936/42120 rows
Parsed 35968/42120 rows
Parsed 36000/42120 rows
Parsed 36032/42120 rows
Parsed 36064/42120 rows
Parsed 36096/42120 rows
Parsed 36128/42120 rows
Parsed 36160/42120 rows
Parsed 36192/42120 rows
Parsed 36224/42120 rows
Parsed 36256/42120 rows
Parsed 36288/42120 rows
Parsed 36320/42120 rows
Parsed 36352/42120 rows
Parsed 36384/42120 rows
Parsed 36416/42120 rows
Parsed 36448/42120 rows
Parsed 36480/42120 rows
Parsed 36512/42120 rows
Parsed 36544/42120 rows
Parsed 36576/42120 rows
Parsed 36608/42120 rows
Parsed 36640/42120 rows
Parsed 36672/42120 rows
Parsed 36704/42120 rows
Parsed 36736/42120 rows
Parsed 36768/42120 rows
Parsed 36800/42120 rows
Parsed 36832/42120 rows
Parsed 36864/42120 rows
Parsed 36896/42120 rows
Parsed 36928/42120 rows
Parsed 36960/42120 rows
Parsed 36992/42120 rows
Parsed 37024/42120 rows
Parsed 37056/42120 rows
Parsed 37088/42120 rows
Parsed 37120/42120 rows
Parsed 37152/42120 rows
Parsed 37184/42120 rows
Parsed 37216/42120 rows
Parsed 37248/42120 rows
Parsed 37280/42120 rows
Parsed 37312/42120 rows
Parsed 37344/42120 rows
Parsed 37376/42120 rows
Parsed 37408/42120 rows
Parsed 37440/42120 rows
Parsed 37472/42120 rows
Parsed 37504/42120 rows
Parsed 37536/42120 rows
Parsed 37568/42120 rows
Parsed 37600/42120 rows
Parsed 37632/42120 rows
Parsed 37664/42120 rows
Parsed 37696/42120 rows
Parsed 37728/42120 rows
Parsed 37760/42120 rows
Parsed 37792/42120 rows
Parsed 37824/42120 rows
Parsed 37856/42120 rows
Parsed 37888/42120 rows
Parsed 37920/42120 rows
Parsed 37952/42120 rows
Parsed 37984/42120 rows
Parsed 38016/42120 rows
Parsed 38048/42120 rows
Parsed 38080/42120 rows
Parsed 38112/42120 rows
Parsed 38144/42120 rows
Parsed 38176/42120 rows
Parsed 38208/42120 rows
Parsed 38240/42120 rows
Parsed 38272/42120 rows
Parsed 38304/42120 rows
Parsed 38336/42120 rows
Parsed 38368/42120 rows
Parsed 38400/42120 rows
Parsed 38432/42120 rows
Parsed 38464/42120 rows
Parsed 38496/42120 rows
Parsed 38528/42120 rows
Parsed 38560/42120 rows
Parsed 38592/42120 rows
Parsed 38624/42120 rows
Parsed 38656/42120 rows
Parsed 38688/42120 rows
Parsed 38720/42120 rows
Parsed 38752/42120 rows
Parsed 38784/42120 rows
Parsed 38816/42120 rows
Parsed 38848/42120 rows
Parsed 38880/42120 rows
Parsed 38912/42120 rows
Parsed 38944/42120 rows
Parsed 38976/42120 rows
Parsed 39008/42120 rows
Parsed 39040/42120 rows
Parsed 39072/42120 rows
Parsed 39104/42120 rows
Parsed 39136/42120 rows
Parsed 39168/42120 rows
Parsed 39200/42120 rows
Parsed 39232/42120 rows
Parsed 39264/42120 rows
Parsed 39296/42120 rows
Parsed 39328/42120 rows
Parsed 39360/42120 rows
Parsed 39392/42120 rows
Parsed 39424/42120 rows
Parsed 39456/42120 rows
Parsed 39488/42120 rows
Parsed 39520/42120 rows
Parsed 39552/42120 rows
Parsed 39584/42120 rows
Parsed 39616/42120 rows
Parsed 39648/42120 rows
Parsed 39680/42120 rows
Parsed 39712/42120 rows
Parsed 39744/42120 rows
Parsed 39776/42120 rows
Parsed 39808/42120 rows
Parsed 39840/42120 rows
Parsed 39872/42120 rows
Parsed 39904/42120 rows
Parsed 39936/42120 rows
Parsed 39968/42120 rows
Parsed 40000/42120 rows
Parsed 40032/42120 rows
Parsed 40064/42120 rows
Parsed 40096/42120 rows
Parsed 40128/42120 rows
Parsed 40160/42120 rows
Parsed 40192/42120 rows
Parsed 40224/42120 rows
Parsed 40256/42120 rows
Parsed 40288/42120 rows
Parsed 40320/42120 rows
Parsed 40352/42120 rows
Parsed 40384/42120 rows
Parsed 40416/42120 rows
Parsed 40448/42120 rows
Parsed 40480/42120 rows
Parsed 40512/42120 rows
Parsed 40544/42120 rows
Parsed 40576/42120 rows
Parsed 40608/42120 rows
Parsed 40640/42120 rows
Parsed 40672/42120 rows
Parsed 40704/42120 rows
Parsed 40736/42120 rows
Parsed 40768/42120 rows
Parsed 40800/42120 rows
Parsed 40832/42120 rows
Parsed 40864/42120 rows
Parsed 40896/42120 rows
Parsed 40928/42120 rows
Parsed 40960/42120 rows
Parsed 40992/42120 rows
Parsed 41024/42120 rows
Parsed 41056/42120 rows
Parsed 41088/42120 rows
Parsed 41120/42120 rows
Parsed 41152/42120 rows
Parsed 41184/42120 rows
Parsed 41216/42120 rows
Parsed 41248/42120 rows
Parsed 41280/42120 rows
Parsed 41312/42120 rows
Parsed 41344/42120 rows
Parsed 41376/42120 rows
Parsed 41408/42120 rows
Parsed 41440/42120 rows
Parsed 41472/42120 rows
Parsed 41504/42120 rows
Parsed 41536/42120 rows
Parsed 41568/42120 rows
Parsed 41600/42120 rows
Parsed 41632/42120 rows
Parsed 41664/42120 rows
Parsed 41696/42120 rows
Parsed 41728/42120 rows
Parsed 41760/42120 rows
Parsed 41792/42120 rows
Parsed 41824/42120 rows
Parsed 41856/42120 rows
Parsed 41888/42120 rows
Parsed 41920/42120 rows
Parsed 41952/42120 rows
Parsed 41984/42120 rows
Parsed 42016/42120 rows
Parsed 42048/42120 rows
Parsed 42080/42120 rows
Parsed 42112/42120 rows
Parsed 42120/42120 rows
Saved parsed results to: /projects/simlai1/Viberank/data/VibeRank/raw/hmls/VISPDAT/rc_responses/AIES_vispdat_llama7_NewFixedLoggerRun1SeedFixed_parsed.csv

IN : /projects/simlai1/Viberank/data/VibeRank/raw/hmls/VIFSPDAT/rc_responses/AIES_vifspdat_deepseek8B_NewFixedLoggerRun1SeedFixed.jsonl
OUT: /projects/simlai1/Viberank/data/VibeRank/raw/hmls/VIFSPDAT/rc_responses/AIES_vifspdat_deepseek8B_NewFixedLoggerRun1SeedFixed_parsed.csv

Parsing
/projects/simlai1/Viberank/data/VibeRank/raw/hmls/VIFSPDAT/rc_responses/AIES_vifspdat_deepseek8B_NewFixedLoggerRun1SeedFixed.jsonl
Loaded 194602 response rows
Parsed 32/194602 rows
Parsed 64/194602 rows
Parsed 96/194602 rows
Parsed 128/194602 rows
Parsed 160/194602 rows
Parsed 192/194602 rows
Parsed 224/194602 rows
Parsed 256/194602 rows
Parsed 288/194602 rows
Parsed 320/194602 rows
Parsed 352/194602 rows
Parsed 384/194602 rows
Parsed 416/194602 rows
Parsed 448/194602 rows
Parsed 480/194602 rows
Parsed 512/194602 rows
Parsed 544/194602 rows
Parsed 576/194602 rows
Parsed 608/194602 rows
Parsed 640/194602 rows
Parsed 672/194602 rows
Parsed 704/194602 rows
Parsed 736/194602 rows
Parsed 768/194602 rows
Parsed 800/194602 rows
Parsed 832/194602 rows
Parsed 864/194602 rows
Parsed 896/194602 rows
Parsed 928/194602 rows
Parsed 960/194602 rows
Parsed 992/194602 rows
Parsed 1024/194602 rows
Parsed 1056/194602 rows
Parsed 1088/194602 rows
Parsed 1120/194602 rows
Parsed 1152/194602 rows
Parsed 1184/194602 rows
Parsed 1216/194602 rows
Parsed 1248/194602 rows
Parsed 1280/194602 rows
Parsed 1312/194602 rows
Parsed 1344/194602 rows
Parsed 1376/194602 rows
Parsed 1408/194602 rows
Parsed 1440/194602 rows
Parsed 1472/194602 rows
Parsed 1504/194602 rows
Parsed 1536/194602 rows
Parsed 1568/194602 rows
Parsed 1600/194602 rows
Parsed 1632/194602 rows
Parsed 1664/194602 rows
Parsed 1696/194602 rows
Parsed 1728/194602 rows
Parsed 1760/194602 rows
Parsed 1792/194602 rows
Parsed 1824/194602 rows
Parsed 1856/194602 rows
Parsed 1888/194602 rows
Parsed 1920/194602 rows
Parsed 1952/194602 rows
Parsed 1984/194602 rows
Parsed 2016/194602 rows
Parsed 2048/194602 rows
Parsed 2080/194602 rows
Parsed 2112/194602 rows
Parsed 2144/194602 rows
Parsed 2176/194602 rows
Parsed 2208/194602 rows
Parsed 2240/194602 rows
Parsed 2272/194602 rows
Parsed 2304/194602 rows
Parsed 2336/194602 rows
Parsed 2368/194602 rows
Parsed 2400/194602 rows
Parsed 2432/194602 rows
Parsed 2464/194602 rows
Parsed 2496/194602 rows
Parsed 2528/194602 rows
Parsed 2560/194602 rows
Parsed 2592/194602 rows
Parsed 2624/194602 rows
Parsed 2656/194602 rows
Parsed 2688/194602 rows
Parsed 2720/194602 rows
Parsed 2752/194602 rows
Parsed 2784/194602 rows
Parsed 2816/194602 rows
Parsed 2848/194602 rows
Parsed 2880/194602 rows
Parsed 2912/194602 rows
Parsed 2944/194602 rows
Parsed 2976/194602 rows
Parsed 3008/194602 rows
Parsed 3040/194602 rows
Parsed 3072/194602 rows
Parsed 3104/194602 rows
Parsed 3136/194602 rows
Parsed 3168/194602 rows
Parsed 3200/194602 rows
Parsed 3232/194602 rows
Parsed 3264/194602 rows
Parsed 3296/194602 rows
Parsed 3328/194602 rows
Parsed 3360/194602 rows
Parsed 3392/194602 rows
Parsed 3424/194602 rows
Parsed 3456/194602 rows
Parsed 3488/194602 rows
Parsed 3520/194602 rows
Parsed 3552/194602 rows
Parsed 3584/194602 rows
Parsed 3616/194602 rows
Parsed 3648/194602 rows
Parsed 3680/194602 rows
Parsed 3712/194602 rows
Parsed 3744/194602 rows
Parsed 3776/194602 rows
Parsed 3808/194602 rows
Parsed 3840/194602 rows
Parsed 3872/194602 rows
Parsed 3904/194602 rows
Parsed 3936/194602 rows
Parsed 3968/194602 rows
Parsed 4000/194602 rows
Parsed 4032/194602 rows
Parsed 4064/194602 rows
Parsed 4096/194602 rows
Parsed 4128/194602 rows
Parsed 4160/194602 rows
Parsed 4192/194602 rows
Parsed 4224/194602 rows
Parsed 4256/194602 rows
Parsed 4288/194602 rows
Parsed 4320/194602 rows
Parsed 4352/194602 rows
Parsed 4384/194602 rows
Parsed 4416/194602 rows
Parsed 4448/194602 rows
Parsed 4480/194602 rows
Parsed 4512/194602 rows
Parsed 4544/194602 rows
Parsed 4576/194602 rows
Parsed 4608/194602 rows
Parsed 4640/194602 rows
Parsed 4672/194602 rows
Parsed 4704/194602 rows
Parsed 4736/194602 rows
Parsed 4768/194602 rows
Parsed 4800/194602 rows
Parsed 4832/194602 rows
Parsed 4864/194602 rows
Parsed 4896/194602 rows
Parsed 4928/194602 rows
Parsed 4960/194602 rows
Parsed 4992/194602 rows
Parsed 5024/194602 rows
Parsed 5056/194602 rows
Parsed 5088/194602 rows
Parsed 5120/194602 rows
Parsed 5152/194602 rows
Parsed 5184/194602 rows
Parsed 5216/194602 rows
Parsed 5248/194602 rows
Parsed 5280/194602 rows
Parsed 5312/194602 rows
Parsed 5344/194602 rows
Parsed 5376/194602 rows
Parsed 5408/194602 rows
Parsed 5440/194602 rows
Parsed 5472/194602 rows
Parsed 5504/194602 rows
Parsed 5536/194602 rows
Parsed 5568/194602 rows
Parsed 5600/194602 rows
Parsed 5632/194602 rows
Parsed 5664/194602 rows
Parsed 5696/194602 rows
Parsed 5728/194602 rows
Parsed 5760/194602 rows
Parsed 5792/194602 rows
Parsed 5824/194602 rows
Parsed 5856/194602 rows
Parsed 5888/194602 rows
Parsed 5920/194602 rows
Parsed 5952/194602 rows
Parsed 5984/194602 rows
Parsed 6016/194602 rows
Parsed 6048/194602 rows
Parsed 6080/194602 rows
Parsed 6112/194602 rows
Parsed 6144/194602 rows
Parsed 6176/194602 rows
Parsed 6208/194602 rows
Parsed 6240/194602 rows
Parsed 6272/194602 rows
Parsed 6304/194602 rows
Parsed 6336/194602 rows
Parsed 6368/194602 rows
Parsed 6400/194602 rows
Parsed 6432/194602 rows
Parsed 6464/194602 rows
Parsed 6496/194602 rows
Parsed 6528/194602 rows
Parsed 6560/194602 rows
Parsed 6592/194602 rows
Parsed 6624/194602 rows
Parsed 6656/194602 rows
Parsed 6688/194602 rows
Parsed 6720/194602 rows
Parsed 6752/194602 rows
Parsed 6784/194602 rows
Parsed 6816/194602 rows
Parsed 6848/194602 rows
Parsed 6880/194602 rows
Parsed 6912/194602 rows
Parsed 6944/194602 rows
Parsed 6976/194602 rows
Parsed 7008/194602 rows
Parsed 7040/194602 rows
Parsed 7072/194602 rows
Parsed 7104/194602 rows
Parsed 7136/194602 rows
Parsed 7168/194602 rows
Parsed 7200/194602 rows
Parsed 7232/194602 rows
Parsed 7264/194602 rows
Parsed 7296/194602 rows
Parsed 7328/194602 rows
Parsed 7360/194602 rows
Parsed 7392/194602 rows
Parsed 7424/194602 rows
Parsed 7456/194602 rows
Parsed 7488/194602 rows
Parsed 7520/194602 rows
Parsed 7552/194602 rows
Parsed 7584/194602 rows
Parsed 7616/194602 rows
Parsed 7648/194602 rows
Parsed 7680/194602 rows
Parsed 7712/194602 rows
Parsed 7744/194602 rows
Parsed 7776/194602 rows
Parsed 7808/194602 rows
Parsed 7840/194602 rows
Parsed 7872/194602 rows
Parsed 7904/194602 rows
Parsed 7936/194602 rows
Parsed 7968/194602 rows
Parsed 8000/194602 rows
Parsed 8032/194602 rows
Parsed 8064/194602 rows
Parsed 8096/194602 rows
Parsed 8128/194602 rows
Parsed 8160/194602 rows
Parsed 8192/194602 rows
Parsed 8224/194602 rows
Parsed 8256/194602 rows
Parsed 8288/194602 rows
Parsed 8320/194602 rows
Parsed 8352/194602 rows
Parsed 8384/194602 rows
Parsed 8416/194602 rows
Parsed 8448/194602 rows
Parsed 8480/194602 rows
Parsed 8512/194602 rows
Parsed 8544/194602 rows
Parsed 8576/194602 rows
Parsed 8608/194602 rows
Parsed 8640/194602 rows
Parsed 8672/194602 rows
Parsed 8704/194602 rows
Parsed 8736/194602 rows
Parsed 8768/194602 rows
Parsed 8800/194602 rows
Parsed 8832/194602 rows
Parsed 8864/194602 rows
Parsed 8896/194602 rows
Parsed 8928/194602 rows
Parsed 8960/194602 rows
Parsed 8992/194602 rows
Parsed 9024/194602 rows
Parsed 9056/194602 rows
Parsed 9088/194602 rows
Parsed 9120/194602 rows
Parsed 9152/194602 rows
Parsed 9184/194602 rows
Parsed 9216/194602 rows
Parsed 9248/194602 rows
Parsed 9280/194602 rows
Parsed 9312/194602 rows
Parsed 9344/194602 rows
Parsed 9376/194602 rows
Parsed 9408/194602 rows
Parsed 9440/194602 rows
Parsed 9472/194602 rows
Parsed 9504/194602 rows
Parsed 9536/194602 rows
Parsed 9568/194602 rows
Parsed 9600/194602 rows
Parsed 9632/194602 rows
Parsed 9664/194602 rows
Parsed 9696/194602 rows
Parsed 9728/194602 rows
Parsed 9760/194602 rows
Parsed 9792/194602 rows
Parsed 9824/194602 rows
Parsed 9856/194602 rows
Parsed 9888/194602 rows
Parsed 9920/194602 rows
Parsed 9952/194602 rows
Parsed 9984/194602 rows
Parsed 10016/194602 rows
Parsed 10048/194602 rows
Parsed 10080/194602 rows
Parsed 10112/194602 rows
Parsed 10144/194602 rows
Parsed 10176/194602 rows
Parsed 10208/194602 rows
Parsed 10240/194602 rows
Parsed 10272/194602 rows
Parsed 10304/194602 rows
Parsed 10336/194602 rows
Parsed 10368/194602 rows
Parsed 10400/194602 rows
Parsed 10432/194602 rows
Parsed 10464/194602 rows
Parsed 10496/194602 rows
Parsed 10528/194602 rows
Parsed 10560/194602 rows
Parsed 10592/194602 rows
Parsed 10624/194602 rows
Parsed 10656/194602 rows
Parsed 10688/194602 rows
Parsed 10720/194602 rows
Parsed 10752/194602 rows
Parsed 10784/194602 rows
Parsed 10816/194602 rows
Parsed 10848/194602 rows
Parsed 10880/194602 rows
Parsed 10912/194602 rows
Parsed 10944/194602 rows
Parsed 10976/194602 rows
Parsed 11008/194602 rows
Parsed 11040/194602 rows
Parsed 11072/194602 rows
Parsed 11104/194602 rows
Parsed 11136/194602 rows
Parsed 11168/194602 rows
Parsed 11200/194602 rows
Parsed 11232/194602 rows
Parsed 11264/194602 rows
Parsed 11296/194602 rows
Parsed 11328/194602 rows
Parsed 11360/194602 rows
Parsed 11392/194602 rows
Parsed 11424/194602 rows
Parsed 11456/194602 rows
Parsed 11488/194602 rows
Parsed 11520/194602 rows
Parsed 11552/194602 rows
Parsed 11584/194602 rows
Parsed 11616/194602 rows
Parsed 11648/194602 rows
Parsed 11680/194602 rows
Parsed 11712/194602 rows
Parsed 11744/194602 rows
Parsed 11776/194602 rows
Parsed 11808/194602 rows
Parsed 11840/194602 rows
Parsed 11872/194602 rows
Parsed 11904/194602 rows
Parsed 11936/194602 rows
Parsed 11968/194602 rows
Parsed 12000/194602 rows
Parsed 12032/194602 rows
Parsed 12064/194602 rows
Parsed 12096/194602 rows
Parsed 12128/194602 rows
Parsed 12160/194602 rows
Parsed 12192/194602 rows
Parsed 12224/194602 rows
Parsed 12256/194602 rows
Parsed 12288/194602 rows
Parsed 12320/194602 rows
Parsed 12352/194602 rows
Parsed 12384/194602 rows
Parsed 12416/194602 rows
Parsed 12448/194602 rows
Parsed 12480/194602 rows
Parsed 12512/194602 rows
Parsed 12544/194602 rows
Parsed 12576/194602 rows
Parsed 12608/194602 rows
Parsed 12640/194602 rows
Parsed 12672/194602 rows
Parsed 12704/194602 rows
Parsed 12736/194602 rows
Parsed 12768/194602 rows
Parsed 12800/194602 rows
Parsed 12832/194602 rows
Parsed 12864/194602 rows
Parsed 12896/194602 rows
Parsed 12928/194602 rows
Parsed 12960/194602 rows
Parsed 12992/194602 rows
Parsed 13024/194602 rows
Parsed 13056/194602 rows
Parsed 13088/194602 rows
Parsed 13120/194602 rows
Parsed 13152/194602 rows
Parsed 13184/194602 rows
Parsed 13216/194602 rows
Parsed 13248/194602 rows
Parsed 13280/194602 rows
Parsed 13312/194602 rows
Parsed 13344/194602 rows
Parsed 13376/194602 rows
Parsed 13408/194602 rows
Parsed 13440/194602 rows
Parsed 13472/194602 rows
Parsed 13504/194602 rows
Parsed 13536/194602 rows
Parsed 13568/194602 rows
Parsed 13600/194602 rows
Parsed 13632/194602 rows
Parsed 13664/194602 rows
Parsed 13696/194602 rows
Parsed 13728/194602 rows
Parsed 13760/194602 rows
Parsed 13792/194602 rows
Parsed 13824/194602 rows
Parsed 13856/194602 rows
Parsed 13888/194602 rows
Parsed 13920/194602 rows
Parsed 13952/194602 rows
Parsed 13984/194602 rows
Parsed 14016/194602 rows
Parsed 14048/194602 rows
Parsed 14080/194602 rows
Parsed 14112/194602 rows
Parsed 14144/194602 rows
Parsed 14176/194602 rows
Parsed 14208/194602 rows
Parsed 14240/194602 rows
Parsed 14272/194602 rows
Parsed 14304/194602 rows
Parsed 14336/194602 rows
Parsed 14368/194602 rows
Parsed 14400/194602 rows
Parsed 14432/194602 rows
Parsed 14464/194602 rows
Parsed 14496/194602 rows
Parsed 14528/194602 rows
Parsed 14560/194602 rows
Parsed 14592/194602 rows
Parsed 14624/194602 rows
Parsed 14656/194602 rows
Parsed 14688/194602 rows
Parsed 14720/194602 rows
Parsed 14752/194602 rows
Parsed 14784/194602 rows
Parsed 14816/194602 rows
Parsed 14848/194602 rows
Parsed 14880/194602 rows
Parsed 14912/194602 rows
Parsed 14944/194602 rows
Parsed 14976/194602 rows
Parsed 15008/194602 rows
Parsed 15040/194602 rows
Parsed 15072/194602 rows
Parsed 15104/194602 rows
Parsed 15136/194602 rows
Parsed 15168/194602 rows
Parsed 15200/194602 rows
Parsed 15232/194602 rows
Parsed 15264/194602 rows
Parsed 15296/194602 rows
Parsed 15328/194602 rows
Parsed 15360/194602 rows
Parsed 15392/194602 rows
Parsed 15424/194602 rows
Parsed 15456/194602 rows
Parsed 15488/194602 rows
Parsed 15520/194602 rows
Parsed 15552/194602 rows
Parsed 15584/194602 rows
Parsed 15616/194602 rows
Parsed 15648/194602 rows
Parsed 15680/194602 rows
Parsed 15712/194602 rows
Parsed 15744/194602 rows
Parsed 15776/194602 rows
Parsed 15808/194602 rows
Parsed 15840/194602 rows
Parsed 15872/194602 rows
Parsed 15904/194602 rows
Parsed 15936/194602 rows
Parsed 15968/194602 rows
Parsed 16000/194602 rows
Parsed 16032/194602 rows
Parsed 16064/194602 rows
Parsed 16096/194602 rows
Parsed 16128/194602 rows
Parsed 16160/194602 rows
Parsed 16192/194602 rows
Parsed 16224/194602 rows
Parsed 16256/194602 rows
Parsed 16288/194602 rows
Parsed 16320/194602 rows
Parsed 16352/194602 rows
Parsed 16384/194602 rows
Parsed 16416/194602 rows
Parsed 16448/194602 rows
Parsed 16480/194602 rows
Parsed 16512/194602 rows
Parsed 16544/194602 rows
Parsed 16576/194602 rows
Parsed 16608/194602 rows
Parsed 16640/194602 rows
Parsed 16672/194602 rows
Parsed 16704/194602 rows
Parsed 16736/194602 rows
Parsed 16768/194602 rows
Parsed 16800/194602 rows
Parsed 16832/194602 rows
Parsed 16864/194602 rows
Parsed 16896/194602 rows
Parsed 16928/194602 rows
Parsed 16960/194602 rows
Parsed 16992/194602 rows
Parsed 17024/194602 rows
Parsed 17056/194602 rows
Parsed 17088/194602 rows
Parsed 17120/194602 rows
Parsed 17152/194602 rows
Parsed 17184/194602 rows
Parsed 17216/194602 rows
Parsed 17248/194602 rows
Parsed 17280/194602 rows
Parsed 17312/194602 rows
Parsed 17344/194602 rows
Parsed 17376/194602 rows
Parsed 17408/194602 rows
Parsed 17440/194602 rows
Parsed 17472/194602 rows
Parsed 17504/194602 rows
Parsed 17536/194602 rows
Parsed 17568/194602 rows
Parsed 17600/194602 rows
Parsed 17632/194602 rows
Parsed 17664/194602 rows
Parsed 17696/194602 rows
Parsed 17728/194602 rows
Parsed 17760/194602 rows
Parsed 17792/194602 rows
Parsed 17824/194602 rows
Parsed 17856/194602 rows
Parsed 17888/194602 rows
Parsed 17920/194602 rows
Parsed 17952/194602 rows
Parsed 17984/194602 rows
Parsed 18016/194602 rows
Parsed 18048/194602 rows
Parsed 18080/194602 rows
Parsed 18112/194602 rows
Parsed 18144/194602 rows
Parsed 18176/194602 rows
Parsed 18208/194602 rows
Parsed 18240/194602 rows
Parsed 18272/194602 rows
Parsed 18304/194602 rows
Parsed 18336/194602 rows
Parsed 18368/194602 rows
Parsed 18400/194602 rows
Parsed 18432/194602 rows
Parsed 18464/194602 rows
Parsed 18496/194602 rows
Parsed 18528/194602 rows
Parsed 18560/194602 rows
Parsed 18592/194602 rows
Parsed 18624/194602 rows
Parsed 18656/194602 rows
Parsed 18688/194602 rows
Parsed 18720/194602 rows
Parsed 18752/194602 rows
Parsed 18784/194602 rows
Parsed 18816/194602 rows
Parsed 18848/194602 rows
Parsed 18880/194602 rows
Parsed 18912/194602 rows
Parsed 18944/194602 rows
Parsed 18976/194602 rows
Parsed 19008/194602 rows
Parsed 19040/194602 rows
Parsed 19072/194602 rows
Parsed 19104/194602 rows
Parsed 19136/194602 rows
Parsed 19168/194602 rows
Parsed 19200/194602 rows
Parsed 19232/194602 rows
Parsed 19264/194602 rows
Parsed 19296/194602 rows
Parsed 19328/194602 rows
Parsed 19360/194602 rows
Parsed 19392/194602 rows
Parsed 19424/194602 rows
Parsed 19456/194602 rows
Parsed 19488/194602 rows
Parsed 19520/194602 rows
Parsed 19552/194602 rows
Parsed 19584/194602 rows
Parsed 19616/194602 rows
Parsed 19648/194602 rows
Parsed 19680/194602 rows
Parsed 19712/194602 rows
Parsed 19744/194602 rows
Parsed 19776/194602 rows
Parsed 19808/194602 rows
Parsed 19840/194602 rows
Parsed 19872/194602 rows
Parsed 19904/194602 rows
Parsed 19936/194602 rows
Parsed 19968/194602 rows
Parsed 20000/194602 rows
Parsed 20032/194602 rows
Parsed 20064/194602 rows
Parsed 20096/194602 rows
Parsed 20128/194602 rows
Parsed 20160/194602 rows
Parsed 20192/194602 rows
Parsed 20224/194602 rows
Parsed 20256/194602 rows
Parsed 20288/194602 rows
Parsed 20320/194602 rows
Parsed 20352/194602 rows
Parsed 20384/194602 rows
Parsed 20416/194602 rows
Parsed 20448/194602 rows
Parsed 20480/194602 rows
Parsed 20512/194602 rows
Parsed 20544/194602 rows
Parsed 20576/194602 rows
Parsed 20608/194602 rows
Parsed 20640/194602 rows
Parsed 20672/194602 rows
Parsed 20704/194602 rows
Parsed 20736/194602 rows
Parsed 20768/194602 rows
Parsed 20800/194602 rows
Parsed 20832/194602 rows
Parsed 20864/194602 rows
Parsed 20896/194602 rows
Parsed 20928/194602 rows
Parsed 20960/194602 rows
Parsed 20992/194602 rows
Parsed 21024/194602 rows
Parsed 21056/194602 rows
Parsed 21088/194602 rows
Parsed 21120/194602 rows
Parsed 21152/194602 rows
Parsed 21184/194602 rows
Parsed 21216/194602 rows
Parsed 21248/194602 rows
Parsed 21280/194602 rows
Parsed 21312/194602 rows
Parsed 21344/194602 rows
Parsed 21376/194602 rows
Parsed 21408/194602 rows
Parsed 21440/194602 rows
Parsed 21472/194602 rows
Parsed 21504/194602 rows
Parsed 21536/194602 rows
Parsed 21568/194602 rows
Parsed 21600/194602 rows
Parsed 21632/194602 rows
Parsed 21664/194602 rows
Parsed 21696/194602 rows
Parsed 21728/194602 rows
Parsed 21760/194602 rows
Parsed 21792/194602 rows
Parsed 21824/194602 rows
Parsed 21856/194602 rows
Parsed 21888/194602 rows
Parsed 21920/194602 rows
Parsed 21952/194602 rows
Parsed 21984/194602 rows
Parsed 22016/194602 rows
Parsed 22048/194602 rows
Parsed 22080/194602 rows
Parsed 22112/194602 rows
Parsed 22144/194602 rows
Parsed 22176/194602 rows
Parsed 22208/194602 rows
Parsed 22240/194602 rows
Parsed 22272/194602 rows
Parsed 22304/194602 rows
Parsed 22336/194602 rows
Parsed 22368/194602 rows
Parsed 22400/194602 rows
Parsed 22432/194602 rows
Parsed 22464/194602 rows
Parsed 22496/194602 rows
Parsed 22528/194602 rows
Parsed 22560/194602 rows
Parsed 22592/194602 rows
Parsed 22624/194602 rows
Parsed 22656/194602 rows
Parsed 22688/194602 rows
Parsed 22720/194602 rows
Parsed 22752/194602 rows
Parsed 22784/194602 rows
Parsed 22816/194602 rows
Parsed 22848/194602 rows
Parsed 22880/194602 rows
Parsed 22912/194602 rows
Parsed 22944/194602 rows
Parsed 22976/194602 rows
Parsed 23008/194602 rows
Parsed 23040/194602 rows
Parsed 23072/194602 rows
Parsed 23104/194602 rows
Parsed 23136/194602 rows
Parsed 23168/194602 rows
Parsed 23200/194602 rows
Parsed 23232/194602 rows
Parsed 23264/194602 rows
Parsed 23296/194602 rows
Parsed 23328/194602 rows
Parsed 23360/194602 rows
Parsed 23392/194602 rows
Parsed 23424/194602 rows
Parsed 23456/194602 rows
Parsed 23488/194602 rows
Parsed 23520/194602 rows
Parsed 23552/194602 rows
Parsed 23584/194602 rows
Parsed 23616/194602 rows
Parsed 23648/194602 rows
Parsed 23680/194602 rows
Parsed 23712/194602 rows
Parsed 23744/194602 rows
Parsed 23776/194602 rows
Parsed 23808/194602 rows
Parsed 23840/194602 rows
Parsed 23872/194602 rows
Parsed 23904/194602 rows
Parsed 23936/194602 rows
Parsed 23968/194602 rows
Parsed 24000/194602 rows
Parsed 24032/194602 rows
Parsed 24064/194602 rows
Parsed 24096/194602 rows
Parsed 24128/194602 rows
Parsed 24160/194602 rows
Parsed 24192/194602 rows
Parsed 24224/194602 rows
Parsed 24256/194602 rows
Parsed 24288/194602 rows
Parsed 24320/194602 rows
Parsed 24352/194602 rows
Parsed 24384/194602 rows
Parsed 24416/194602 rows
Parsed 24448/194602 rows
Parsed 24480/194602 rows
Parsed 24512/194602 rows
Parsed 24544/194602 rows
Parsed 24576/194602 rows
Parsed 24608/194602 rows
Parsed 24640/194602 rows
Parsed 24672/194602 rows
Parsed 24704/194602 rows
Parsed 24736/194602 rows
Parsed 24768/194602 rows
Parsed 24800/194602 rows
Parsed 24832/194602 rows
Parsed 24864/194602 rows
Parsed 24896/194602 rows
Parsed 24928/194602 rows
Parsed 24960/194602 rows
Parsed 24992/194602 rows
Parsed 25024/194602 rows
Parsed 25056/194602 rows
Parsed 25088/194602 rows
Parsed 25120/194602 rows
Parsed 25152/194602 rows
Parsed 25184/194602 rows
Parsed 25216/194602 rows
Parsed 25248/194602 rows
Parsed 25280/194602 rows
Parsed 25312/194602 rows
Parsed 25344/194602 rows
Parsed 25376/194602 rows
Parsed 25408/194602 rows
Parsed 25440/194602 rows
Parsed 25472/194602 rows
Parsed 25504/194602 rows
Parsed 25536/194602 rows
Parsed 25568/194602 rows
Parsed 25600/194602 rows
Parsed 25632/194602 rows
Parsed 25664/194602 rows
Parsed 25696/194602 rows
Parsed 25728/194602 rows
Parsed 25760/194602 rows
Parsed 25792/194602 rows
Parsed 25824/194602 rows
Parsed 25856/194602 rows
Parsed 25888/194602 rows
Parsed 25920/194602 rows
Parsed 25952/194602 rows
Parsed 25984/194602 rows
Parsed 26016/194602 rows
Parsed 26048/194602 rows
Parsed 26080/194602 rows
Parsed 26112/194602 rows
Parsed 26144/194602 rows
Parsed 26176/194602 rows
Parsed 26208/194602 rows
Parsed 26240/194602 rows
Parsed 26272/194602 rows
Parsed 26304/194602 rows
Parsed 26336/194602 rows
Parsed 26368/194602 rows
Parsed 26400/194602 rows
Parsed 26432/194602 rows
Parsed 26464/194602 rows
Parsed 26496/194602 rows
Parsed 26528/194602 rows
Parsed 26560/194602 rows
Parsed 26592/194602 rows
Parsed 26624/194602 rows
Parsed 26656/194602 rows
Parsed 26688/194602 rows
Parsed 26720/194602 rows
Parsed 26752/194602 rows
Parsed 26784/194602 rows
Parsed 26816/194602 rows
Parsed 26848/194602 rows
Parsed 26880/194602 rows
Parsed 26912/194602 rows
Parsed 26944/194602 rows
Parsed 26976/194602 rows
Parsed 27008/194602 rows
Parsed 27040/194602 rows
Parsed 27072/194602 rows
Parsed 27104/194602 rows
Parsed 27136/194602 rows
Parsed 27168/194602 rows
Parsed 27200/194602 rows
Parsed 27232/194602 rows
Parsed 27264/194602 rows
Parsed 27296/194602 rows
Parsed 27328/194602 rows
Parsed 27360/194602 rows
Parsed 27392/194602 rows
Parsed 27424/194602 rows
Parsed 27456/194602 rows
Parsed 27488/194602 rows
Parsed 27520/194602 rows
Parsed 27552/194602 rows
Parsed 27584/194602 rows
Parsed 27616/194602 rows
Parsed 27648/194602 rows
Parsed 27680/194602 rows
Parsed 27712/194602 rows
Parsed 27744/194602 rows
Parsed 27776/194602 rows
Parsed 27808/194602 rows
Parsed 27840/194602 rows
Parsed 27872/194602 rows
Parsed 27904/194602 rows
Parsed 27936/194602 rows
Parsed 27968/194602 rows
Parsed 28000/194602 rows
Parsed 28032/194602 rows
Parsed 28064/194602 rows
Parsed 28096/194602 rows
Parsed 28128/194602 rows
Parsed 28160/194602 rows
Parsed 28192/194602 rows
Parsed 28224/194602 rows
Parsed 28256/194602 rows
Parsed 28288/194602 rows
Parsed 28320/194602 rows
Parsed 28352/194602 rows
Parsed 28384/194602 rows
Parsed 28416/194602 rows
Parsed 28448/194602 rows
Parsed 28480/194602 rows
Parsed 28512/194602 rows
Parsed 28544/194602 rows
Parsed 28576/194602 rows
Parsed 28608/194602 rows
Parsed 28640/194602 rows
Parsed 28672/194602 rows
Parsed 28704/194602 rows
Parsed 28736/194602 rows
Parsed 28768/194602 rows
Parsed 28800/194602 rows
Parsed 28832/194602 rows
Parsed 28864/194602 rows
Parsed 28896/194602 rows
Parsed 28928/194602 rows
Parsed 28960/194602 rows
Parsed 28992/194602 rows
Parsed 29024/194602 rows
Parsed 29056/194602 rows
Parsed 29088/194602 rows
Parsed 29120/194602 rows
Parsed 29152/194602 rows
Parsed 29184/194602 rows
Parsed 29216/194602 rows
Parsed 29248/194602 rows
Parsed 29280/194602 rows
Parsed 29312/194602 rows
Parsed 29344/194602 rows
Parsed 29376/194602 rows
Parsed 29408/194602 rows
Parsed 29440/194602 rows
Parsed 29472/194602 rows
Parsed 29504/194602 rows
Parsed 29536/194602 rows
Parsed 29568/194602 rows
Parsed 29600/194602 rows
Parsed 29632/194602 rows
Parsed 29664/194602 rows
Parsed 29696/194602 rows
Parsed 29728/194602 rows
Parsed 29760/194602 rows
Parsed 29792/194602 rows
Parsed 29824/194602 rows
Parsed 29856/194602 rows
Parsed 29888/194602 rows
Parsed 29920/194602 rows
Parsed 29952/194602 rows
Parsed 29984/194602 rows
Parsed 30016/194602 rows
Parsed 30048/194602 rows
Parsed 30080/194602 rows
Parsed 30112/194602 rows
Parsed 30144/194602 rows
Parsed 30176/194602 rows
Parsed 30208/194602 rows
Parsed 30240/194602 rows
Parsed 30272/194602 rows
Parsed 30304/194602 rows
Parsed 30336/194602 rows
Parsed 30368/194602 rows
Parsed 30400/194602 rows
Parsed 30432/194602 rows
Parsed 30464/194602 rows
Parsed 30496/194602 rows
Parsed 30528/194602 rows
Parsed 30560/194602 rows
Parsed 30592/194602 rows
Parsed 30624/194602 rows
Parsed 30656/194602 rows
Parsed 30688/194602 rows
Parsed 30720/194602 rows
Parsed 30752/194602 rows
Parsed 30784/194602 rows
Parsed 30816/194602 rows
Parsed 30848/194602 rows
Parsed 30880/194602 rows
Parsed 30912/194602 rows
Parsed 30944/194602 rows
Parsed 30976/194602 rows
Parsed 31008/194602 rows
Parsed 31040/194602 rows
Parsed 31072/194602 rows
Parsed 31104/194602 rows
Parsed 31136/194602 rows
Parsed 31168/194602 rows
Parsed 31200/194602 rows
Parsed 31232/194602 rows
Parsed 31264/194602 rows
Parsed 31296/194602 rows
Parsed 31328/194602 rows
Parsed 31360/194602 rows
Parsed 31392/194602 rows
Parsed 31424/194602 rows
Parsed 31456/194602 rows
Parsed 31488/194602 rows
Parsed 31520/194602 rows
Parsed 31552/194602 rows
Parsed 31584/194602 rows
Parsed 31616/194602 rows
Parsed 31648/194602 rows
Parsed 31680/194602 rows
Parsed 31712/194602 rows
Parsed 31744/194602 rows
Parsed 31776/194602 rows
Parsed 31808/194602 rows
Parsed 31840/194602 rows
Parsed 31872/194602 rows
Parsed 31904/194602 rows
Parsed 31936/194602 rows
Parsed 31968/194602 rows
Parsed 32000/194602 rows
Parsed 32032/194602 rows
Parsed 32064/194602 rows
Parsed 32096/194602 rows
Parsed 32128/194602 rows
Parsed 32160/194602 rows
Parsed 32192/194602 rows
Parsed 32224/194602 rows
Parsed 32256/194602 rows
Parsed 32288/194602 rows
Parsed 32320/194602 rows
Parsed 32352/194602 rows
Parsed 32384/194602 rows
Parsed 32416/194602 rows
Parsed 32448/194602 rows
Parsed 32480/194602 rows
Parsed 32512/194602 rows
Parsed 32544/194602 rows
Parsed 32576/194602 rows
Parsed 32608/194602 rows
Parsed 32640/194602 rows
Parsed 32672/194602 rows
Parsed 32704/194602 rows
Parsed 32736/194602 rows
Parsed 32768/194602 rows
Parsed 32800/194602 rows
Parsed 32832/194602 rows
Parsed 32864/194602 rows
Parsed 32896/194602 rows
Parsed 32928/194602 rows
Parsed 32960/194602 rows
Parsed 32992/194602 rows
Parsed 33024/194602 rows
Parsed 33056/194602 rows
Parsed 33088/194602 rows
Parsed 33120/194602 rows
Parsed 33152/194602 rows
Parsed 33184/194602 rows
Parsed 33216/194602 rows
Parsed 33248/194602 rows
Parsed 33280/194602 rows
Parsed 33312/194602 rows
Parsed 33344/194602 rows
Parsed 33376/194602 rows
Parsed 33408/194602 rows
Parsed 33440/194602 rows
Parsed 33472/194602 rows
Parsed 33504/194602 rows
Parsed 33536/194602 rows
Parsed 33568/194602 rows
Parsed 33600/194602 rows
Parsed 33632/194602 rows
Parsed 33664/194602 rows
Parsed 33696/194602 rows
Parsed 33728/194602 rows
Parsed 33760/194602 rows
Parsed 33792/194602 rows
Parsed 33824/194602 rows
Parsed 33856/194602 rows
Parsed 33888/194602 rows
Parsed 33920/194602 rows
Parsed 33952/194602 rows
Parsed 33984/194602 rows
Parsed 34016/194602 rows
Parsed 34048/194602 rows
Parsed 34080/194602 rows
Parsed 34112/194602 rows
Parsed 34144/194602 rows
Parsed 34176/194602 rows
Parsed 34208/194602 rows
Parsed 34240/194602 rows
Parsed 34272/194602 rows
Parsed 34304/194602 rows
Parsed 34336/194602 rows
Parsed 34368/194602 rows
Parsed 34400/194602 rows
Parsed 34432/194602 rows
Parsed 34464/194602 rows
Parsed 34496/194602 rows
Parsed 34528/194602 rows
Parsed 34560/194602 rows
Parsed 34592/194602 rows
Parsed 34624/194602 rows
Parsed 34656/194602 rows
Parsed 34688/194602 rows
Parsed 34720/194602 rows
Parsed 34752/194602 rows
Parsed 34784/194602 rows
Parsed 34816/194602 rows
Parsed 34848/194602 rows
Parsed 34880/194602 rows
Parsed 34912/194602 rows
Parsed 34944/194602 rows
Parsed 34976/194602 rows
Parsed 35008/194602 rows
Parsed 35040/194602 rows
Parsed 35072/194602 rows
Parsed 35104/194602 rows
Parsed 35136/194602 rows
Parsed 35168/194602 rows
Parsed 35200/194602 rows
Parsed 35232/194602 rows
Parsed 35264/194602 rows
Parsed 35296/194602 rows
Parsed 35328/194602 rows
Parsed 35360/194602 rows
Parsed 35392/194602 rows
Parsed 35424/194602 rows
Parsed 35456/194602 rows
Parsed 35488/194602 rows
Parsed 35520/194602 rows
Parsed 35552/194602 rows
Parsed 35584/194602 rows
Parsed 35616/194602 rows
Parsed 35648/194602 rows
Parsed 35680/194602 rows
Parsed 35712/194602 rows
Parsed 35744/194602 rows
Parsed 35776/194602 rows
Parsed 35808/194602 rows
Parsed 35840/194602 rows
Parsed 35872/194602 rows
Parsed 35904/194602 rows
Parsed 35936/194602 rows
Parsed 35968/194602 rows
Parsed 36000/194602 rows
Parsed 36032/194602 rows
Parsed 36064/194602 rows
Parsed 36096/194602 rows
Parsed 36128/194602 rows
Parsed 36160/194602 rows
Parsed 36192/194602 rows
Parsed 36224/194602 rows
Parsed 36256/194602 rows
Parsed 36288/194602 rows
Parsed 36320/194602 rows
Parsed 36352/194602 rows
Parsed 36384/194602 rows
Parsed 36416/194602 rows
Parsed 36448/194602 rows
Parsed 36480/194602 rows
Parsed 36512/194602 rows
Parsed 36544/194602 rows
Parsed 36576/194602 rows
Parsed 36608/194602 rows
Parsed 36640/194602 rows
Parsed 36672/194602 rows
Parsed 36704/194602 rows
Parsed 36736/194602 rows
Parsed 36768/194602 rows
Parsed 36800/194602 rows
Parsed 36832/194602 rows
Parsed 36864/194602 rows
Parsed 36896/194602 rows
Parsed 36928/194602 rows
Parsed 36960/194602 rows
Parsed 36992/194602 rows
Parsed 37024/194602 rows
Parsed 37056/194602 rows
Parsed 37088/194602 rows
Parsed 37120/194602 rows
Parsed 37152/194602 rows
Parsed 37184/194602 rows
Parsed 37216/194602 rows
Parsed 37248/194602 rows
Parsed 37280/194602 rows
Parsed 37312/194602 rows
Parsed 37344/194602 rows
Parsed 37376/194602 rows
Parsed 37408/194602 rows
Parsed 37440/194602 rows
Parsed 37472/194602 rows
Parsed 37504/194602 rows
Parsed 37536/194602 rows
Parsed 37568/194602 rows
Parsed 37600/194602 rows
Parsed 37632/194602 rows
Parsed 37664/194602 rows
Parsed 37696/194602 rows
Parsed 37728/194602 rows
Parsed 37760/194602 rows
Parsed 37792/194602 rows
Parsed 37824/194602 rows
Parsed 37856/194602 rows
Parsed 37888/194602 rows
Parsed 37920/194602 rows
Parsed 37952/194602 rows
Parsed 37984/194602 rows
Parsed 38016/194602 rows
Parsed 38048/194602 rows
Parsed 38080/194602 rows
Parsed 38112/194602 rows
Parsed 38144/194602 rows
Parsed 38176/194602 rows
Parsed 38208/194602 rows
Parsed 38240/194602 rows
Parsed 38272/194602 rows
Parsed 38304/194602 rows
Parsed 38336/194602 rows
Parsed 38368/194602 rows
Parsed 38400/194602 rows
Parsed 38432/194602 rows
Parsed 38464/194602 rows
Parsed 38496/194602 rows
Parsed 38528/194602 rows
Parsed 38560/194602 rows
Parsed 38592/194602 rows
Parsed 38624/194602 rows
Parsed 38656/194602 rows
Parsed 38688/194602 rows
Parsed 38720/194602 rows
Parsed 38752/194602 rows
Parsed 38784/194602 rows
Parsed 38816/194602 rows
Parsed 38848/194602 rows
Parsed 38880/194602 rows
Parsed 38912/194602 rows
Parsed 38944/194602 rows
Parsed 38976/194602 rows
Parsed 39008/194602 rows
Parsed 39040/194602 rows
Parsed 39072/194602 rows
Parsed 39104/194602 rows
Parsed 39136/194602 rows
Parsed 39168/194602 rows
Parsed 39200/194602 rows
Parsed 39232/194602 rows
Parsed 39264/194602 rows
Parsed 39296/194602 rows
Parsed 39328/194602 rows
Parsed 39360/194602 rows
Parsed 39392/194602 rows
Parsed 39424/194602 rows
Parsed 39456/194602 rows
Parsed 39488/194602 rows
Parsed 39520/194602 rows
Parsed 39552/194602 rows
Parsed 39584/194602 rows
Parsed 39616/194602 rows
Parsed 39648/194602 rows
Parsed 39680/194602 rows
Parsed 39712/194602 rows
Parsed 39744/194602 rows
Parsed 39776/194602 rows
Parsed 39808/194602 rows
Parsed 39840/194602 rows
Parsed 39872/194602 rows
Parsed 39904/194602 rows
Parsed 39936/194602 rows
Parsed 39968/194602 rows
Parsed 40000/194602 rows
Parsed 40032/194602 rows
Parsed 40064/194602 rows
Parsed 40096/194602 rows
Parsed 40128/194602 rows
Parsed 40160/194602 rows
Parsed 40192/194602 rows
Parsed 40224/194602 rows
Parsed 40256/194602 rows
Parsed 40288/194602 rows
Parsed 40320/194602 rows
Parsed 40352/194602 rows
Parsed 40384/194602 rows
Parsed 40416/194602 rows
Parsed 40448/194602 rows
Parsed 40480/194602 rows
Parsed 40512/194602 rows
Parsed 40544/194602 rows
Parsed 40576/194602 rows
Parsed 40608/194602 rows
Parsed 40640/194602 rows
Parsed 40672/194602 rows
Parsed 40704/194602 rows
Parsed 40736/194602 rows
Parsed 40768/194602 rows
Parsed 40800/194602 rows
Parsed 40832/194602 rows
Parsed 40864/194602 rows
Parsed 40896/194602 rows
Parsed 40928/194602 rows
Parsed 40960/194602 rows
Parsed 40992/194602 rows
Parsed 41024/194602 rows
Parsed 41056/194602 rows
Parsed 41088/194602 rows
Parsed 41120/194602 rows
Parsed 41152/194602 rows
Parsed 41184/194602 rows
Parsed 41216/194602 rows
Parsed 41248/194602 rows
Parsed 41280/194602 rows
Parsed 41312/194602 rows
Parsed 41344/194602 rows
Parsed 41376/194602 rows
Parsed 41408/194602 rows
Parsed 41440/194602 rows
Parsed 41472/194602 rows
Parsed 41504/194602 rows
Parsed 41536/194602 rows
Parsed 41568/194602 rows
Parsed 41600/194602 rows
Parsed 41632/194602 rows
Parsed 41664/194602 rows
Parsed 41696/194602 rows
Parsed 41728/194602 rows
Parsed 41760/194602 rows
Parsed 41792/194602 rows
Parsed 41824/194602 rows
Parsed 41856/194602 rows
Parsed 41888/194602 rows
Parsed 41920/194602 rows
Parsed 41952/194602 rows
Parsed 41984/194602 rows
Parsed 42016/194602 rows
Parsed 42048/194602 rows
Parsed 42080/194602 rows
Parsed 42112/194602 rows
Parsed 42144/194602 rows
Parsed 42176/194602 rows
Parsed 42208/194602 rows
Parsed 42240/194602 rows
Parsed 42272/194602 rows
Parsed 42304/194602 rows
Parsed 42336/194602 rows
Parsed 42368/194602 rows
Parsed 42400/194602 rows
Parsed 42432/194602 rows
Parsed 42464/194602 rows
Parsed 42496/194602 rows
Parsed 42528/194602 rows
Parsed 42560/194602 rows
Parsed 42592/194602 rows
Parsed 42624/194602 rows
Parsed 42656/194602 rows
Parsed 42688/194602 rows
Parsed 42720/194602 rows
Parsed 42752/194602 rows
Parsed 42784/194602 rows
Parsed 42816/194602 rows
Parsed 42848/194602 rows
Parsed 42880/194602 rows
Parsed 42912/194602 rows
Parsed 42944/194602 rows
Parsed 42976/194602 rows
Parsed 43008/194602 rows
Parsed 43040/194602 rows
Parsed 43072/194602 rows
Parsed 43104/194602 rows
Parsed 43136/194602 rows
Parsed 43168/194602 rows
Parsed 43200/194602 rows
Parsed 43232/194602 rows
Parsed 43264/194602 rows
Parsed 43296/194602 rows
Parsed 43328/194602 rows
Parsed 43360/194602 rows
Parsed 43392/194602 rows
Parsed 43424/194602 rows
Parsed 43456/194602 rows
Parsed 43488/194602 rows
Parsed 43520/194602 rows
Parsed 43552/194602 rows
Parsed 43584/194602 rows
Parsed 43616/194602 rows
Parsed 43648/194602 rows
Parsed 43680/194602 rows
Parsed 43712/194602 rows
Parsed 43744/194602 rows
Parsed 43776/194602 rows
Parsed 43808/194602 rows
Parsed 43840/194602 rows
Parsed 43872/194602 rows
Parsed 43904/194602 rows
Parsed 43936/194602 rows
Parsed 43968/194602 rows
Parsed 44000/194602 rows
Parsed 44032/194602 rows
Parsed 44064/194602 rows
Parsed 44096/194602 rows
Parsed 44128/194602 rows
Parsed 44160/194602 rows
Parsed 44192/194602 rows
Parsed 44224/194602 rows
Parsed 44256/194602 rows
Parsed 44288/194602 rows
Parsed 44320/194602 rows
Parsed 44352/194602 rows
Parsed 44384/194602 rows
Parsed 44416/194602 rows
Parsed 44448/194602 rows
Parsed 44480/194602 rows
Parsed 44512/194602 rows
Parsed 44544/194602 rows
Parsed 44576/194602 rows
Parsed 44608/194602 rows
Parsed 44640/194602 rows
Parsed 44672/194602 rows
Parsed 44704/194602 rows
Parsed 44736/194602 rows
Parsed 44768/194602 rows
Parsed 44800/194602 rows
Parsed 44832/194602 rows
Parsed 44864/194602 rows
Parsed 44896/194602 rows
Parsed 44928/194602 rows
Parsed 44960/194602 rows
Parsed 44992/194602 rows
Parsed 45024/194602 rows
Parsed 45056/194602 rows
Parsed 45088/194602 rows
Parsed 45120/194602 rows
Parsed 45152/194602 rows
Parsed 45184/194602 rows
Parsed 45216/194602 rows
Parsed 45248/194602 rows
Parsed 45280/194602 rows
Parsed 45312/194602 rows
Parsed 45344/194602 rows
Parsed 45376/194602 rows
Parsed 45408/194602 rows
Parsed 45440/194602 rows
Parsed 45472/194602 rows
Parsed 45504/194602 rows
Parsed 45536/194602 rows
Parsed 45568/194602 rows
Parsed 45600/194602 rows
Parsed 45632/194602 rows
Parsed 45664/194602 rows
Parsed 45696/194602 rows
Parsed 45728/194602 rows
Parsed 45760/194602 rows
Parsed 45792/194602 rows
Parsed 45824/194602 rows
Parsed 45856/194602 rows
Parsed 45888/194602 rows
Parsed 45920/194602 rows
Parsed 45952/194602 rows
Parsed 45984/194602 rows
Parsed 46016/194602 rows
Parsed 46048/194602 rows
Parsed 46080/194602 rows
Parsed 46112/194602 rows
Parsed 46144/194602 rows
Parsed 46176/194602 rows
Parsed 46208/194602 rows
Parsed 46240/194602 rows
Parsed 46272/194602 rows
Parsed 46304/194602 rows
Parsed 46336/194602 rows
Parsed 46368/194602 rows
Parsed 46400/194602 rows
Parsed 46432/194602 rows
Parsed 46464/194602 rows
Parsed 46496/194602 rows
Parsed 46528/194602 rows
Parsed 46560/194602 rows
Parsed 46592/194602 rows
Parsed 46624/194602 rows
Parsed 46656/194602 rows
Parsed 46688/194602 rows
Parsed 46720/194602 rows
Parsed 46752/194602 rows
Parsed 46784/194602 rows
Parsed 46816/194602 rows
Parsed 46848/194602 rows
Parsed 46880/194602 rows
Parsed 46912/194602 rows
Parsed 46944/194602 rows
Parsed 46976/194602 rows
Parsed 47008/194602 rows
Parsed 47040/194602 rows
Parsed 47072/194602 rows
Parsed 47104/194602 rows
Parsed 47136/194602 rows
Parsed 47168/194602 rows
Parsed 47200/194602 rows
Parsed 47232/194602 rows
Parsed 47264/194602 rows
Parsed 47296/194602 rows
Parsed 47328/194602 rows
Parsed 47360/194602 rows
Parsed 47392/194602 rows
Parsed 47424/194602 rows
Parsed 47456/194602 rows
Parsed 47488/194602 rows
Parsed 47520/194602 rows
Parsed 47552/194602 rows
Parsed 47584/194602 rows
Parsed 47616/194602 rows
Parsed 47648/194602 rows
Parsed 47680/194602 rows
Parsed 47712/194602 rows
Parsed 47744/194602 rows
Parsed 47776/194602 rows
Parsed 47808/194602 rows
Parsed 47840/194602 rows
Parsed 47872/194602 rows
Parsed 47904/194602 rows
Parsed 47936/194602 rows
Parsed 47968/194602 rows
Parsed 48000/194602 rows
Parsed 48032/194602 rows
Parsed 48064/194602 rows
Parsed 48096/194602 rows
Parsed 48128/194602 rows
Parsed 48160/194602 rows
Parsed 48192/194602 rows
Parsed 48224/194602 rows
Parsed 48256/194602 rows
Parsed 48288/194602 rows
Parsed 48320/194602 rows
Parsed 48352/194602 rows
Parsed 48384/194602 rows
Parsed 48416/194602 rows
Parsed 48448/194602 rows
Parsed 48480/194602 rows
Parsed 48512/194602 rows
Parsed 48544/194602 rows
Parsed 48576/194602 rows
Parsed 48608/194602 rows
Parsed 48640/194602 rows
Parsed 48672/194602 rows
Parsed 48704/194602 rows
Parsed 48736/194602 rows
Parsed 48768/194602 rows
Parsed 48800/194602 rows
Parsed 48832/194602 rows
Parsed 48864/194602 rows
Parsed 48896/194602 rows
Parsed 48928/194602 rows
Parsed 48960/194602 rows
Parsed 48992/194602 rows
Parsed 49024/194602 rows
Parsed 49056/194602 rows
Parsed 49088/194602 rows
Parsed 49120/194602 rows
Parsed 49152/194602 rows
Parsed 49184/194602 rows
Parsed 49216/194602 rows
Parsed 49248/194602 rows
Parsed 49280/194602 rows
Parsed 49312/194602 rows
Parsed 49344/194602 rows
Parsed 49376/194602 rows
Parsed 49408/194602 rows
Parsed 49440/194602 rows
Parsed 49472/194602 rows
Parsed 49504/194602 rows
Parsed 49536/194602 rows
Parsed 49568/194602 rows
Parsed 49600/194602 rows
Parsed 49632/194602 rows
Parsed 49664/194602 rows
Parsed 49696/194602 rows
Parsed 49728/194602 rows
Parsed 49760/194602 rows
Parsed 49792/194602 rows
Parsed 49824/194602 rows
Parsed 49856/194602 rows
Parsed 49888/194602 rows
Parsed 49920/194602 rows
Parsed 49952/194602 rows
Parsed 49984/194602 rows
Parsed 50016/194602 rows
Parsed 50048/194602 rows
Parsed 50080/194602 rows
Parsed 50112/194602 rows
Parsed 50144/194602 rows
Parsed 50176/194602 rows
Parsed 50208/194602 rows
Parsed 50240/194602 rows
Parsed 50272/194602 rows
Parsed 50304/194602 rows
Parsed 50336/194602 rows
Parsed 50368/194602 rows
Parsed 50400/194602 rows
Parsed 50432/194602 rows
Parsed 50464/194602 rows
Parsed 50496/194602 rows
Parsed 50528/194602 rows
Parsed 50560/194602 rows
Parsed 50592/194602 rows
Parsed 50624/194602 rows
Parsed 50656/194602 rows
Parsed 50688/194602 rows
Parsed 50720/194602 rows
Parsed 50752/194602 rows
Parsed 50784/194602 rows
Parsed 50816/194602 rows
Parsed 50848/194602 rows
Parsed 50880/194602 rows
Parsed 50912/194602 rows
Parsed 50944/194602 rows
Parsed 50976/194602 rows
Parsed 51008/194602 rows
Parsed 51040/194602 rows
Parsed 51072/194602 rows
Parsed 51104/194602 rows
Parsed 51136/194602 rows
Parsed 51168/194602 rows
Parsed 51200/194602 rows
Parsed 51232/194602 rows
Parsed 51264/194602 rows
Parsed 51296/194602 rows
Parsed 51328/194602 rows
Parsed 51360/194602 rows
Parsed 51392/194602 rows
Parsed 51424/194602 rows
Parsed 51456/194602 rows
Parsed 51488/194602 rows
Parsed 51520/194602 rows
Parsed 51552/194602 rows
Parsed 51584/194602 rows
Parsed 51616/194602 rows
Parsed 51648/194602 rows
Parsed 51680/194602 rows
Parsed 51712/194602 rows
Parsed 51744/194602 rows
Parsed 51776/194602 rows
Parsed 51808/194602 rows
Parsed 51840/194602 rows
Parsed 51872/194602 rows
Parsed 51904/194602 rows
Parsed 51936/194602 rows
Parsed 51968/194602 rows
Parsed 52000/194602 rows
Parsed 52032/194602 rows
Parsed 52064/194602 rows
Parsed 52096/194602 rows
Parsed 52128/194602 rows
Parsed 52160/194602 rows
Parsed 52192/194602 rows
Parsed 52224/194602 rows
Parsed 52256/194602 rows
Parsed 52288/194602 rows
Parsed 52320/194602 rows
Parsed 52352/194602 rows
Parsed 52384/194602 rows
Parsed 52416/194602 rows
Parsed 52448/194602 rows
Parsed 52480/194602 rows
Parsed 52512/194602 rows
Parsed 52544/194602 rows
Parsed 52576/194602 rows
Parsed 52608/194602 rows
Parsed 52640/194602 rows
Parsed 52672/194602 rows
Parsed 52704/194602 rows
Parsed 52736/194602 rows
Parsed 52768/194602 rows
Parsed 52800/194602 rows
Parsed 52832/194602 rows
Parsed 52864/194602 rows
Parsed 52896/194602 rows
Parsed 52928/194602 rows
Parsed 52960/194602 rows
Parsed 52992/194602 rows
Parsed 53024/194602 rows
Parsed 53056/194602 rows
Parsed 53088/194602 rows
Parsed 53120/194602 rows
Parsed 53152/194602 rows
Parsed 53184/194602 rows
Parsed 53216/194602 rows
Parsed 53248/194602 rows
Parsed 53280/194602 rows
Parsed 53312/194602 rows
Parsed 53344/194602 rows
Parsed 53376/194602 rows
Parsed 53408/194602 rows
Parsed 53440/194602 rows
Parsed 53472/194602 rows
Parsed 53504/194602 rows
Parsed 53536/194602 rows
Parsed 53568/194602 rows
Parsed 53600/194602 rows
Parsed 53632/194602 rows
Parsed 53664/194602 rows
Parsed 53696/194602 rows
Parsed 53728/194602 rows
Parsed 53760/194602 rows
Parsed 53792/194602 rows
Parsed 53824/194602 rows
Parsed 53856/194602 rows
Parsed 53888/194602 rows
Parsed 53920/194602 rows
Parsed 53952/194602 rows
Parsed 53984/194602 rows
Parsed 54016/194602 rows
Parsed 54048/194602 rows
Parsed 54080/194602 rows
Parsed 54112/194602 rows
Parsed 54144/194602 rows
Parsed 54176/194602 rows
Parsed 54208/194602 rows
Parsed 54240/194602 rows
Parsed 54272/194602 rows
Parsed 54304/194602 rows
Parsed 54336/194602 rows
Parsed 54368/194602 rows
Parsed 54400/194602 rows
Parsed 54432/194602 rows
Parsed 54464/194602 rows
Parsed 54496/194602 rows
Parsed 54528/194602 rows
Parsed 54560/194602 rows
Parsed 54592/194602 rows
Parsed 54624/194602 rows
Parsed 54656/194602 rows
Parsed 54688/194602 rows
Parsed 54720/194602 rows
Parsed 54752/194602 rows
Parsed 54784/194602 rows
Parsed 54816/194602 rows
Parsed 54848/194602 rows
Parsed 54880/194602 rows
Parsed 54912/194602 rows
Parsed 54944/194602 rows
Parsed 54976/194602 rows
Parsed 55008/194602 rows
Parsed 55040/194602 rows
Parsed 55072/194602 rows
Parsed 55104/194602 rows
Parsed 55136/194602 rows
Parsed 55168/194602 rows
Parsed 55200/194602 rows
Parsed 55232/194602 rows
Parsed 55264/194602 rows
Parsed 55296/194602 rows
Parsed 55328/194602 rows
Parsed 55360/194602 rows
Parsed 55392/194602 rows
Parsed 55424/194602 rows
Parsed 55456/194602 rows
Parsed 55488/194602 rows
Parsed 55520/194602 rows
Parsed 55552/194602 rows
Parsed 55584/194602 rows
Parsed 55616/194602 rows
Parsed 55648/194602 rows
Parsed 55680/194602 rows
Parsed 55712/194602 rows
Parsed 55744/194602 rows
Parsed 55776/194602 rows
Parsed 55808/194602 rows
Parsed 55840/194602 rows
Parsed 55872/194602 rows
Parsed 55904/194602 rows
Parsed 55936/194602 rows
Parsed 55968/194602 rows
Parsed 56000/194602 rows
Parsed 56032/194602 rows
Parsed 56064/194602 rows
Parsed 56096/194602 rows
Parsed 56128/194602 rows
Parsed 56160/194602 rows
Parsed 56192/194602 rows
Parsed 56224/194602 rows
Parsed 56256/194602 rows
Parsed 56288/194602 rows
Parsed 56320/194602 rows
Parsed 56352/194602 rows
Parsed 56384/194602 rows
Parsed 56416/194602 rows
Parsed 56448/194602 rows
Parsed 56480/194602 rows
Parsed 56512/194602 rows
Parsed 56544/194602 rows
Parsed 56576/194602 rows
Parsed 56608/194602 rows
Parsed 56640/194602 rows
Parsed 56672/194602 rows
Parsed 56704/194602 rows
Parsed 56736/194602 rows
Parsed 56768/194602 rows
Parsed 56800/194602 rows
Parsed 56832/194602 rows
Parsed 56864/194602 rows
Parsed 56896/194602 rows
Parsed 56928/194602 rows
Parsed 56960/194602 rows
Parsed 56992/194602 rows
Parsed 57024/194602 rows
Parsed 57056/194602 rows
Parsed 57088/194602 rows
Parsed 57120/194602 rows
Parsed 57152/194602 rows
Parsed 57184/194602 rows
Parsed 57216/194602 rows
Parsed 57248/194602 rows
Parsed 57280/194602 rows
Parsed 57312/194602 rows
Parsed 57344/194602 rows
Parsed 57376/194602 rows
Parsed 57408/194602 rows
Parsed 57440/194602 rows
Parsed 57472/194602 rows
Parsed 57504/194602 rows
Parsed 57536/194602 rows
Parsed 57568/194602 rows
Parsed 57600/194602 rows
Parsed 57632/194602 rows
Parsed 57664/194602 rows
Parsed 57696/194602 rows
Parsed 57728/194602 rows
Parsed 57760/194602 rows
Parsed 57792/194602 rows
Parsed 57824/194602 rows
Parsed 57856/194602 rows
Parsed 57888/194602 rows
Parsed 57920/194602 rows
Parsed 57952/194602 rows
Parsed 57984/194602 rows
Parsed 58016/194602 rows
Parsed 58048/194602 rows
Parsed 58080/194602 rows
Parsed 58112/194602 rows
Parsed 58144/194602 rows
Parsed 58176/194602 rows
Parsed 58208/194602 rows
Parsed 58240/194602 rows
Parsed 58272/194602 rows
Parsed 58304/194602 rows
Parsed 58336/194602 rows
Parsed 58368/194602 rows
Parsed 58400/194602 rows
Parsed 58432/194602 rows
Parsed 58464/194602 rows
Parsed 58496/194602 rows
Parsed 58528/194602 rows
Parsed 58560/194602 rows
Parsed 58592/194602 rows
Parsed 58624/194602 rows
Parsed 58656/194602 rows
Parsed 58688/194602 rows
Parsed 58720/194602 rows
Parsed 58752/194602 rows
Parsed 58784/194602 rows
Parsed 58816/194602 rows
Parsed 58848/194602 rows
Parsed 58880/194602 rows
Parsed 58912/194602 rows
Parsed 58944/194602 rows
Parsed 58976/194602 rows
Parsed 59008/194602 rows
Parsed 59040/194602 rows
Parsed 59072/194602 rows
Parsed 59104/194602 rows
Parsed 59136/194602 rows
Parsed 59168/194602 rows
Parsed 59200/194602 rows
Parsed 59232/194602 rows
Parsed 59264/194602 rows
Parsed 59296/194602 rows
Parsed 59328/194602 rows
Parsed 59360/194602 rows
Parsed 59392/194602 rows
Parsed 59424/194602 rows
Parsed 59456/194602 rows
Parsed 59488/194602 rows
Parsed 59520/194602 rows
Parsed 59552/194602 rows
Parsed 59584/194602 rows
Parsed 59616/194602 rows
Parsed 59648/194602 rows
Parsed 59680/194602 rows
Parsed 59712/194602 rows
Parsed 59744/194602 rows
Parsed 59776/194602 rows
Parsed 59808/194602 rows
Parsed 59840/194602 rows
Parsed 59872/194602 rows
Parsed 59904/194602 rows
Parsed 59936/194602 rows
Parsed 59968/194602 rows
Parsed 60000/194602 rows
Parsed 60032/194602 rows
Parsed 60064/194602 rows
Parsed 60096/194602 rows
Parsed 60128/194602 rows
Parsed 60160/194602 rows
Parsed 60192/194602 rows
Parsed 60224/194602 rows
Parsed 60256/194602 rows
Parsed 60288/194602 rows
Parsed 60320/194602 rows
Parsed 60352/194602 rows
Parsed 60384/194602 rows
Parsed 60416/194602 rows
Parsed 60448/194602 rows
Parsed 60480/194602 rows
Parsed 60512/194602 rows
Parsed 60544/194602 rows
Parsed 60576/194602 rows
Parsed 60608/194602 rows
Parsed 60640/194602 rows
Parsed 60672/194602 rows
Parsed 60704/194602 rows
Parsed 60736/194602 rows
Parsed 60768/194602 rows
Parsed 60800/194602 rows
Parsed 60832/194602 rows
Parsed 60864/194602 rows
Parsed 60896/194602 rows
Parsed 60928/194602 rows
Parsed 60960/194602 rows
Parsed 60992/194602 rows
Parsed 61024/194602 rows
Parsed 61056/194602 rows
Parsed 61088/194602 rows
Parsed 61120/194602 rows
Parsed 61152/194602 rows
Parsed 61184/194602 rows
Parsed 61216/194602 rows
Parsed 61248/194602 rows
Parsed 61280/194602 rows
Parsed 61312/194602 rows
Parsed 61344/194602 rows
Parsed 61376/194602 rows
Parsed 61408/194602 rows
Parsed 61440/194602 rows
Parsed 61472/194602 rows
Parsed 61504/194602 rows
Parsed 61536/194602 rows
Parsed 61568/194602 rows
Parsed 61600/194602 rows
Parsed 61632/194602 rows
Parsed 61664/194602 rows
Parsed 61696/194602 rows
Parsed 61728/194602 rows
Parsed 61760/194602 rows
Parsed 61792/194602 rows
Parsed 61824/194602 rows
Parsed 61856/194602 rows
Parsed 61888/194602 rows
Parsed 61920/194602 rows
Parsed 61952/194602 rows
Parsed 61984/194602 rows
Parsed 62016/194602 rows
Parsed 62048/194602 rows
Parsed 62080/194602 rows
Parsed 62112/194602 rows
Parsed 62144/194602 rows
Parsed 62176/194602 rows
Parsed 62208/194602 rows
Parsed 62240/194602 rows
Parsed 62272/194602 rows
Parsed 62304/194602 rows
Parsed 62336/194602 rows
Parsed 62368/194602 rows
Parsed 62400/194602 rows
Parsed 62432/194602 rows
Parsed 62464/194602 rows
Parsed 62496/194602 rows
Parsed 62528/194602 rows
Parsed 62560/194602 rows
Parsed 62592/194602 rows
Parsed 62624/194602 rows
Parsed 62656/194602 rows
Parsed 62688/194602 rows
Parsed 62720/194602 rows
Parsed 62752/194602 rows
Parsed 62784/194602 rows
Parsed 62816/194602 rows
Parsed 62848/194602 rows
Parsed 62880/194602 rows
Parsed 62912/194602 rows
Parsed 62944/194602 rows
Parsed 62976/194602 rows
Parsed 63008/194602 rows
Parsed 63040/194602 rows
Parsed 63072/194602 rows
Parsed 63104/194602 rows
Parsed 63136/194602 rows
Parsed 63168/194602 rows
Parsed 63200/194602 rows
Parsed 63232/194602 rows
Parsed 63264/194602 rows
Parsed 63296/194602 rows
Parsed 63328/194602 rows
Parsed 63360/194602 rows
Parsed 63392/194602 rows
Parsed 63424/194602 rows
Parsed 63456/194602 rows
Parsed 63488/194602 rows
Parsed 63520/194602 rows
Parsed 63552/194602 rows
Parsed 63584/194602 rows
Parsed 63616/194602 rows
Parsed 63648/194602 rows
Parsed 63680/194602 rows
Parsed 63712/194602 rows
Parsed 63744/194602 rows
Parsed 63776/194602 rows
Parsed 63808/194602 rows
Parsed 63840/194602 rows
Parsed 63872/194602 rows
Parsed 63904/194602 rows
Parsed 63936/194602 rows
Parsed 63968/194602 rows
Parsed 64000/194602 rows
Parsed 64032/194602 rows
Parsed 64064/194602 rows
Parsed 64096/194602 rows
Parsed 64128/194602 rows
Parsed 64160/194602 rows
Parsed 64192/194602 rows
Parsed 64224/194602 rows
Parsed 64256/194602 rows
Parsed 64288/194602 rows
Parsed 64320/194602 rows
Parsed 64352/194602 rows
Parsed 64384/194602 rows
Parsed 64416/194602 rows
Parsed 64448/194602 rows
Parsed 64480/194602 rows
Parsed 64512/194602 rows
Parsed 64544/194602 rows
Parsed 64576/194602 rows
Parsed 64608/194602 rows
Parsed 64640/194602 rows
Parsed 64672/194602 rows
Parsed 64704/194602 rows
Parsed 64736/194602 rows
Parsed 64768/194602 rows
Parsed 64800/194602 rows
Parsed 64832/194602 rows
Parsed 64864/194602 rows
Parsed 64896/194602 rows
Parsed 64928/194602 rows
Parsed 64960/194602 rows
Parsed 64992/194602 rows
Parsed 65024/194602 rows
Parsed 65056/194602 rows
Parsed 65088/194602 rows
Parsed 65120/194602 rows
Parsed 65152/194602 rows
Parsed 65184/194602 rows
Parsed 65216/194602 rows
Parsed 65248/194602 rows
Parsed 65280/194602 rows
Parsed 65312/194602 rows
Parsed 65344/194602 rows
Parsed 65376/194602 rows
Parsed 65408/194602 rows
Parsed 65440/194602 rows
Parsed 65472/194602 rows
Parsed 65504/194602 rows
Parsed 65536/194602 rows
Parsed 65568/194602 rows
Parsed 65600/194602 rows
Parsed 65632/194602 rows
Parsed 65664/194602 rows
Parsed 65696/194602 rows
Parsed 65728/194602 rows
Parsed 65760/194602 rows
Parsed 65792/194602 rows
Parsed 65824/194602 rows
Parsed 65856/194602 rows
Parsed 65888/194602 rows
Parsed 65920/194602 rows
Parsed 65952/194602 rows
Parsed 65984/194602 rows
Parsed 66016/194602 rows
Parsed 66048/194602 rows
Parsed 66080/194602 rows
Parsed 66112/194602 rows
Parsed 66144/194602 rows
Parsed 66176/194602 rows
Parsed 66208/194602 rows
Parsed 66240/194602 rows
Parsed 66272/194602 rows
Parsed 66304/194602 rows
Parsed 66336/194602 rows
Parsed 66368/194602 rows
Parsed 66400/194602 rows
Parsed 66432/194602 rows
Parsed 66464/194602 rows
Parsed 66496/194602 rows
Parsed 66528/194602 rows
Parsed 66560/194602 rows
Parsed 66592/194602 rows
Parsed 66624/194602 rows
Parsed 66656/194602 rows
Parsed 66688/194602 rows
Parsed 66720/194602 rows
Parsed 66752/194602 rows
Parsed 66784/194602 rows
Parsed 66816/194602 rows
Parsed 66848/194602 rows
Parsed 66880/194602 rows
Parsed 66912/194602 rows
Parsed 66944/194602 rows
Parsed 66976/194602 rows
Parsed 67008/194602 rows
Parsed 67040/194602 rows
Parsed 67072/194602 rows
Parsed 67104/194602 rows
Parsed 67136/194602 rows
Parsed 67168/194602 rows
Parsed 67200/194602 rows
Parsed 67232/194602 rows
Parsed 67264/194602 rows
Parsed 67296/194602 rows
Parsed 67328/194602 rows
Parsed 67360/194602 rows
Parsed 67392/194602 rows
Parsed 67424/194602 rows
Parsed 67456/194602 rows
Parsed 67488/194602 rows
Parsed 67520/194602 rows
Parsed 67552/194602 rows
Parsed 67584/194602 rows
Parsed 67616/194602 rows
Parsed 67648/194602 rows
Parsed 67680/194602 rows
Parsed 67712/194602 rows
Parsed 67744/194602 rows
Parsed 67776/194602 rows
Parsed 67808/194602 rows
Parsed 67840/194602 rows
Parsed 67872/194602 rows
Parsed 67904/194602 rows
Parsed 67936/194602 rows
Parsed 67968/194602 rows
Parsed 68000/194602 rows
Parsed 68032/194602 rows
Parsed 68064/194602 rows
Parsed 68096/194602 rows
Parsed 68128/194602 rows
Parsed 68160/194602 rows
Parsed 68192/194602 rows
Parsed 68224/194602 rows
Parsed 68256/194602 rows
Parsed 68288/194602 rows
Parsed 68320/194602 rows
Parsed 68352/194602 rows
Parsed 68384/194602 rows
Parsed 68416/194602 rows
Parsed 68448/194602 rows
Parsed 68480/194602 rows
Parsed 68512/194602 rows
Parsed 68544/194602 rows
Parsed 68576/194602 rows
Parsed 68608/194602 rows
Parsed 68640/194602 rows
Parsed 68672/194602 rows
Parsed 68704/194602 rows
Parsed 68736/194602 rows
Parsed 68768/194602 rows
Parsed 68800/194602 rows
Parsed 68832/194602 rows
Parsed 68864/194602 rows
Parsed 68896/194602 rows
Parsed 68928/194602 rows
Parsed 68960/194602 rows
Parsed 68992/194602 rows
Parsed 69024/194602 rows
Parsed 69056/194602 rows
Parsed 69088/194602 rows
Parsed 69120/194602 rows
Parsed 69152/194602 rows
Parsed 69184/194602 rows
Parsed 69216/194602 rows
Parsed 69248/194602 rows
Parsed 69280/194602 rows
Parsed 69312/194602 rows
Parsed 69344/194602 rows
Parsed 69376/194602 rows
Parsed 69408/194602 rows
Parsed 69440/194602 rows
Parsed 69472/194602 rows
Parsed 69504/194602 rows
Parsed 69536/194602 rows
Parsed 69568/194602 rows
Parsed 69600/194602 rows
Parsed 69632/194602 rows
Parsed 69664/194602 rows
Parsed 69696/194602 rows
Parsed 69728/194602 rows
Parsed 69760/194602 rows
Parsed 69792/194602 rows
Parsed 69824/194602 rows
Parsed 69856/194602 rows
Parsed 69888/194602 rows
Parsed 69920/194602 rows
Parsed 69952/194602 rows
Parsed 69984/194602 rows
Parsed 70016/194602 rows
Parsed 70048/194602 rows
Parsed 70080/194602 rows
Parsed 70112/194602 rows
Parsed 70144/194602 rows
Parsed 70176/194602 rows
Parsed 70208/194602 rows
Parsed 70240/194602 rows
Parsed 70272/194602 rows
Parsed 70304/194602 rows
Parsed 70336/194602 rows
Parsed 70368/194602 rows
Parsed 70400/194602 rows
Parsed 70432/194602 rows
Parsed 70464/194602 rows
Parsed 70496/194602 rows
Parsed 70528/194602 rows
Parsed 70560/194602 rows
Parsed 70592/194602 rows
Parsed 70624/194602 rows
Parsed 70656/194602 rows
Parsed 70688/194602 rows
Parsed 70720/194602 rows
Parsed 70752/194602 rows
Parsed 70784/194602 rows
Parsed 70816/194602 rows
Parsed 70848/194602 rows
Parsed 70880/194602 rows
Parsed 70912/194602 rows
Parsed 70944/194602 rows
Parsed 70976/194602 rows
Parsed 71008/194602 rows
Parsed 71040/194602 rows
Parsed 71072/194602 rows
Parsed 71104/194602 rows
Parsed 71136/194602 rows
Parsed 71168/194602 rows
Parsed 71200/194602 rows
Parsed 71232/194602 rows
Parsed 71264/194602 rows
Parsed 71296/194602 rows
Parsed 71328/194602 rows
Parsed 71360/194602 rows
Parsed 71392/194602 rows
Parsed 71424/194602 rows
Parsed 71456/194602 rows
Parsed 71488/194602 rows
Parsed 71520/194602 rows
Parsed 71552/194602 rows
Parsed 71584/194602 rows
Parsed 71616/194602 rows
Parsed 71648/194602 rows
Parsed 71680/194602 rows
Parsed 71712/194602 rows
Parsed 71744/194602 rows
Parsed 71776/194602 rows
Parsed 71808/194602 rows
Parsed 71840/194602 rows
Parsed 71872/194602 rows
Parsed 71904/194602 rows
Parsed 71936/194602 rows
Parsed 71968/194602 rows
Parsed 72000/194602 rows
Parsed 72032/194602 rows
Parsed 72064/194602 rows
Parsed 72096/194602 rows
Parsed 72128/194602 rows
Parsed 72160/194602 rows
Parsed 72192/194602 rows
Parsed 72224/194602 rows
Parsed 72256/194602 rows
Parsed 72288/194602 rows
Parsed 72320/194602 rows
Parsed 72352/194602 rows
Parsed 72384/194602 rows
Parsed 72416/194602 rows
Parsed 72448/194602 rows
Parsed 72480/194602 rows
Parsed 72512/194602 rows
Parsed 72544/194602 rows
Parsed 72576/194602 rows
Parsed 72608/194602 rows
Parsed 72640/194602 rows
Parsed 72672/194602 rows
Parsed 72704/194602 rows
Parsed 72736/194602 rows
Parsed 72768/194602 rows
Parsed 72800/194602 rows
Parsed 72832/194602 rows
Parsed 72864/194602 rows
Parsed 72896/194602 rows
Parsed 72928/194602 rows
Parsed 72960/194602 rows
Parsed 72992/194602 rows
Parsed 73024/194602 rows
Parsed 73056/194602 rows
Parsed 73088/194602 rows
Parsed 73120/194602 rows
Parsed 73152/194602 rows
Parsed 73184/194602 rows
Parsed 73216/194602 rows
Parsed 73248/194602 rows
Parsed 73280/194602 rows
Parsed 73312/194602 rows
Parsed 73344/194602 rows
Parsed 73376/194602 rows
Parsed 73408/194602 rows
Parsed 73440/194602 rows
Parsed 73472/194602 rows
Parsed 73504/194602 rows
Parsed 73536/194602 rows
Parsed 73568/194602 rows
Parsed 73600/194602 rows
Parsed 73632/194602 rows
Parsed 73664/194602 rows
Parsed 73696/194602 rows
Parsed 73728/194602 rows
Parsed 73760/194602 rows
Parsed 73792/194602 rows
Parsed 73824/194602 rows
Parsed 73856/194602 rows
Parsed 73888/194602 rows
Parsed 73920/194602 rows
Parsed 73952/194602 rows
Parsed 73984/194602 rows
Parsed 74016/194602 rows
Parsed 74048/194602 rows
Parsed 74080/194602 rows
Parsed 74112/194602 rows
Parsed 74144/194602 rows
Parsed 74176/194602 rows
Parsed 74208/194602 rows
Parsed 74240/194602 rows
Parsed 74272/194602 rows
Parsed 74304/194602 rows
Parsed 74336/194602 rows
Parsed 74368/194602 rows
Parsed 74400/194602 rows
Parsed 74432/194602 rows
Parsed 74464/194602 rows
Parsed 74496/194602 rows
Parsed 74528/194602 rows
Parsed 74560/194602 rows
Parsed 74592/194602 rows
Parsed 74624/194602 rows
Parsed 74656/194602 rows
Parsed 74688/194602 rows
Parsed 74720/194602 rows
Parsed 74752/194602 rows
Parsed 74784/194602 rows
Parsed 74816/194602 rows
Parsed 74848/194602 rows
Parsed 74880/194602 rows
Parsed 74912/194602 rows
Parsed 74944/194602 rows
Parsed 74976/194602 rows
Parsed 75008/194602 rows
Parsed 75040/194602 rows
Parsed 75072/194602 rows
Parsed 75104/194602 rows
Parsed 75136/194602 rows
Parsed 75168/194602 rows
Parsed 75200/194602 rows
Parsed 75232/194602 rows
Parsed 75264/194602 rows
Parsed 75296/194602 rows
Parsed 75328/194602 rows
Parsed 75360/194602 rows
Parsed 75392/194602 rows
Parsed 75424/194602 rows
Parsed 75456/194602 rows
Parsed 75488/194602 rows
Parsed 75520/194602 rows
Parsed 75552/194602 rows
Parsed 75584/194602 rows
Parsed 75616/194602 rows
Parsed 75648/194602 rows
Parsed 75680/194602 rows
Parsed 75712/194602 rows
Parsed 75744/194602 rows
Parsed 75776/194602 rows
Parsed 75808/194602 rows
Parsed 75840/194602 rows
Parsed 75872/194602 rows
Parsed 75904/194602 rows
Parsed 75936/194602 rows
Parsed 75968/194602 rows
Parsed 76000/194602 rows
Parsed 76032/194602 rows
Parsed 76064/194602 rows
Parsed 76096/194602 rows
Parsed 76128/194602 rows
Parsed 76160/194602 rows
Parsed 76192/194602 rows
Parsed 76224/194602 rows
Parsed 76256/194602 rows
Parsed 76288/194602 rows
Parsed 76320/194602 rows
Parsed 76352/194602 rows
Parsed 76384/194602 rows
Parsed 76416/194602 rows
Parsed 76448/194602 rows
Parsed 76480/194602 rows
Parsed 76512/194602 rows
Parsed 76544/194602 rows
Parsed 76576/194602 rows
Parsed 76608/194602 rows
Parsed 76640/194602 rows
Parsed 76672/194602 rows
Parsed 76704/194602 rows
Parsed 76736/194602 rows
Parsed 76768/194602 rows
Parsed 76800/194602 rows
Parsed 76832/194602 rows
Parsed 76864/194602 rows
Parsed 76896/194602 rows
Parsed 76928/194602 rows
Parsed 76960/194602 rows
Parsed 76992/194602 rows
Parsed 77024/194602 rows
Parsed 77056/194602 rows
Parsed 77088/194602 rows
Parsed 77120/194602 rows
Parsed 77152/194602 rows
Parsed 77184/194602 rows
Parsed 77216/194602 rows
Parsed 77248/194602 rows
Parsed 77280/194602 rows
Parsed 77312/194602 rows
Parsed 77344/194602 rows
Parsed 77376/194602 rows
Parsed 77408/194602 rows
Parsed 77440/194602 rows
Parsed 77472/194602 rows
Parsed 77504/194602 rows
Parsed 77536/194602 rows
Parsed 77568/194602 rows
Parsed 77600/194602 rows
Parsed 77632/194602 rows
Parsed 77664/194602 rows
Parsed 77696/194602 rows
Parsed 77728/194602 rows
Parsed 77760/194602 rows
Parsed 77792/194602 rows
Parsed 77824/194602 rows
Parsed 77856/194602 rows
Parsed 77888/194602 rows
Parsed 77920/194602 rows
Parsed 77952/194602 rows
Parsed 77984/194602 rows
Parsed 78016/194602 rows
Parsed 78048/194602 rows
Parsed 78080/194602 rows
Parsed 78112/194602 rows
Parsed 78144/194602 rows
Parsed 78176/194602 rows
Parsed 78208/194602 rows
Parsed 78240/194602 rows
Parsed 78272/194602 rows
Parsed 78304/194602 rows
Parsed 78336/194602 rows
Parsed 78368/194602 rows
Parsed 78400/194602 rows
Parsed 78432/194602 rows
Parsed 78464/194602 rows
Parsed 78496/194602 rows
Parsed 78528/194602 rows
Parsed 78560/194602 rows
Parsed 78592/194602 rows
Parsed 78624/194602 rows
Parsed 78656/194602 rows
Parsed 78688/194602 rows
Parsed 78720/194602 rows
Parsed 78752/194602 rows
Parsed 78784/194602 rows
Parsed 78816/194602 rows
Parsed 78848/194602 rows
Parsed 78880/194602 rows
Parsed 78912/194602 rows
Parsed 78944/194602 rows
Parsed 78976/194602 rows
Parsed 79008/194602 rows
Parsed 79040/194602 rows
Parsed 79072/194602 rows
Parsed 79104/194602 rows
Parsed 79136/194602 rows
Parsed 79168/194602 rows
Parsed 79200/194602 rows
Parsed 79232/194602 rows
Parsed 79264/194602 rows
Parsed 79296/194602 rows
Parsed 79328/194602 rows
Parsed 79360/194602 rows
Parsed 79392/194602 rows
Parsed 79424/194602 rows
Parsed 79456/194602 rows
Parsed 79488/194602 rows
Parsed 79520/194602 rows
Parsed 79552/194602 rows
Parsed 79584/194602 rows
Parsed 79616/194602 rows
Parsed 79648/194602 rows
Parsed 79680/194602 rows
Parsed 79712/194602 rows
Parsed 79744/194602 rows
Parsed 79776/194602 rows
Parsed 79808/194602 rows
Parsed 79840/194602 rows
Parsed 79872/194602 rows
Parsed 79904/194602 rows
Parsed 79936/194602 rows
Parsed 79968/194602 rows
Parsed 80000/194602 rows
Parsed 80032/194602 rows
Parsed 80064/194602 rows
Parsed 80096/194602 rows
Parsed 80128/194602 rows
Parsed 80160/194602 rows
Parsed 80192/194602 rows
Parsed 80224/194602 rows
Parsed 80256/194602 rows
Parsed 80288/194602 rows
Parsed 80320/194602 rows
Parsed 80352/194602 rows
Parsed 80384/194602 rows
Parsed 80416/194602 rows
Parsed 80448/194602 rows
Parsed 80480/194602 rows
Parsed 80512/194602 rows
Parsed 80544/194602 rows
Parsed 80576/194602 rows
Parsed 80608/194602 rows
Parsed 80640/194602 rows
Parsed 80672/194602 rows
Parsed 80704/194602 rows
Parsed 80736/194602 rows
Parsed 80768/194602 rows
Parsed 80800/194602 rows
Parsed 80832/194602 rows
Parsed 80864/194602 rows
Parsed 80896/194602 rows
Parsed 80928/194602 rows
Parsed 80960/194602 rows
Parsed 80992/194602 rows
Parsed 81024/194602 rows
Parsed 81056/194602 rows
Parsed 81088/194602 rows
Parsed 81120/194602 rows
Parsed 81152/194602 rows
Parsed 81184/194602 rows
Parsed 81216/194602 rows
Parsed 81248/194602 rows
Parsed 81280/194602 rows
Parsed 81312/194602 rows
Parsed 81344/194602 rows
Parsed 81376/194602 rows
Parsed 81408/194602 rows
Parsed 81440/194602 rows
Parsed 81472/194602 rows
Parsed 81504/194602 rows
Parsed 81536/194602 rows
Parsed 81568/194602 rows
Parsed 81600/194602 rows
Parsed 81632/194602 rows
Parsed 81664/194602 rows
Parsed 81696/194602 rows
Parsed 81728/194602 rows
Parsed 81760/194602 rows
Parsed 81792/194602 rows
Parsed 81824/194602 rows
Parsed 81856/194602 rows
Parsed 81888/194602 rows
Parsed 81920/194602 rows
Parsed 81952/194602 rows
Parsed 81984/194602 rows
Parsed 82016/194602 rows
Parsed 82048/194602 rows
Parsed 82080/194602 rows
Parsed 82112/194602 rows
Parsed 82144/194602 rows
Parsed 82176/194602 rows
Parsed 82208/194602 rows
Parsed 82240/194602 rows
Parsed 82272/194602 rows
Parsed 82304/194602 rows
Parsed 82336/194602 rows
Parsed 82368/194602 rows
Parsed 82400/194602 rows
Parsed 82432/194602 rows
Parsed 82464/194602 rows
Parsed 82496/194602 rows
Parsed 82528/194602 rows
Parsed 82560/194602 rows
Parsed 82592/194602 rows
Parsed 82624/194602 rows
Parsed 82656/194602 rows
Parsed 82688/194602 rows
Parsed 82720/194602 rows
Parsed 82752/194602 rows
Parsed 82784/194602 rows
Parsed 82816/194602 rows
Parsed 82848/194602 rows
Parsed 82880/194602 rows
Parsed 82912/194602 rows
Parsed 82944/194602 rows
Parsed 82976/194602 rows
Parsed 83008/194602 rows
Parsed 83040/194602 rows
Parsed 83072/194602 rows
Parsed 83104/194602 rows
Parsed 83136/194602 rows
Parsed 83168/194602 rows
Parsed 83200/194602 rows
Parsed 83232/194602 rows
Parsed 83264/194602 rows
Parsed 83296/194602 rows
Parsed 83328/194602 rows
Parsed 83360/194602 rows
Parsed 83392/194602 rows
Parsed 83424/194602 rows
Parsed 83456/194602 rows
Parsed 83488/194602 rows
Parsed 83520/194602 rows
Parsed 83552/194602 rows
Parsed 83584/194602 rows
Parsed 83616/194602 rows
Parsed 83648/194602 rows
Parsed 83680/194602 rows
Parsed 83712/194602 rows
Parsed 83744/194602 rows
Parsed 83776/194602 rows
Parsed 83808/194602 rows
Parsed 83840/194602 rows
Parsed 83872/194602 rows
Parsed 83904/194602 rows
Parsed 83936/194602 rows
Parsed 83968/194602 rows
Parsed 84000/194602 rows
Parsed 84032/194602 rows
Parsed 84064/194602 rows
Parsed 84096/194602 rows
Parsed 84128/194602 rows
Parsed 84160/194602 rows
Parsed 84192/194602 rows
Parsed 84224/194602 rows
Parsed 84256/194602 rows
Parsed 84288/194602 rows
Parsed 84320/194602 rows
Parsed 84352/194602 rows
Parsed 84384/194602 rows
Parsed 84416/194602 rows
Parsed 84448/194602 rows
Parsed 84480/194602 rows
Parsed 84512/194602 rows
Parsed 84544/194602 rows
Parsed 84576/194602 rows
Parsed 84608/194602 rows
Parsed 84640/194602 rows
Parsed 84672/194602 rows
Parsed 84704/194602 rows
Parsed 84736/194602 rows
Parsed 84768/194602 rows
Parsed 84800/194602 rows
Parsed 84832/194602 rows
Parsed 84864/194602 rows
Parsed 84896/194602 rows
Parsed 84928/194602 rows
Parsed 84960/194602 rows
Parsed 84992/194602 rows
Parsed 85024/194602 rows
Parsed 85056/194602 rows
Parsed 85088/194602 rows
Parsed 85120/194602 rows
Parsed 85152/194602 rows
Parsed 85184/194602 rows
Parsed 85216/194602 rows
Parsed 85248/194602 rows
Parsed 85280/194602 rows
Parsed 85312/194602 rows
Parsed 85344/194602 rows
Parsed 85376/194602 rows
Parsed 85408/194602 rows
Parsed 85440/194602 rows
Parsed 85472/194602 rows
Parsed 85504/194602 rows
Parsed 85536/194602 rows
Parsed 85568/194602 rows
Parsed 85600/194602 rows
Parsed 85632/194602 rows
Parsed 85664/194602 rows
Parsed 85696/194602 rows
Parsed 85728/194602 rows
Parsed 85760/194602 rows
Parsed 85792/194602 rows
Parsed 85824/194602 rows
Parsed 85856/194602 rows
Parsed 85888/194602 rows
Parsed 85920/194602 rows
Parsed 85952/194602 rows
Parsed 85984/194602 rows
Parsed 86016/194602 rows
Parsed 86048/194602 rows
Parsed 86080/194602 rows
Parsed 86112/194602 rows
Parsed 86144/194602 rows
Parsed 86176/194602 rows
Parsed 86208/194602 rows
Parsed 86240/194602 rows
Parsed 86272/194602 rows
Parsed 86304/194602 rows
Parsed 86336/194602 rows
Parsed 86368/194602 rows
Parsed 86400/194602 rows
Parsed 86432/194602 rows
Parsed 86464/194602 rows
Parsed 86496/194602 rows
Parsed 86528/194602 rows
Parsed 86560/194602 rows
Parsed 86592/194602 rows
Parsed 86624/194602 rows
Parsed 86656/194602 rows
Parsed 86688/194602 rows
Parsed 86720/194602 rows
Parsed 86752/194602 rows
Parsed 86784/194602 rows
Parsed 86816/194602 rows
Parsed 86848/194602 rows
Parsed 86880/194602 rows
Parsed 86912/194602 rows
Parsed 86944/194602 rows
Parsed 86976/194602 rows
Parsed 87008/194602 rows
Parsed 87040/194602 rows
Parsed 87072/194602 rows
Parsed 87104/194602 rows
Parsed 87136/194602 rows
Parsed 87168/194602 rows
Parsed 87200/194602 rows
Parsed 87232/194602 rows
Parsed 87264/194602 rows
Parsed 87296/194602 rows
Parsed 87328/194602 rows
Parsed 87360/194602 rows
Parsed 87392/194602 rows
Parsed 87424/194602 rows
Parsed 87456/194602 rows
Parsed 87488/194602 rows
Parsed 87520/194602 rows
Parsed 87552/194602 rows
Parsed 87584/194602 rows
Parsed 87616/194602 rows
Parsed 87648/194602 rows
Parsed 87680/194602 rows
Parsed 87712/194602 rows
Parsed 87744/194602 rows
Parsed 87776/194602 rows
Parsed 87808/194602 rows
Parsed 87840/194602 rows
Parsed 87872/194602 rows
Parsed 87904/194602 rows
Parsed 87936/194602 rows
Parsed 87968/194602 rows
Parsed 88000/194602 rows
Parsed 88032/194602 rows
Parsed 88064/194602 rows
Parsed 88096/194602 rows
Parsed 88128/194602 rows
Parsed 88160/194602 rows
Parsed 88192/194602 rows
Parsed 88224/194602 rows
Parsed 88256/194602 rows
Parsed 88288/194602 rows
Parsed 88320/194602 rows
Parsed 88352/194602 rows
Parsed 88384/194602 rows
Parsed 88416/194602 rows
Parsed 88448/194602 rows
Parsed 88480/194602 rows
Parsed 88512/194602 rows
Parsed 88544/194602 rows
Parsed 88576/194602 rows
Parsed 88608/194602 rows
Parsed 88640/194602 rows
Parsed 88672/194602 rows
Parsed 88704/194602 rows
Parsed 88736/194602 rows
Parsed 88768/194602 rows
Parsed 88800/194602 rows
Parsed 88832/194602 rows
Parsed 88864/194602 rows
Parsed 88896/194602 rows
Parsed 88928/194602 rows
Parsed 88960/194602 rows
Parsed 88992/194602 rows
Parsed 89024/194602 rows
Parsed 89056/194602 rows
Parsed 89088/194602 rows
Parsed 89120/194602 rows
Parsed 89152/194602 rows
Parsed 89184/194602 rows
Parsed 89216/194602 rows
Parsed 89248/194602 rows
Parsed 89280/194602 rows
Parsed 89312/194602 rows
Parsed 89344/194602 rows
Parsed 89376/194602 rows
Parsed 89408/194602 rows
Parsed 89440/194602 rows
Parsed 89472/194602 rows
Parsed 89504/194602 rows
Parsed 89536/194602 rows
Parsed 89568/194602 rows
Parsed 89600/194602 rows
Parsed 89632/194602 rows
Parsed 89664/194602 rows
Parsed 89696/194602 rows
Parsed 89728/194602 rows
Parsed 89760/194602 rows
Parsed 89792/194602 rows
Parsed 89824/194602 rows
Parsed 89856/194602 rows
Parsed 89888/194602 rows
Parsed 89920/194602 rows
Parsed 89952/194602 rows
Parsed 89984/194602 rows
Parsed 90016/194602 rows
Parsed 90048/194602 rows
Parsed 90080/194602 rows
Parsed 90112/194602 rows
Parsed 90144/194602 rows
Parsed 90176/194602 rows
Parsed 90208/194602 rows
Parsed 90240/194602 rows
Parsed 90272/194602 rows
Parsed 90304/194602 rows
Parsed 90336/194602 rows
Parsed 90368/194602 rows
Parsed 90400/194602 rows
Parsed 90432/194602 rows
Parsed 90464/194602 rows
Parsed 90496/194602 rows
Parsed 90528/194602 rows
Parsed 90560/194602 rows
Parsed 90592/194602 rows
Parsed 90624/194602 rows
Parsed 90656/194602 rows
Parsed 90688/194602 rows
Parsed 90720/194602 rows
Parsed 90752/194602 rows
Parsed 90784/194602 rows
Parsed 90816/194602 rows
Parsed 90848/194602 rows
Parsed 90880/194602 rows
Parsed 90912/194602 rows
Parsed 90944/194602 rows
Parsed 90976/194602 rows
Parsed 91008/194602 rows
Parsed 91040/194602 rows
Parsed 91072/194602 rows
Parsed 91104/194602 rows
Parsed 91136/194602 rows
Parsed 91168/194602 rows
Parsed 91200/194602 rows
Parsed 91232/194602 rows
Parsed 91264/194602 rows
Parsed 91296/194602 rows
Parsed 91328/194602 rows
Parsed 91360/194602 rows
Parsed 91392/194602 rows
Parsed 91424/194602 rows
Parsed 91456/194602 rows
Parsed 91488/194602 rows
Parsed 91520/194602 rows
Parsed 91552/194602 rows
Parsed 91584/194602 rows
Parsed 91616/194602 rows
Parsed 91648/194602 rows
Parsed 91680/194602 rows
Parsed 91712/194602 rows
Parsed 91744/194602 rows
Parsed 91776/194602 rows
Parsed 91808/194602 rows
Parsed 91840/194602 rows
Parsed 91872/194602 rows
Parsed 91904/194602 rows
Parsed 91936/194602 rows
Parsed 91968/194602 rows
Parsed 92000/194602 rows
Parsed 92032/194602 rows
Parsed 92064/194602 rows
Parsed 92096/194602 rows
Parsed 92128/194602 rows
Parsed 92160/194602 rows
Parsed 92192/194602 rows
Parsed 92224/194602 rows
Parsed 92256/194602 rows
Parsed 92288/194602 rows
Parsed 92320/194602 rows
Parsed 92352/194602 rows
Parsed 92384/194602 rows
Parsed 92416/194602 rows
Parsed 92448/194602 rows
Parsed 92480/194602 rows
Parsed 92512/194602 rows
Parsed 92544/194602 rows
Parsed 92576/194602 rows
Parsed 92608/194602 rows
Parsed 92640/194602 rows
Parsed 92672/194602 rows
Parsed 92704/194602 rows
Parsed 92736/194602 rows
Parsed 92768/194602 rows
Parsed 92800/194602 rows
Parsed 92832/194602 rows
Parsed 92864/194602 rows
Parsed 92896/194602 rows
Parsed 92928/194602 rows
Parsed 92960/194602 rows
Parsed 92992/194602 rows
Parsed 93024/194602 rows
Parsed 93056/194602 rows
Parsed 93088/194602 rows
Parsed 93120/194602 rows
Parsed 93152/194602 rows
Parsed 93184/194602 rows
Parsed 93216/194602 rows
Parsed 93248/194602 rows
Parsed 93280/194602 rows
Parsed 93312/194602 rows
Parsed 93344/194602 rows
Parsed 93376/194602 rows
Parsed 93408/194602 rows
Parsed 93440/194602 rows
Parsed 93472/194602 rows
Parsed 93504/194602 rows
Parsed 93536/194602 rows
Parsed 93568/194602 rows
Parsed 93600/194602 rows
Parsed 93632/194602 rows
Parsed 93664/194602 rows
Parsed 93696/194602 rows
Parsed 93728/194602 rows
Parsed 93760/194602 rows
Parsed 93792/194602 rows
Parsed 93824/194602 rows
Parsed 93856/194602 rows
Parsed 93888/194602 rows
Parsed 93920/194602 rows
Parsed 93952/194602 rows
Parsed 93984/194602 rows
Parsed 94016/194602 rows
Parsed 94048/194602 rows
Parsed 94080/194602 rows
Parsed 94112/194602 rows
Parsed 94144/194602 rows
Parsed 94176/194602 rows
Parsed 94208/194602 rows
Parsed 94240/194602 rows
Parsed 94272/194602 rows
Parsed 94304/194602 rows
Parsed 94336/194602 rows
Parsed 94368/194602 rows
Parsed 94400/194602 rows
Parsed 94432/194602 rows
Parsed 94464/194602 rows
Parsed 94496/194602 rows
Parsed 94528/194602 rows
Parsed 94560/194602 rows
Parsed 94592/194602 rows
Parsed 94624/194602 rows
Parsed 94656/194602 rows
Parsed 94688/194602 rows
Parsed 94720/194602 rows
Parsed 94752/194602 rows
Parsed 94784/194602 rows
Parsed 94816/194602 rows
Parsed 94848/194602 rows
Parsed 94880/194602 rows
Parsed 94912/194602 rows
Parsed 94944/194602 rows
Parsed 94976/194602 rows
Parsed 95008/194602 rows
Parsed 95040/194602 rows
Parsed 95072/194602 rows
Parsed 95104/194602 rows
Parsed 95136/194602 rows
Parsed 95168/194602 rows
Parsed 95200/194602 rows
Parsed 95232/194602 rows
Parsed 95264/194602 rows
Parsed 95296/194602 rows
Parsed 95328/194602 rows
Parsed 95360/194602 rows
Parsed 95392/194602 rows
Parsed 95424/194602 rows
Parsed 95456/194602 rows
Parsed 95488/194602 rows
Parsed 95520/194602 rows
Parsed 95552/194602 rows
Parsed 95584/194602 rows
Parsed 95616/194602 rows
Parsed 95648/194602 rows
Parsed 95680/194602 rows
Parsed 95712/194602 rows
Parsed 95744/194602 rows
Parsed 95776/194602 rows
Parsed 95808/194602 rows
Parsed 95840/194602 rows
Parsed 95872/194602 rows
Parsed 95904/194602 rows
Parsed 95936/194602 rows
Parsed 95968/194602 rows
Parsed 96000/194602 rows
Parsed 96032/194602 rows
Parsed 96064/194602 rows
Parsed 96096/194602 rows
Parsed 96128/194602 rows
Parsed 96160/194602 rows
Parsed 96192/194602 rows
Parsed 96224/194602 rows
Parsed 96256/194602 rows
Parsed 96288/194602 rows
Parsed 96320/194602 rows
Parsed 96352/194602 rows
Parsed 96384/194602 rows
Parsed 96416/194602 rows
Parsed 96448/194602 rows
Parsed 96480/194602 rows
Parsed 96512/194602 rows
Parsed 96544/194602 rows
Parsed 96576/194602 rows
Parsed 96608/194602 rows
Parsed 96640/194602 rows
Parsed 96672/194602 rows
Parsed 96704/194602 rows
Parsed 96736/194602 rows
Parsed 96768/194602 rows
Parsed 96800/194602 rows
Parsed 96832/194602 rows
Parsed 96864/194602 rows
Parsed 96896/194602 rows
Parsed 96928/194602 rows
Parsed 96960/194602 rows
Parsed 96992/194602 rows
Parsed 97024/194602 rows
Parsed 97056/194602 rows
Parsed 97088/194602 rows
Parsed 97120/194602 rows
Parsed 97152/194602 rows
Parsed 97184/194602 rows
Parsed 97216/194602 rows
Parsed 97248/194602 rows
Parsed 97280/194602 rows
Parsed 97312/194602 rows
Parsed 97344/194602 rows
Parsed 97376/194602 rows
Parsed 97408/194602 rows
Parsed 97440/194602 rows
Parsed 97472/194602 rows
Parsed 97504/194602 rows
Parsed 97536/194602 rows
Parsed 97568/194602 rows
Parsed 97600/194602 rows
Parsed 97632/194602 rows
Parsed 97664/194602 rows
Parsed 97696/194602 rows
Parsed 97728/194602 rows
Parsed 97760/194602 rows
Parsed 97792/194602 rows
Parsed 97824/194602 rows
Parsed 97856/194602 rows
Parsed 97888/194602 rows
Parsed 97920/194602 rows
Parsed 97952/194602 rows
Parsed 97984/194602 rows
Parsed 98016/194602 rows
Parsed 98048/194602 rows
Parsed 98080/194602 rows
Parsed 98112/194602 rows
Parsed 98144/194602 rows
Parsed 98176/194602 rows
Parsed 98208/194602 rows
Parsed 98240/194602 rows
Parsed 98272/194602 rows
Parsed 98304/194602 rows
Parsed 98336/194602 rows
Parsed 98368/194602 rows
Parsed 98400/194602 rows
Parsed 98432/194602 rows
Parsed 98464/194602 rows
Parsed 98496/194602 rows
Parsed 98528/194602 rows
Parsed 98560/194602 rows
Parsed 98592/194602 rows
Parsed 98624/194602 rows
Parsed 98656/194602 rows
Parsed 98688/194602 rows
Parsed 98720/194602 rows
Parsed 98752/194602 rows
Parsed 98784/194602 rows
Parsed 98816/194602 rows
Parsed 98848/194602 rows
Parsed 98880/194602 rows
Parsed 98912/194602 rows
Parsed 98944/194602 rows
Parsed 98976/194602 rows
Parsed 99008/194602 rows
Parsed 99040/194602 rows
Parsed 99072/194602 rows
Parsed 99104/194602 rows
Parsed 99136/194602 rows
Parsed 99168/194602 rows
Parsed 99200/194602 rows
Parsed 99232/194602 rows
Parsed 99264/194602 rows
Parsed 99296/194602 rows
Parsed 99328/194602 rows
Parsed 99360/194602 rows
Parsed 99392/194602 rows
Parsed 99424/194602 rows
Parsed 99456/194602 rows
Parsed 99488/194602 rows
Parsed 99520/194602 rows
Parsed 99552/194602 rows
Parsed 99584/194602 rows
Parsed 99616/194602 rows
Parsed 99648/194602 rows
Parsed 99680/194602 rows
Parsed 99712/194602 rows
Parsed 99744/194602 rows
Parsed 99776/194602 rows
Parsed 99808/194602 rows
Parsed 99840/194602 rows
Parsed 99872/194602 rows
Parsed 99904/194602 rows
Parsed 99936/194602 rows
Parsed 99968/194602 rows
Parsed 100000/194602 rows
Parsed 100032/194602 rows
Parsed 100064/194602 rows
Parsed 100096/194602 rows
Parsed 100128/194602 rows
Parsed 100160/194602 rows
Parsed 100192/194602 rows
Parsed 100224/194602 rows
Parsed 100256/194602 rows
Parsed 100288/194602 rows
Parsed 100320/194602 rows
Parsed 100352/194602 rows
Parsed 100384/194602 rows
Parsed 100416/194602 rows
Parsed 100448/194602 rows
Parsed 100480/194602 rows
Parsed 100512/194602 rows
Parsed 100544/194602 rows
Parsed 100576/194602 rows
Parsed 100608/194602 rows
Parsed 100640/194602 rows
Parsed 100672/194602 rows
Parsed 100704/194602 rows
Parsed 100736/194602 rows
Parsed 100768/194602 rows
Parsed 100800/194602 rows
Parsed 100832/194602 rows
Parsed 100864/194602 rows
Parsed 100896/194602 rows
Parsed 100928/194602 rows
Parsed 100960/194602 rows
Parsed 100992/194602 rows
Parsed 101024/194602 rows
Parsed 101056/194602 rows
Parsed 101088/194602 rows
Parsed 101120/194602 rows
Parsed 101152/194602 rows
Parsed 101184/194602 rows
Parsed 101216/194602 rows
Parsed 101248/194602 rows
Parsed 101280/194602 rows
Parsed 101312/194602 rows
Parsed 101344/194602 rows
Parsed 101376/194602 rows
Parsed 101408/194602 rows
Parsed 101440/194602 rows
Parsed 101472/194602 rows
Parsed 101504/194602 rows
Parsed 101536/194602 rows
Parsed 101568/194602 rows
Parsed 101600/194602 rows
Parsed 101632/194602 rows
Parsed 101664/194602 rows
Parsed 101696/194602 rows
Parsed 101728/194602 rows
Parsed 101760/194602 rows
Parsed 101792/194602 rows
Parsed 101824/194602 rows
Parsed 101856/194602 rows
Parsed 101888/194602 rows
Parsed 101920/194602 rows
Parsed 101952/194602 rows
Parsed 101984/194602 rows
Parsed 102016/194602 rows
Parsed 102048/194602 rows
Parsed 102080/194602 rows
Parsed 102112/194602 rows
Parsed 102144/194602 rows
Parsed 102176/194602 rows
Parsed 102208/194602 rows
Parsed 102240/194602 rows
Parsed 102272/194602 rows
Parsed 102304/194602 rows
Parsed 102336/194602 rows
Parsed 102368/194602 rows
Parsed 102400/194602 rows
Parsed 102432/194602 rows
Parsed 102464/194602 rows
Parsed 102496/194602 rows
Parsed 102528/194602 rows
Parsed 102560/194602 rows
Parsed 102592/194602 rows
Parsed 102624/194602 rows
Parsed 102656/194602 rows
Parsed 102688/194602 rows
Parsed 102720/194602 rows
Parsed 102752/194602 rows
Parsed 102784/194602 rows
Parsed 102816/194602 rows
Parsed 102848/194602 rows
Parsed 102880/194602 rows
Parsed 102912/194602 rows
Parsed 102944/194602 rows
Parsed 102976/194602 rows
Parsed 103008/194602 rows
Parsed 103040/194602 rows
Parsed 103072/194602 rows
Parsed 103104/194602 rows
Parsed 103136/194602 rows
Parsed 103168/194602 rows
Parsed 103200/194602 rows
Parsed 103232/194602 rows
Parsed 103264/194602 rows
Parsed 103296/194602 rows
Parsed 103328/194602 rows
Parsed 103360/194602 rows
Parsed 103392/194602 rows
Parsed 103424/194602 rows
Parsed 103456/194602 rows
Parsed 103488/194602 rows
Parsed 103520/194602 rows
Parsed 103552/194602 rows
Parsed 103584/194602 rows
Parsed 103616/194602 rows
Parsed 103648/194602 rows
Parsed 103680/194602 rows
Parsed 103712/194602 rows
Parsed 103744/194602 rows
Parsed 103776/194602 rows
Parsed 103808/194602 rows
Parsed 103840/194602 rows
Parsed 103872/194602 rows
Parsed 103904/194602 rows
Parsed 103936/194602 rows
Parsed 103968/194602 rows
Parsed 104000/194602 rows
Parsed 104032/194602 rows
Parsed 104064/194602 rows
Parsed 104096/194602 rows
Parsed 104128/194602 rows
Parsed 104160/194602 rows
Parsed 104192/194602 rows
Parsed 104224/194602 rows
Parsed 104256/194602 rows
Parsed 104288/194602 rows
Parsed 104320/194602 rows
Parsed 104352/194602 rows
Parsed 104384/194602 rows
Parsed 104416/194602 rows
Parsed 104448/194602 rows
Parsed 104480/194602 rows
Parsed 104512/194602 rows
Parsed 104544/194602 rows
Parsed 104576/194602 rows
Parsed 104608/194602 rows
Parsed 104640/194602 rows
Parsed 104672/194602 rows
Parsed 104704/194602 rows
Parsed 104736/194602 rows
Parsed 104768/194602 rows
Parsed 104800/194602 rows
Parsed 104832/194602 rows
Parsed 104864/194602 rows
Parsed 104896/194602 rows
Parsed 104928/194602 rows
Parsed 104960/194602 rows
Parsed 104992/194602 rows
Parsed 105024/194602 rows
Parsed 105056/194602 rows
Parsed 105088/194602 rows
Parsed 105120/194602 rows
Parsed 105152/194602 rows
Parsed 105184/194602 rows
Parsed 105216/194602 rows
Parsed 105248/194602 rows
Parsed 105280/194602 rows
Parsed 105312/194602 rows
Parsed 105344/194602 rows
Parsed 105376/194602 rows
Parsed 105408/194602 rows
Parsed 105440/194602 rows
Parsed 105472/194602 rows
Parsed 105504/194602 rows
Parsed 105536/194602 rows
Parsed 105568/194602 rows
Parsed 105600/194602 rows
Parsed 105632/194602 rows
Parsed 105664/194602 rows
Parsed 105696/194602 rows
Parsed 105728/194602 rows
Parsed 105760/194602 rows
Parsed 105792/194602 rows
Parsed 105824/194602 rows
Parsed 105856/194602 rows
Parsed 105888/194602 rows
Parsed 105920/194602 rows
Parsed 105952/194602 rows
Parsed 105984/194602 rows
Parsed 106016/194602 rows
Parsed 106048/194602 rows
Parsed 106080/194602 rows
Parsed 106112/194602 rows
Parsed 106144/194602 rows
Parsed 106176/194602 rows
Parsed 106208/194602 rows
Parsed 106240/194602 rows
Parsed 106272/194602 rows
Parsed 106304/194602 rows
Parsed 106336/194602 rows
Parsed 106368/194602 rows
Parsed 106400/194602 rows
Parsed 106432/194602 rows
Parsed 106464/194602 rows
Parsed 106496/194602 rows
Parsed 106528/194602 rows
Parsed 106560/194602 rows
Parsed 106592/194602 rows
Parsed 106624/194602 rows
Parsed 106656/194602 rows
Parsed 106688/194602 rows
Parsed 106720/194602 rows
Parsed 106752/194602 rows
Parsed 106784/194602 rows
Parsed 106816/194602 rows
Parsed 106848/194602 rows
Parsed 106880/194602 rows
Parsed 106912/194602 rows
Parsed 106944/194602 rows
Parsed 106976/194602 rows
Parsed 107008/194602 rows
Parsed 107040/194602 rows
Parsed 107072/194602 rows
Parsed 107104/194602 rows
Parsed 107136/194602 rows
Parsed 107168/194602 rows
Parsed 107200/194602 rows
Parsed 107232/194602 rows
Parsed 107264/194602 rows
Parsed 107296/194602 rows
Parsed 107328/194602 rows
Parsed 107360/194602 rows
Parsed 107392/194602 rows
Parsed 107424/194602 rows
Parsed 107456/194602 rows
Parsed 107488/194602 rows
Parsed 107520/194602 rows
Parsed 107552/194602 rows
Parsed 107584/194602 rows
Parsed 107616/194602 rows
Parsed 107648/194602 rows
Parsed 107680/194602 rows
Parsed 107712/194602 rows
Parsed 107744/194602 rows
Parsed 107776/194602 rows
Parsed 107808/194602 rows
Parsed 107840/194602 rows
Parsed 107872/194602 rows
Parsed 107904/194602 rows
Parsed 107936/194602 rows
Parsed 107968/194602 rows
Parsed 108000/194602 rows
Parsed 108032/194602 rows
Parsed 108064/194602 rows
Parsed 108096/194602 rows
Parsed 108128/194602 rows
Parsed 108160/194602 rows
Parsed 108192/194602 rows
Parsed 108224/194602 rows
Parsed 108256/194602 rows
Parsed 108288/194602 rows
Parsed 108320/194602 rows
Parsed 108352/194602 rows
Parsed 108384/194602 rows
Parsed 108416/194602 rows
Parsed 108448/194602 rows
Parsed 108480/194602 rows
Parsed 108512/194602 rows
Parsed 108544/194602 rows
Parsed 108576/194602 rows
Parsed 108608/194602 rows
Parsed 108640/194602 rows
Parsed 108672/194602 rows
Parsed 108704/194602 rows
Parsed 108736/194602 rows
Parsed 108768/194602 rows
Parsed 108800/194602 rows
Parsed 108832/194602 rows
Parsed 108864/194602 rows
Parsed 108896/194602 rows
Parsed 108928/194602 rows
Parsed 108960/194602 rows
Parsed 108992/194602 rows
Parsed 109024/194602 rows
Parsed 109056/194602 rows
Parsed 109088/194602 rows
Parsed 109120/194602 rows
Parsed 109152/194602 rows
Parsed 109184/194602 rows
Parsed 109216/194602 rows
Parsed 109248/194602 rows
Parsed 109280/194602 rows
Parsed 109312/194602 rows
Parsed 109344/194602 rows
Parsed 109376/194602 rows
Parsed 109408/194602 rows
Parsed 109440/194602 rows
Parsed 109472/194602 rows
Parsed 109504/194602 rows
Parsed 109536/194602 rows
Parsed 109568/194602 rows
Parsed 109600/194602 rows
Parsed 109632/194602 rows
Parsed 109664/194602 rows
Parsed 109696/194602 rows
Parsed 109728/194602 rows
Parsed 109760/194602 rows
Parsed 109792/194602 rows
Parsed 109824/194602 rows
Parsed 109856/194602 rows
Parsed 109888/194602 rows
Parsed 109920/194602 rows
Parsed 109952/194602 rows
Parsed 109984/194602 rows
Parsed 110016/194602 rows
Parsed 110048/194602 rows
Parsed 110080/194602 rows
Parsed 110112/194602 rows
Parsed 110144/194602 rows
Parsed 110176/194602 rows
Parsed 110208/194602 rows
Parsed 110240/194602 rows
Parsed 110272/194602 rows
Parsed 110304/194602 rows
Parsed 110336/194602 rows
Parsed 110368/194602 rows
Parsed 110400/194602 rows
Parsed 110432/194602 rows
Parsed 110464/194602 rows
Parsed 110496/194602 rows
Parsed 110528/194602 rows
Parsed 110560/194602 rows
Parsed 110592/194602 rows
Parsed 110624/194602 rows
Parsed 110656/194602 rows
Parsed 110688/194602 rows
Parsed 110720/194602 rows
Parsed 110752/194602 rows
Parsed 110784/194602 rows
Parsed 110816/194602 rows
Parsed 110848/194602 rows
Parsed 110880/194602 rows
Parsed 110912/194602 rows
Parsed 110944/194602 rows
Parsed 110976/194602 rows
Parsed 111008/194602 rows
Parsed 111040/194602 rows
Parsed 111072/194602 rows
Parsed 111104/194602 rows
Parsed 111136/194602 rows
Parsed 111168/194602 rows
Parsed 111200/194602 rows
Parsed 111232/194602 rows
Parsed 111264/194602 rows
Parsed 111296/194602 rows
Parsed 111328/194602 rows
Parsed 111360/194602 rows
Parsed 111392/194602 rows
Parsed 111424/194602 rows
Parsed 111456/194602 rows
Parsed 111488/194602 rows
Parsed 111520/194602 rows
Parsed 111552/194602 rows
Parsed 111584/194602 rows
Parsed 111616/194602 rows
Parsed 111648/194602 rows
Parsed 111680/194602 rows
Parsed 111712/194602 rows
Parsed 111744/194602 rows
Parsed 111776/194602 rows
Parsed 111808/194602 rows
Parsed 111840/194602 rows
Parsed 111872/194602 rows
Parsed 111904/194602 rows
Parsed 111936/194602 rows
Parsed 111968/194602 rows
Parsed 112000/194602 rows
Parsed 112032/194602 rows
Parsed 112064/194602 rows
Parsed 112096/194602 rows
Parsed 112128/194602 rows
Parsed 112160/194602 rows
Parsed 112192/194602 rows
Parsed 112224/194602 rows
Parsed 112256/194602 rows
Parsed 112288/194602 rows
Parsed 112320/194602 rows
Parsed 112352/194602 rows
Parsed 112384/194602 rows
Parsed 112416/194602 rows
Parsed 112448/194602 rows
Parsed 112480/194602 rows
Parsed 112512/194602 rows
Parsed 112544/194602 rows
Parsed 112576/194602 rows
Parsed 112608/194602 rows
Parsed 112640/194602 rows
Parsed 112672/194602 rows
Parsed 112704/194602 rows
Parsed 112736/194602 rows
Parsed 112768/194602 rows
Parsed 112800/194602 rows
Parsed 112832/194602 rows
Parsed 112864/194602 rows
Parsed 112896/194602 rows
Parsed 112928/194602 rows
Parsed 112960/194602 rows
Parsed 112992/194602 rows
Parsed 113024/194602 rows
Parsed 113056/194602 rows
Parsed 113088/194602 rows
Parsed 113120/194602 rows
Parsed 113152/194602 rows
Parsed 113184/194602 rows
Parsed 113216/194602 rows
Parsed 113248/194602 rows
Parsed 113280/194602 rows
Parsed 113312/194602 rows
Parsed 113344/194602 rows
Parsed 113376/194602 rows
Parsed 113408/194602 rows
Parsed 113440/194602 rows
Parsed 113472/194602 rows
Parsed 113504/194602 rows
Parsed 113536/194602 rows
Parsed 113568/194602 rows
Parsed 113600/194602 rows
Parsed 113632/194602 rows
Parsed 113664/194602 rows
Parsed 113696/194602 rows
Parsed 113728/194602 rows
Parsed 113760/194602 rows
Parsed 113792/194602 rows
Parsed 113824/194602 rows
Parsed 113856/194602 rows
Parsed 113888/194602 rows
Parsed 113920/194602 rows
Parsed 113952/194602 rows
Parsed 113984/194602 rows
Parsed 114016/194602 rows
Parsed 114048/194602 rows
Parsed 114080/194602 rows
Parsed 114112/194602 rows
Parsed 114144/194602 rows
Parsed 114176/194602 rows
Parsed 114208/194602 rows
Parsed 114240/194602 rows
Parsed 114272/194602 rows
Parsed 114304/194602 rows
Parsed 114336/194602 rows
Parsed 114368/194602 rows
Parsed 114400/194602 rows
Parsed 114432/194602 rows
Parsed 114464/194602 rows
Parsed 114496/194602 rows
Parsed 114528/194602 rows
Parsed 114560/194602 rows
Parsed 114592/194602 rows
Parsed 114624/194602 rows
Parsed 114656/194602 rows
Parsed 114688/194602 rows
Parsed 114720/194602 rows
Parsed 114752/194602 rows
Parsed 114784/194602 rows
Parsed 114816/194602 rows
Parsed 114848/194602 rows
Parsed 114880/194602 rows
Parsed 114912/194602 rows
Parsed 114944/194602 rows
Parsed 114976/194602 rows
Parsed 115008/194602 rows
Parsed 115040/194602 rows
Parsed 115072/194602 rows
Parsed 115104/194602 rows
Parsed 115136/194602 rows
Parsed 115168/194602 rows
Parsed 115200/194602 rows
Parsed 115232/194602 rows
Parsed 115264/194602 rows
Parsed 115296/194602 rows
Parsed 115328/194602 rows
Parsed 115360/194602 rows
Parsed 115392/194602 rows
Parsed 115424/194602 rows
Parsed 115456/194602 rows
Parsed 115488/194602 rows
Parsed 115520/194602 rows
Parsed 115552/194602 rows
Parsed 115584/194602 rows
Parsed 115616/194602 rows
Parsed 115648/194602 rows
Parsed 115680/194602 rows
Parsed 115712/194602 rows
Parsed 115744/194602 rows
Parsed 115776/194602 rows
Parsed 115808/194602 rows
Parsed 115840/194602 rows
Parsed 115872/194602 rows
Parsed 115904/194602 rows
Parsed 115936/194602 rows
Parsed 115968/194602 rows
Parsed 116000/194602 rows
Parsed 116032/194602 rows
Parsed 116064/194602 rows
Parsed 116096/194602 rows
Parsed 116128/194602 rows
Parsed 116160/194602 rows
Parsed 116192/194602 rows
Parsed 116224/194602 rows
Parsed 116256/194602 rows
Parsed 116288/194602 rows
Parsed 116320/194602 rows
Parsed 116352/194602 rows
Parsed 116384/194602 rows
Parsed 116416/194602 rows
Parsed 116448/194602 rows
Parsed 116480/194602 rows
Parsed 116512/194602 rows
Parsed 116544/194602 rows
Parsed 116576/194602 rows
Parsed 116608/194602 rows
Parsed 116640/194602 rows
Parsed 116672/194602 rows
Parsed 116704/194602 rows
Parsed 116736/194602 rows
Parsed 116768/194602 rows
Parsed 116800/194602 rows
Parsed 116832/194602 rows
Parsed 116864/194602 rows
Parsed 116896/194602 rows
Parsed 116928/194602 rows
Parsed 116960/194602 rows
Parsed 116992/194602 rows
Parsed 117024/194602 rows
Parsed 117056/194602 rows
Parsed 117088/194602 rows
Parsed 117120/194602 rows
Parsed 117152/194602 rows
Parsed 117184/194602 rows
Parsed 117216/194602 rows
Parsed 117248/194602 rows
Parsed 117280/194602 rows
Parsed 117312/194602 rows
Parsed 117344/194602 rows
Parsed 117376/194602 rows
Parsed 117408/194602 rows
Parsed 117440/194602 rows
Parsed 117472/194602 rows
Parsed 117504/194602 rows
Parsed 117536/194602 rows
Parsed 117568/194602 rows
Parsed 117600/194602 rows
Parsed 117632/194602 rows
Parsed 117664/194602 rows
Parsed 117696/194602 rows
Parsed 117728/194602 rows
Parsed 117760/194602 rows
Parsed 117792/194602 rows
Parsed 117824/194602 rows
Parsed 117856/194602 rows
Parsed 117888/194602 rows
Parsed 117920/194602 rows
Parsed 117952/194602 rows
Parsed 117984/194602 rows
Parsed 118016/194602 rows
Parsed 118048/194602 rows
Parsed 118080/194602 rows
Parsed 118112/194602 rows
Parsed 118144/194602 rows
Parsed 118176/194602 rows
Parsed 118208/194602 rows
Parsed 118240/194602 rows
Parsed 118272/194602 rows
Parsed 118304/194602 rows
Parsed 118336/194602 rows
Parsed 118368/194602 rows
Parsed 118400/194602 rows
Parsed 118432/194602 rows
Parsed 118464/194602 rows
Parsed 118496/194602 rows
Parsed 118528/194602 rows
Parsed 118560/194602 rows
Parsed 118592/194602 rows
Parsed 118624/194602 rows
Parsed 118656/194602 rows
Parsed 118688/194602 rows
Parsed 118720/194602 rows
Parsed 118752/194602 rows
Parsed 118784/194602 rows
Parsed 118816/194602 rows
Parsed 118848/194602 rows
Parsed 118880/194602 rows
Parsed 118912/194602 rows
Parsed 118944/194602 rows
Parsed 118976/194602 rows
Parsed 119008/194602 rows
Parsed 119040/194602 rows
Parsed 119072/194602 rows
Parsed 119104/194602 rows
Parsed 119136/194602 rows
Parsed 119168/194602 rows
Parsed 119200/194602 rows
Parsed 119232/194602 rows
Parsed 119264/194602 rows
Parsed 119296/194602 rows
Parsed 119328/194602 rows
Parsed 119360/194602 rows
Parsed 119392/194602 rows
Parsed 119424/194602 rows
Parsed 119456/194602 rows
Parsed 119488/194602 rows
Parsed 119520/194602 rows
Parsed 119552/194602 rows
Parsed 119584/194602 rows
Parsed 119616/194602 rows
Parsed 119648/194602 rows
Parsed 119680/194602 rows
Parsed 119712/194602 rows
Parsed 119744/194602 rows
Parsed 119776/194602 rows
Parsed 119808/194602 rows
Parsed 119840/194602 rows
Parsed 119872/194602 rows
Parsed 119904/194602 rows
Parsed 119936/194602 rows
Parsed 119968/194602 rows
Parsed 120000/194602 rows
Parsed 120032/194602 rows
Parsed 120064/194602 rows
Parsed 120096/194602 rows
Parsed 120128/194602 rows
Parsed 120160/194602 rows
Parsed 120192/194602 rows
Parsed 120224/194602 rows
Parsed 120256/194602 rows
Parsed 120288/194602 rows
Parsed 120320/194602 rows
Parsed 120352/194602 rows
Parsed 120384/194602 rows
Parsed 120416/194602 rows
Parsed 120448/194602 rows
Parsed 120480/194602 rows
Parsed 120512/194602 rows
Parsed 120544/194602 rows
Parsed 120576/194602 rows
Parsed 120608/194602 rows
Parsed 120640/194602 rows
Parsed 120672/194602 rows
Parsed 120704/194602 rows
Parsed 120736/194602 rows
Parsed 120768/194602 rows
Parsed 120800/194602 rows
Parsed 120832/194602 rows
Parsed 120864/194602 rows
Parsed 120896/194602 rows
Parsed 120928/194602 rows
Parsed 120960/194602 rows
Parsed 120992/194602 rows
Parsed 121024/194602 rows
Parsed 121056/194602 rows
Parsed 121088/194602 rows
Parsed 121120/194602 rows
Parsed 121152/194602 rows
Parsed 121184/194602 rows
Parsed 121216/194602 rows
Parsed 121248/194602 rows
Parsed 121280/194602 rows
Parsed 121312/194602 rows
Parsed 121344/194602 rows
Parsed 121376/194602 rows
Parsed 121408/194602 rows
Parsed 121440/194602 rows
Parsed 121472/194602 rows
Parsed 121504/194602 rows
Parsed 121536/194602 rows
Parsed 121568/194602 rows
Parsed 121600/194602 rows
Parsed 121632/194602 rows
Parsed 121664/194602 rows
Parsed 121696/194602 rows
Parsed 121728/194602 rows
Parsed 121760/194602 rows
Parsed 121792/194602 rows
Parsed 121824/194602 rows
Parsed 121856/194602 rows
Parsed 121888/194602 rows
Parsed 121920/194602 rows
Parsed 121952/194602 rows
Parsed 121984/194602 rows
Parsed 122016/194602 rows
Parsed 122048/194602 rows
Parsed 122080/194602 rows
Parsed 122112/194602 rows
Parsed 122144/194602 rows
Parsed 122176/194602 rows
Parsed 122208/194602 rows
Parsed 122240/194602 rows
Parsed 122272/194602 rows
Parsed 122304/194602 rows
Parsed 122336/194602 rows
Parsed 122368/194602 rows
Parsed 122400/194602 rows
Parsed 122432/194602 rows
Parsed 122464/194602 rows
Parsed 122496/194602 rows
Parsed 122528/194602 rows
Parsed 122560/194602 rows
Parsed 122592/194602 rows
Parsed 122624/194602 rows
Parsed 122656/194602 rows
Parsed 122688/194602 rows
Parsed 122720/194602 rows
Parsed 122752/194602 rows
Parsed 122784/194602 rows
Parsed 122816/194602 rows
Parsed 122848/194602 rows
Parsed 122880/194602 rows
Parsed 122912/194602 rows
Parsed 122944/194602 rows
Parsed 122976/194602 rows
Parsed 123008/194602 rows
Parsed 123040/194602 rows
Parsed 123072/194602 rows
Parsed 123104/194602 rows
Parsed 123136/194602 rows
Parsed 123168/194602 rows
Parsed 123200/194602 rows
Parsed 123232/194602 rows
Parsed 123264/194602 rows
Parsed 123296/194602 rows
Parsed 123328/194602 rows
Parsed 123360/194602 rows
Parsed 123392/194602 rows
Parsed 123424/194602 rows
Parsed 123456/194602 rows
Parsed 123488/194602 rows
Parsed 123520/194602 rows
Parsed 123552/194602 rows
Parsed 123584/194602 rows
Parsed 123616/194602 rows
Parsed 123648/194602 rows
Parsed 123680/194602 rows
Parsed 123712/194602 rows
Parsed 123744/194602 rows
Parsed 123776/194602 rows
Parsed 123808/194602 rows
Parsed 123840/194602 rows
Parsed 123872/194602 rows
Parsed 123904/194602 rows
Parsed 123936/194602 rows
Parsed 123968/194602 rows
Parsed 124000/194602 rows
Parsed 124032/194602 rows
Parsed 124064/194602 rows
Parsed 124096/194602 rows
Parsed 124128/194602 rows
Parsed 124160/194602 rows
Parsed 124192/194602 rows
Parsed 124224/194602 rows
Parsed 124256/194602 rows
Parsed 124288/194602 rows
Parsed 124320/194602 rows
Parsed 124352/194602 rows
Parsed 124384/194602 rows
Parsed 124416/194602 rows
Parsed 124448/194602 rows
Parsed 124480/194602 rows
Parsed 124512/194602 rows
Parsed 124544/194602 rows
Parsed 124576/194602 rows
Parsed 124608/194602 rows
Parsed 124640/194602 rows
Parsed 124672/194602 rows
Parsed 124704/194602 rows
Parsed 124736/194602 rows
Parsed 124768/194602 rows
Parsed 124800/194602 rows
Parsed 124832/194602 rows
Parsed 124864/194602 rows
Parsed 124896/194602 rows
Parsed 124928/194602 rows
Parsed 124960/194602 rows
Parsed 124992/194602 rows
Parsed 125024/194602 rows
Parsed 125056/194602 rows
Parsed 125088/194602 rows
Parsed 125120/194602 rows
Parsed 125152/194602 rows
Parsed 125184/194602 rows
Parsed 125216/194602 rows
Parsed 125248/194602 rows
Parsed 125280/194602 rows
Parsed 125312/194602 rows
Parsed 125344/194602 rows
Parsed 125376/194602 rows
Parsed 125408/194602 rows
Parsed 125440/194602 rows
Parsed 125472/194602 rows
Parsed 125504/194602 rows
Parsed 125536/194602 rows
Parsed 125568/194602 rows
Parsed 125600/194602 rows
Parsed 125632/194602 rows
Parsed 125664/194602 rows
Parsed 125696/194602 rows
Parsed 125728/194602 rows
Parsed 125760/194602 rows
Parsed 125792/194602 rows
Parsed 125824/194602 rows
Parsed 125856/194602 rows
Parsed 125888/194602 rows
Parsed 125920/194602 rows
Parsed 125952/194602 rows
Parsed 125984/194602 rows
Parsed 126016/194602 rows
Parsed 126048/194602 rows
Parsed 126080/194602 rows
Parsed 126112/194602 rows
Parsed 126144/194602 rows
Parsed 126176/194602 rows
Parsed 126208/194602 rows
Parsed 126240/194602 rows
Parsed 126272/194602 rows
Parsed 126304/194602 rows
Parsed 126336/194602 rows
Parsed 126368/194602 rows
Parsed 126400/194602 rows
Parsed 126432/194602 rows
Parsed 126464/194602 rows
Parsed 126496/194602 rows
Parsed 126528/194602 rows
Parsed 126560/194602 rows
Parsed 126592/194602 rows
Parsed 126624/194602 rows
Parsed 126656/194602 rows
Parsed 126688/194602 rows
Parsed 126720/194602 rows
Parsed 126752/194602 rows
Parsed 126784/194602 rows
Parsed 126816/194602 rows
Parsed 126848/194602 rows
Parsed 126880/194602 rows
Parsed 126912/194602 rows
Parsed 126944/194602 rows
Parsed 126976/194602 rows
Parsed 127008/194602 rows
Parsed 127040/194602 rows
Parsed 127072/194602 rows
Parsed 127104/194602 rows
Parsed 127136/194602 rows
Parsed 127168/194602 rows
Parsed 127200/194602 rows
Parsed 127232/194602 rows
Parsed 127264/194602 rows
Parsed 127296/194602 rows
Parsed 127328/194602 rows
Parsed 127360/194602 rows
Parsed 127392/194602 rows
Parsed 127424/194602 rows
Parsed 127456/194602 rows
Parsed 127488/194602 rows
Parsed 127520/194602 rows
Parsed 127552/194602 rows
Parsed 127584/194602 rows
Parsed 127616/194602 rows
Parsed 127648/194602 rows
Parsed 127680/194602 rows
Parsed 127712/194602 rows
Parsed 127744/194602 rows
Parsed 127776/194602 rows
Parsed 127808/194602 rows
Parsed 127840/194602 rows
Parsed 127872/194602 rows
Parsed 127904/194602 rows
Parsed 127936/194602 rows
Parsed 127968/194602 rows
Parsed 128000/194602 rows
Parsed 128032/194602 rows
Parsed 128064/194602 rows
Parsed 128096/194602 rows
Parsed 128128/194602 rows
Parsed 128160/194602 rows
Parsed 128192/194602 rows
Parsed 128224/194602 rows
Parsed 128256/194602 rows
Parsed 128288/194602 rows
Parsed 128320/194602 rows
Parsed 128352/194602 rows
Parsed 128384/194602 rows
Parsed 128416/194602 rows
Parsed 128448/194602 rows
Parsed 128480/194602 rows
Parsed 128512/194602 rows
Parsed 128544/194602 rows
Parsed 128576/194602 rows
Parsed 128608/194602 rows
Parsed 128640/194602 rows
Parsed 128672/194602 rows
Parsed 128704/194602 rows
Parsed 128736/194602 rows
Parsed 128768/194602 rows
Parsed 128800/194602 rows
Parsed 128832/194602 rows
Parsed 128864/194602 rows
Parsed 128896/194602 rows
Parsed 128928/194602 rows
Parsed 128960/194602 rows
Parsed 128992/194602 rows
Parsed 129024/194602 rows
Parsed 129056/194602 rows
Parsed 129088/194602 rows
Parsed 129120/194602 rows
Parsed 129152/194602 rows
Parsed 129184/194602 rows
Parsed 129216/194602 rows
Parsed 129248/194602 rows
Parsed 129280/194602 rows
Parsed 129312/194602 rows
Parsed 129344/194602 rows
Parsed 129376/194602 rows
Parsed 129408/194602 rows
Parsed 129440/194602 rows
Parsed 129472/194602 rows
Parsed 129504/194602 rows
Parsed 129536/194602 rows
Parsed 129568/194602 rows
Parsed 129600/194602 rows
Parsed 129632/194602 rows
Parsed 129664/194602 rows
Parsed 129696/194602 rows
Parsed 129728/194602 rows
Parsed 129760/194602 rows
Parsed 129792/194602 rows
Parsed 129824/194602 rows
Parsed 129856/194602 rows
Parsed 129888/194602 rows
Parsed 129920/194602 rows
Parsed 129952/194602 rows
Parsed 129984/194602 rows
Parsed 130016/194602 rows
Parsed 130048/194602 rows
Parsed 130080/194602 rows
Parsed 130112/194602 rows
Parsed 130144/194602 rows
Parsed 130176/194602 rows
Parsed 130208/194602 rows
Parsed 130240/194602 rows
Parsed 130272/194602 rows
Parsed 130304/194602 rows
Parsed 130336/194602 rows
Parsed 130368/194602 rows
Parsed 130400/194602 rows
Parsed 130432/194602 rows
Parsed 130464/194602 rows
Parsed 130496/194602 rows
Parsed 130528/194602 rows
Parsed 130560/194602 rows
Parsed 130592/194602 rows
Parsed 130624/194602 rows
Parsed 130656/194602 rows
Parsed 130688/194602 rows
Parsed 130720/194602 rows
Parsed 130752/194602 rows
Parsed 130784/194602 rows
Parsed 130816/194602 rows
Parsed 130848/194602 rows
Parsed 130880/194602 rows
Parsed 130912/194602 rows
Parsed 130944/194602 rows
Parsed 130976/194602 rows
Parsed 131008/194602 rows
Parsed 131040/194602 rows
Parsed 131072/194602 rows
Parsed 131104/194602 rows
Parsed 131136/194602 rows
Parsed 131168/194602 rows
Parsed 131200/194602 rows
Parsed 131232/194602 rows
Parsed 131264/194602 rows
Parsed 131296/194602 rows
Parsed 131328/194602 rows
Parsed 131360/194602 rows
Parsed 131392/194602 rows
Parsed 131424/194602 rows
Parsed 131456/194602 rows
Parsed 131488/194602 rows
Parsed 131520/194602 rows
Parsed 131552/194602 rows
Parsed 131584/194602 rows
Parsed 131616/194602 rows
Parsed 131648/194602 rows
Parsed 131680/194602 rows
Parsed 131712/194602 rows
Parsed 131744/194602 rows
Parsed 131776/194602 rows
Parsed 131808/194602 rows
Parsed 131840/194602 rows
Parsed 131872/194602 rows
Parsed 131904/194602 rows
Parsed 131936/194602 rows
Parsed 131968/194602 rows
Parsed 132000/194602 rows
Parsed 132032/194602 rows
Parsed 132064/194602 rows
Parsed 132096/194602 rows
Parsed 132128/194602 rows
Parsed 132160/194602 rows
Parsed 132192/194602 rows
Parsed 132224/194602 rows
Parsed 132256/194602 rows
Parsed 132288/194602 rows
Parsed 132320/194602 rows
Parsed 132352/194602 rows
Parsed 132384/194602 rows
Parsed 132416/194602 rows
Parsed 132448/194602 rows
Parsed 132480/194602 rows
Parsed 132512/194602 rows
Parsed 132544/194602 rows
Parsed 132576/194602 rows
Parsed 132608/194602 rows
Parsed 132640/194602 rows
Parsed 132672/194602 rows
Parsed 132704/194602 rows
Parsed 132736/194602 rows
Parsed 132768/194602 rows
Parsed 132800/194602 rows
Parsed 132832/194602 rows
Parsed 132864/194602 rows
Parsed 132896/194602 rows
Parsed 132928/194602 rows
Parsed 132960/194602 rows
Parsed 132992/194602 rows
Parsed 133024/194602 rows
Parsed 133056/194602 rows
Parsed 133088/194602 rows
Parsed 133120/194602 rows
Parsed 133152/194602 rows
Parsed 133184/194602 rows
Parsed 133216/194602 rows
Parsed 133248/194602 rows
Parsed 133280/194602 rows
Parsed 133312/194602 rows
Parsed 133344/194602 rows
Parsed 133376/194602 rows
Parsed 133408/194602 rows
Parsed 133440/194602 rows
Parsed 133472/194602 rows
Parsed 133504/194602 rows
Parsed 133536/194602 rows
Parsed 133568/194602 rows
Parsed 133600/194602 rows
Parsed 133632/194602 rows
Parsed 133664/194602 rows
Parsed 133696/194602 rows
Parsed 133728/194602 rows
Parsed 133760/194602 rows
Parsed 133792/194602 rows
Parsed 133824/194602 rows
Parsed 133856/194602 rows
Parsed 133888/194602 rows
Parsed 133920/194602 rows
Parsed 133952/194602 rows
Parsed 133984/194602 rows
Parsed 134016/194602 rows
Parsed 134048/194602 rows
Parsed 134080/194602 rows
Parsed 134112/194602 rows
Parsed 134144/194602 rows
Parsed 134176/194602 rows
Parsed 134208/194602 rows
Parsed 134240/194602 rows
Parsed 134272/194602 rows
Parsed 134304/194602 rows
Parsed 134336/194602 rows
Parsed 134368/194602 rows
Parsed 134400/194602 rows
Parsed 134432/194602 rows
Parsed 134464/194602 rows
Parsed 134496/194602 rows
Parsed 134528/194602 rows
Parsed 134560/194602 rows
Parsed 134592/194602 rows
Parsed 134624/194602 rows
Parsed 134656/194602 rows
Parsed 134688/194602 rows
Parsed 134720/194602 rows
Parsed 134752/194602 rows
Parsed 134784/194602 rows
Parsed 134816/194602 rows
Parsed 134848/194602 rows
Parsed 134880/194602 rows
Parsed 134912/194602 rows
Parsed 134944/194602 rows
Parsed 134976/194602 rows
Parsed 135008/194602 rows
Parsed 135040/194602 rows
Parsed 135072/194602 rows
Parsed 135104/194602 rows
Parsed 135136/194602 rows
Parsed 135168/194602 rows
Parsed 135200/194602 rows
Parsed 135232/194602 rows
Parsed 135264/194602 rows
Parsed 135296/194602 rows
Parsed 135328/194602 rows
Parsed 135360/194602 rows
Parsed 135392/194602 rows
Parsed 135424/194602 rows
Parsed 135456/194602 rows
Parsed 135488/194602 rows
Parsed 135520/194602 rows
Parsed 135552/194602 rows
Parsed 135584/194602 rows
Parsed 135616/194602 rows
Parsed 135648/194602 rows
Parsed 135680/194602 rows
Parsed 135712/194602 rows
Parsed 135744/194602 rows
Parsed 135776/194602 rows
Parsed 135808/194602 rows
Parsed 135840/194602 rows
Parsed 135872/194602 rows
Parsed 135904/194602 rows
Parsed 135936/194602 rows
Parsed 135968/194602 rows
Parsed 136000/194602 rows
Parsed 136032/194602 rows
Parsed 136064/194602 rows
Parsed 136096/194602 rows
Parsed 136128/194602 rows
Parsed 136160/194602 rows
Parsed 136192/194602 rows
Parsed 136224/194602 rows
Parsed 136256/194602 rows
Parsed 136288/194602 rows
Parsed 136320/194602 rows
Parsed 136352/194602 rows
Parsed 136384/194602 rows
Parsed 136416/194602 rows
Parsed 136448/194602 rows
Parsed 136480/194602 rows
Parsed 136512/194602 rows
Parsed 136544/194602 rows
Parsed 136576/194602 rows
Parsed 136608/194602 rows
Parsed 136640/194602 rows
Parsed 136672/194602 rows
Parsed 136704/194602 rows
Parsed 136736/194602 rows
Parsed 136768/194602 rows
Parsed 136800/194602 rows
Parsed 136832/194602 rows
Parsed 136864/194602 rows
Parsed 136896/194602 rows
Parsed 136928/194602 rows
Parsed 136960/194602 rows
Parsed 136992/194602 rows
Parsed 137024/194602 rows
Parsed 137056/194602 rows
Parsed 137088/194602 rows
Parsed 137120/194602 rows
Parsed 137152/194602 rows
Parsed 137184/194602 rows
Parsed 137216/194602 rows
Parsed 137248/194602 rows
Parsed 137280/194602 rows
Parsed 137312/194602 rows
Parsed 137344/194602 rows
Parsed 137376/194602 rows
Parsed 137408/194602 rows
Parsed 137440/194602 rows
Parsed 137472/194602 rows
Parsed 137504/194602 rows
Parsed 137536/194602 rows
Parsed 137568/194602 rows
Parsed 137600/194602 rows
Parsed 137632/194602 rows
Parsed 137664/194602 rows
Parsed 137696/194602 rows
Parsed 137728/194602 rows
Parsed 137760/194602 rows
Parsed 137792/194602 rows
Parsed 137824/194602 rows
Parsed 137856/194602 rows
Parsed 137888/194602 rows
Parsed 137920/194602 rows
Parsed 137952/194602 rows
Parsed 137984/194602 rows
Parsed 138016/194602 rows
Parsed 138048/194602 rows
Parsed 138080/194602 rows
Parsed 138112/194602 rows
Parsed 138144/194602 rows
Parsed 138176/194602 rows
Parsed 138208/194602 rows
Parsed 138240/194602 rows
Parsed 138272/194602 rows
Parsed 138304/194602 rows
Parsed 138336/194602 rows
Parsed 138368/194602 rows
Parsed 138400/194602 rows
Parsed 138432/194602 rows
Parsed 138464/194602 rows
Parsed 138496/194602 rows
Parsed 138528/194602 rows
Parsed 138560/194602 rows
Parsed 138592/194602 rows
Parsed 138624/194602 rows
Parsed 138656/194602 rows
Parsed 138688/194602 rows
Parsed 138720/194602 rows
Parsed 138752/194602 rows
Parsed 138784/194602 rows
Parsed 138816/194602 rows
Parsed 138848/194602 rows
Parsed 138880/194602 rows
Parsed 138912/194602 rows
Parsed 138944/194602 rows
Parsed 138976/194602 rows
Parsed 139008/194602 rows
Parsed 139040/194602 rows
Parsed 139072/194602 rows
Parsed 139104/194602 rows
Parsed 139136/194602 rows
Parsed 139168/194602 rows
Parsed 139200/194602 rows
Parsed 139232/194602 rows
Parsed 139264/194602 rows
Parsed 139296/194602 rows
Parsed 139328/194602 rows
Parsed 139360/194602 rows
Parsed 139392/194602 rows
Parsed 139424/194602 rows
Parsed 139456/194602 rows
Parsed 139488/194602 rows
Parsed 139520/194602 rows
Parsed 139552/194602 rows
Parsed 139584/194602 rows
Parsed 139616/194602 rows
Parsed 139648/194602 rows
Parsed 139680/194602 rows
Parsed 139712/194602 rows
Parsed 139744/194602 rows
Parsed 139776/194602 rows
Parsed 139808/194602 rows
Parsed 139840/194602 rows
Parsed 139872/194602 rows
Parsed 139904/194602 rows
Parsed 139936/194602 rows
Parsed 139968/194602 rows
Parsed 140000/194602 rows
Parsed 140032/194602 rows
Parsed 140064/194602 rows
Parsed 140096/194602 rows
Parsed 140128/194602 rows
Parsed 140160/194602 rows
Parsed 140192/194602 rows
Parsed 140224/194602 rows
Parsed 140256/194602 rows
Parsed 140288/194602 rows
Parsed 140320/194602 rows
Parsed 140352/194602 rows
Parsed 140384/194602 rows
Parsed 140416/194602 rows
Parsed 140448/194602 rows
Parsed 140480/194602 rows
Parsed 140512/194602 rows
Parsed 140544/194602 rows
Parsed 140576/194602 rows
Parsed 140608/194602 rows
Parsed 140640/194602 rows
Parsed 140672/194602 rows
Parsed 140704/194602 rows
Parsed 140736/194602 rows
Parsed 140768/194602 rows
Parsed 140800/194602 rows
Parsed 140832/194602 rows
Parsed 140864/194602 rows
Parsed 140896/194602 rows
Parsed 140928/194602 rows
Parsed 140960/194602 rows
Parsed 140992/194602 rows
Parsed 141024/194602 rows
Parsed 141056/194602 rows
Parsed 141088/194602 rows
Parsed 141120/194602 rows
Parsed 141152/194602 rows
Parsed 141184/194602 rows
Parsed 141216/194602 rows
Parsed 141248/194602 rows
Parsed 141280/194602 rows
Parsed 141312/194602 rows
Parsed 141344/194602 rows
Parsed 141376/194602 rows
Parsed 141408/194602 rows
Parsed 141440/194602 rows
Parsed 141472/194602 rows
Parsed 141504/194602 rows
Parsed 141536/194602 rows
Parsed 141568/194602 rows
Parsed 141600/194602 rows
Parsed 141632/194602 rows
Parsed 141664/194602 rows
Parsed 141696/194602 rows
Parsed 141728/194602 rows
Parsed 141760/194602 rows
Parsed 141792/194602 rows
Parsed 141824/194602 rows
Parsed 141856/194602 rows
Parsed 141888/194602 rows
Parsed 141920/194602 rows
Parsed 141952/194602 rows
Parsed 141984/194602 rows
Parsed 142016/194602 rows
Parsed 142048/194602 rows
Parsed 142080/194602 rows
Parsed 142112/194602 rows
Parsed 142144/194602 rows
Parsed 142176/194602 rows
Parsed 142208/194602 rows
Parsed 142240/194602 rows
Parsed 142272/194602 rows
Parsed 142304/194602 rows
Parsed 142336/194602 rows
Parsed 142368/194602 rows
Parsed 142400/194602 rows
Parsed 142432/194602 rows
Parsed 142464/194602 rows
Parsed 142496/194602 rows
Parsed 142528/194602 rows
Parsed 142560/194602 rows
Parsed 142592/194602 rows
Parsed 142624/194602 rows
Parsed 142656/194602 rows
Parsed 142688/194602 rows
Parsed 142720/194602 rows
Parsed 142752/194602 rows
Parsed 142784/194602 rows
Parsed 142816/194602 rows
Parsed 142848/194602 rows
Parsed 142880/194602 rows
Parsed 142912/194602 rows
Parsed 142944/194602 rows
Parsed 142976/194602 rows
Parsed 143008/194602 rows
Parsed 143040/194602 rows
Parsed 143072/194602 rows
Parsed 143104/194602 rows
Parsed 143136/194602 rows
Parsed 143168/194602 rows
Parsed 143200/194602 rows
Parsed 143232/194602 rows
Parsed 143264/194602 rows
Parsed 143296/194602 rows
Parsed 143328/194602 rows
Parsed 143360/194602 rows
Parsed 143392/194602 rows
Parsed 143424/194602 rows
Parsed 143456/194602 rows
Parsed 143488/194602 rows
Parsed 143520/194602 rows
Parsed 143552/194602 rows
Parsed 143584/194602 rows
Parsed 143616/194602 rows
Parsed 143648/194602 rows
Parsed 143680/194602 rows
Parsed 143712/194602 rows
Parsed 143744/194602 rows
Parsed 143776/194602 rows
Parsed 143808/194602 rows
Parsed 143840/194602 rows
Parsed 143872/194602 rows
Parsed 143904/194602 rows
Parsed 143936/194602 rows
Parsed 143968/194602 rows
Parsed 144000/194602 rows
Parsed 144032/194602 rows
Parsed 144064/194602 rows
Parsed 144096/194602 rows
Parsed 144128/194602 rows
Parsed 144160/194602 rows
Parsed 144192/194602 rows
Parsed 144224/194602 rows
Parsed 144256/194602 rows
Parsed 144288/194602 rows
Parsed 144320/194602 rows
Parsed 144352/194602 rows
Parsed 144384/194602 rows
Parsed 144416/194602 rows
Parsed 144448/194602 rows
Parsed 144480/194602 rows
Parsed 144512/194602 rows
Parsed 144544/194602 rows
Parsed 144576/194602 rows
Parsed 144608/194602 rows
Parsed 144640/194602 rows
Parsed 144672/194602 rows
Parsed 144704/194602 rows
Parsed 144736/194602 rows
Parsed 144768/194602 rows
Parsed 144800/194602 rows
Parsed 144832/194602 rows
Parsed 144864/194602 rows
Parsed 144896/194602 rows
Parsed 144928/194602 rows
Parsed 144960/194602 rows
Parsed 144992/194602 rows
Parsed 145024/194602 rows
Parsed 145056/194602 rows
Parsed 145088/194602 rows
Parsed 145120/194602 rows
Parsed 145152/194602 rows
Parsed 145184/194602 rows
Parsed 145216/194602 rows
Parsed 145248/194602 rows
Parsed 145280/194602 rows
Parsed 145312/194602 rows
Parsed 145344/194602 rows
Parsed 145376/194602 rows
Parsed 145408/194602 rows
Parsed 145440/194602 rows
Parsed 145472/194602 rows
Parsed 145504/194602 rows
Parsed 145536/194602 rows
Parsed 145568/194602 rows
Parsed 145600/194602 rows
Parsed 145632/194602 rows
Parsed 145664/194602 rows
Parsed 145696/194602 rows
Parsed 145728/194602 rows
Parsed 145760/194602 rows
Parsed 145792/194602 rows
Parsed 145824/194602 rows
Parsed 145856/194602 rows
Parsed 145888/194602 rows
Parsed 145920/194602 rows
Parsed 145952/194602 rows
Parsed 145984/194602 rows
Parsed 146016/194602 rows
Parsed 146048/194602 rows
Parsed 146080/194602 rows
Parsed 146112/194602 rows
Parsed 146144/194602 rows
Parsed 146176/194602 rows
Parsed 146208/194602 rows
Parsed 146240/194602 rows
Parsed 146272/194602 rows
Parsed 146304/194602 rows
Parsed 146336/194602 rows
Parsed 146368/194602 rows
Parsed 146400/194602 rows
Parsed 146432/194602 rows
Parsed 146464/194602 rows
Parsed 146496/194602 rows
Parsed 146528/194602 rows
Parsed 146560/194602 rows
Parsed 146592/194602 rows
Parsed 146624/194602 rows
Parsed 146656/194602 rows
Parsed 146688/194602 rows
Parsed 146720/194602 rows
Parsed 146752/194602 rows
Parsed 146784/194602 rows
Parsed 146816/194602 rows
Parsed 146848/194602 rows
Parsed 146880/194602 rows
Parsed 146912/194602 rows
Parsed 146944/194602 rows
Parsed 146976/194602 rows
Parsed 147008/194602 rows
Parsed 147040/194602 rows
Parsed 147072/194602 rows
Parsed 147104/194602 rows
Parsed 147136/194602 rows
Parsed 147168/194602 rows
Parsed 147200/194602 rows
Parsed 147232/194602 rows
Parsed 147264/194602 rows
Parsed 147296/194602 rows
Parsed 147328/194602 rows
Parsed 147360/194602 rows
Parsed 147392/194602 rows
Parsed 147424/194602 rows
Parsed 147456/194602 rows
Parsed 147488/194602 rows
Parsed 147520/194602 rows
Parsed 147552/194602 rows
Parsed 147584/194602 rows
Parsed 147616/194602 rows
Parsed 147648/194602 rows
Parsed 147680/194602 rows
Parsed 147712/194602 rows
Parsed 147744/194602 rows
Parsed 147776/194602 rows
Parsed 147808/194602 rows
Parsed 147840/194602 rows
Parsed 147872/194602 rows
Parsed 147904/194602 rows
Parsed 147936/194602 rows
Parsed 147968/194602 rows
Parsed 148000/194602 rows
Parsed 148032/194602 rows
Parsed 148064/194602 rows
Parsed 148096/194602 rows
Parsed 148128/194602 rows
Parsed 148160/194602 rows
Parsed 148192/194602 rows
Parsed 148224/194602 rows
Parsed 148256/194602 rows
Parsed 148288/194602 rows
Parsed 148320/194602 rows
Parsed 148352/194602 rows
Parsed 148384/194602 rows
Parsed 148416/194602 rows
Parsed 148448/194602 rows
Parsed 148480/194602 rows
Parsed 148512/194602 rows
Parsed 148544/194602 rows
Parsed 148576/194602 rows
Parsed 148608/194602 rows
Parsed 148640/194602 rows
Parsed 148672/194602 rows
Parsed 148704/194602 rows
Parsed 148736/194602 rows
Parsed 148768/194602 rows
Parsed 148800/194602 rows
Parsed 148832/194602 rows
Parsed 148864/194602 rows
Parsed 148896/194602 rows
Parsed 148928/194602 rows
Parsed 148960/194602 rows
Parsed 148992/194602 rows
Parsed 149024/194602 rows
Parsed 149056/194602 rows
Parsed 149088/194602 rows
Parsed 149120/194602 rows
Parsed 149152/194602 rows
Parsed 149184/194602 rows
Parsed 149216/194602 rows
Parsed 149248/194602 rows
Parsed 149280/194602 rows
Parsed 149312/194602 rows
Parsed 149344/194602 rows
Parsed 149376/194602 rows
Parsed 149408/194602 rows
Parsed 149440/194602 rows
Parsed 149472/194602 rows
Parsed 149504/194602 rows
Parsed 149536/194602 rows
Parsed 149568/194602 rows
Parsed 149600/194602 rows
Parsed 149632/194602 rows
Parsed 149664/194602 rows
Parsed 149696/194602 rows
Parsed 149728/194602 rows
Parsed 149760/194602 rows
Parsed 149792/194602 rows
Parsed 149824/194602 rows
Parsed 149856/194602 rows
Parsed 149888/194602 rows
Parsed 149920/194602 rows
Parsed 149952/194602 rows
Parsed 149984/194602 rows
Parsed 150016/194602 rows
Parsed 150048/194602 rows
Parsed 150080/194602 rows
Parsed 150112/194602 rows
Parsed 150144/194602 rows
Parsed 150176/194602 rows
Parsed 150208/194602 rows
Parsed 150240/194602 rows
Parsed 150272/194602 rows
Parsed 150304/194602 rows
Parsed 150336/194602 rows
Parsed 150368/194602 rows
Parsed 150400/194602 rows
Parsed 150432/194602 rows
Parsed 150464/194602 rows
Parsed 150496/194602 rows
Parsed 150528/194602 rows
Parsed 150560/194602 rows
Parsed 150592/194602 rows
Parsed 150624/194602 rows
Parsed 150656/194602 rows
Parsed 150688/194602 rows
Parsed 150720/194602 rows
Parsed 150752/194602 rows
Parsed 150784/194602 rows
Parsed 150816/194602 rows
Parsed 150848/194602 rows
Parsed 150880/194602 rows
Parsed 150912/194602 rows
Parsed 150944/194602 rows
Parsed 150976/194602 rows
Parsed 151008/194602 rows
Parsed 151040/194602 rows
Parsed 151072/194602 rows
Parsed 151104/194602 rows
Parsed 151136/194602 rows
Parsed 151168/194602 rows
Parsed 151200/194602 rows
Parsed 151232/194602 rows
Parsed 151264/194602 rows
Parsed 151296/194602 rows
Parsed 151328/194602 rows
Parsed 151360/194602 rows
Parsed 151392/194602 rows
Parsed 151424/194602 rows
Parsed 151456/194602 rows
Parsed 151488/194602 rows
Parsed 151520/194602 rows
Parsed 151552/194602 rows
Parsed 151584/194602 rows
Parsed 151616/194602 rows
Parsed 151648/194602 rows
Parsed 151680/194602 rows
Parsed 151712/194602 rows
Parsed 151744/194602 rows
Parsed 151776/194602 rows
Parsed 151808/194602 rows
Parsed 151840/194602 rows
Parsed 151872/194602 rows
Parsed 151904/194602 rows
Parsed 151936/194602 rows
Parsed 151968/194602 rows
Parsed 152000/194602 rows
Parsed 152032/194602 rows
Parsed 152064/194602 rows
Parsed 152096/194602 rows
Parsed 152128/194602 rows
Parsed 152160/194602 rows
Parsed 152192/194602 rows
Parsed 152224/194602 rows
Parsed 152256/194602 rows
Parsed 152288/194602 rows
Parsed 152320/194602 rows
Parsed 152352/194602 rows
Parsed 152384/194602 rows
Parsed 152416/194602 rows
Parsed 152448/194602 rows
Parsed 152480/194602 rows
Parsed 152512/194602 rows
Parsed 152544/194602 rows
Parsed 152576/194602 rows
Parsed 152608/194602 rows
Parsed 152640/194602 rows
Parsed 152672/194602 rows
Parsed 152704/194602 rows
Parsed 152736/194602 rows
Parsed 152768/194602 rows
Parsed 152800/194602 rows
Parsed 152832/194602 rows
Parsed 152864/194602 rows
Parsed 152896/194602 rows
Parsed 152928/194602 rows
Parsed 152960/194602 rows
Parsed 152992/194602 rows
Parsed 153024/194602 rows
Parsed 153056/194602 rows
Parsed 153088/194602 rows
Parsed 153120/194602 rows
Parsed 153152/194602 rows
Parsed 153184/194602 rows
Parsed 153216/194602 rows
Parsed 153248/194602 rows
Parsed 153280/194602 rows
Parsed 153312/194602 rows
Parsed 153344/194602 rows
Parsed 153376/194602 rows
Parsed 153408/194602 rows
Parsed 153440/194602 rows
Parsed 153472/194602 rows
Parsed 153504/194602 rows
Parsed 153536/194602 rows
Parsed 153568/194602 rows
Parsed 153600/194602 rows
Parsed 153632/194602 rows
Parsed 153664/194602 rows
Parsed 153696/194602 rows
Parsed 153728/194602 rows
Parsed 153760/194602 rows
Parsed 153792/194602 rows
Parsed 153824/194602 rows
Parsed 153856/194602 rows
Parsed 153888/194602 rows
Parsed 153920/194602 rows
Parsed 153952/194602 rows
Parsed 153984/194602 rows
Parsed 154016/194602 rows
Parsed 154048/194602 rows
Parsed 154080/194602 rows
Parsed 154112/194602 rows
Parsed 154144/194602 rows
Parsed 154176/194602 rows
Parsed 154208/194602 rows
Parsed 154240/194602 rows
Parsed 154272/194602 rows
Parsed 154304/194602 rows
Parsed 154336/194602 rows
Parsed 154368/194602 rows
Parsed 154400/194602 rows
Parsed 154432/194602 rows
Parsed 154464/194602 rows
Parsed 154496/194602 rows
Parsed 154528/194602 rows
Parsed 154560/194602 rows
Parsed 154592/194602 rows
Parsed 154624/194602 rows
Parsed 154656/194602 rows
Parsed 154688/194602 rows
Parsed 154720/194602 rows
Parsed 154752/194602 rows
Parsed 154784/194602 rows
Parsed 154816/194602 rows
Parsed 154848/194602 rows
Parsed 154880/194602 rows
Parsed 154912/194602 rows
Parsed 154944/194602 rows
Parsed 154976/194602 rows
Parsed 155008/194602 rows
Parsed 155040/194602 rows
Parsed 155072/194602 rows
Parsed 155104/194602 rows
Parsed 155136/194602 rows
Parsed 155168/194602 rows
Parsed 155200/194602 rows
Parsed 155232/194602 rows
Parsed 155264/194602 rows
Parsed 155296/194602 rows
Parsed 155328/194602 rows
Parsed 155360/194602 rows
Parsed 155392/194602 rows
Parsed 155424/194602 rows
Parsed 155456/194602 rows
Parsed 155488/194602 rows
Parsed 155520/194602 rows
Parsed 155552/194602 rows
Parsed 155584/194602 rows
Parsed 155616/194602 rows
Parsed 155648/194602 rows
Parsed 155680/194602 rows
Parsed 155712/194602 rows
Parsed 155744/194602 rows
Parsed 155776/194602 rows
Parsed 155808/194602 rows
Parsed 155840/194602 rows
Parsed 155872/194602 rows
Parsed 155904/194602 rows
Parsed 155936/194602 rows
Parsed 155968/194602 rows
Parsed 156000/194602 rows
Parsed 156032/194602 rows
Parsed 156064/194602 rows
Parsed 156096/194602 rows
Parsed 156128/194602 rows
Parsed 156160/194602 rows
Parsed 156192/194602 rows
Parsed 156224/194602 rows
Parsed 156256/194602 rows
Parsed 156288/194602 rows
Parsed 156320/194602 rows
Parsed 156352/194602 rows
Parsed 156384/194602 rows
Parsed 156416/194602 rows
Parsed 156448/194602 rows
Parsed 156480/194602 rows
Parsed 156512/194602 rows
Parsed 156544/194602 rows
Parsed 156576/194602 rows
Parsed 156608/194602 rows
Parsed 156640/194602 rows
Parsed 156672/194602 rows
Parsed 156704/194602 rows
Parsed 156736/194602 rows
Parsed 156768/194602 rows
Parsed 156800/194602 rows
Parsed 156832/194602 rows
Parsed 156864/194602 rows
Parsed 156896/194602 rows
Parsed 156928/194602 rows
Parsed 156960/194602 rows
Parsed 156992/194602 rows
Parsed 157024/194602 rows
Parsed 157056/194602 rows
Parsed 157088/194602 rows
Parsed 157120/194602 rows
Parsed 157152/194602 rows
Parsed 157184/194602 rows
Parsed 157216/194602 rows
Parsed 157248/194602 rows
Parsed 157280/194602 rows
Parsed 157312/194602 rows
Parsed 157344/194602 rows
Parsed 157376/194602 rows
Parsed 157408/194602 rows
Parsed 157440/194602 rows
Parsed 157472/194602 rows
Parsed 157504/194602 rows
Parsed 157536/194602 rows
Parsed 157568/194602 rows
Parsed 157600/194602 rows
Parsed 157632/194602 rows
Parsed 157664/194602 rows
Parsed 157696/194602 rows
Parsed 157728/194602 rows
Parsed 157760/194602 rows
Parsed 157792/194602 rows
Parsed 157824/194602 rows
Parsed 157856/194602 rows
Parsed 157888/194602 rows
Parsed 157920/194602 rows
Parsed 157952/194602 rows
Parsed 157984/194602 rows
Parsed 158016/194602 rows
Parsed 158048/194602 rows
Parsed 158080/194602 rows
Parsed 158112/194602 rows
Parsed 158144/194602 rows
Parsed 158176/194602 rows
Parsed 158208/194602 rows
Parsed 158240/194602 rows
Parsed 158272/194602 rows
Parsed 158304/194602 rows
Parsed 158336/194602 rows
Parsed 158368/194602 rows
Parsed 158400/194602 rows
Parsed 158432/194602 rows
Parsed 158464/194602 rows
Parsed 158496/194602 rows
Parsed 158528/194602 rows
Parsed 158560/194602 rows
Parsed 158592/194602 rows
Parsed 158624/194602 rows
Parsed 158656/194602 rows
Parsed 158688/194602 rows
Parsed 158720/194602 rows
Parsed 158752/194602 rows
Parsed 158784/194602 rows
Parsed 158816/194602 rows
Parsed 158848/194602 rows
Parsed 158880/194602 rows
Parsed 158912/194602 rows
Parsed 158944/194602 rows
Parsed 158976/194602 rows
Parsed 159008/194602 rows
Parsed 159040/194602 rows
Parsed 159072/194602 rows
Parsed 159104/194602 rows
Parsed 159136/194602 rows
Parsed 159168/194602 rows
Parsed 159200/194602 rows
Parsed 159232/194602 rows
Parsed 159264/194602 rows
Parsed 159296/194602 rows
Parsed 159328/194602 rows
Parsed 159360/194602 rows
Parsed 159392/194602 rows
Parsed 159424/194602 rows
Parsed 159456/194602 rows
Parsed 159488/194602 rows
Parsed 159520/194602 rows
Parsed 159552/194602 rows
Parsed 159584/194602 rows
Parsed 159616/194602 rows
Parsed 159648/194602 rows
Parsed 159680/194602 rows
Parsed 159712/194602 rows
Parsed 159744/194602 rows
Parsed 159776/194602 rows
Parsed 159808/194602 rows
Parsed 159840/194602 rows
Parsed 159872/194602 rows
Parsed 159904/194602 rows
Parsed 159936/194602 rows
Parsed 159968/194602 rows
Parsed 160000/194602 rows
Parsed 160032/194602 rows
Parsed 160064/194602 rows
Parsed 160096/194602 rows
Parsed 160128/194602 rows
Parsed 160160/194602 rows
Parsed 160192/194602 rows
Parsed 160224/194602 rows
Parsed 160256/194602 rows
Parsed 160288/194602 rows
Parsed 160320/194602 rows
Parsed 160352/194602 rows
Parsed 160384/194602 rows
Parsed 160416/194602 rows
Parsed 160448/194602 rows
Parsed 160480/194602 rows
Parsed 160512/194602 rows
Parsed 160544/194602 rows
Parsed 160576/194602 rows
Parsed 160608/194602 rows
Parsed 160640/194602 rows
Parsed 160672/194602 rows
Parsed 160704/194602 rows
Parsed 160736/194602 rows
Parsed 160768/194602 rows
Parsed 160800/194602 rows
Parsed 160832/194602 rows
Parsed 160864/194602 rows
Parsed 160896/194602 rows
Parsed 160928/194602 rows
Parsed 160960/194602 rows
Parsed 160992/194602 rows
Parsed 161024/194602 rows
Parsed 161056/194602 rows
Parsed 161088/194602 rows
Parsed 161120/194602 rows
Parsed 161152/194602 rows
Parsed 161184/194602 rows
Parsed 161216/194602 rows
Parsed 161248/194602 rows
Parsed 161280/194602 rows
Parsed 161312/194602 rows
Parsed 161344/194602 rows
Parsed 161376/194602 rows
Parsed 161408/194602 rows
Parsed 161440/194602 rows
Parsed 161472/194602 rows
Parsed 161504/194602 rows
Parsed 161536/194602 rows
Parsed 161568/194602 rows
Parsed 161600/194602 rows
Parsed 161632/194602 rows
Parsed 161664/194602 rows
Parsed 161696/194602 rows
Parsed 161728/194602 rows
Parsed 161760/194602 rows
Parsed 161792/194602 rows
Parsed 161824/194602 rows
Parsed 161856/194602 rows
Parsed 161888/194602 rows
Parsed 161920/194602 rows
Parsed 161952/194602 rows
Parsed 161984/194602 rows
Parsed 162016/194602 rows
Parsed 162048/194602 rows
Parsed 162080/194602 rows
Parsed 162112/194602 rows
Parsed 162144/194602 rows
Parsed 162176/194602 rows
Parsed 162208/194602 rows
Parsed 162240/194602 rows
Parsed 162272/194602 rows
Parsed 162304/194602 rows
Parsed 162336/194602 rows
Parsed 162368/194602 rows
Parsed 162400/194602 rows
Parsed 162432/194602 rows
Parsed 162464/194602 rows
Parsed 162496/194602 rows
Parsed 162528/194602 rows
Parsed 162560/194602 rows
Parsed 162592/194602 rows
Parsed 162624/194602 rows
Parsed 162656/194602 rows
Parsed 162688/194602 rows
Parsed 162720/194602 rows
Parsed 162752/194602 rows
Parsed 162784/194602 rows
Parsed 162816/194602 rows
Parsed 162848/194602 rows
Parsed 162880/194602 rows
Parsed 162912/194602 rows
Parsed 162944/194602 rows
Parsed 162976/194602 rows
Parsed 163008/194602 rows
Parsed 163040/194602 rows
Parsed 163072/194602 rows
Parsed 163104/194602 rows
Parsed 163136/194602 rows
Parsed 163168/194602 rows
Parsed 163200/194602 rows
Parsed 163232/194602 rows
Parsed 163264/194602 rows
Parsed 163296/194602 rows
Parsed 163328/194602 rows
Parsed 163360/194602 rows
Parsed 163392/194602 rows
Parsed 163424/194602 rows
Parsed 163456/194602 rows
Parsed 163488/194602 rows
Parsed 163520/194602 rows
Parsed 163552/194602 rows
Parsed 163584/194602 rows
Parsed 163616/194602 rows
Parsed 163648/194602 rows
Parsed 163680/194602 rows
Parsed 163712/194602 rows
Parsed 163744/194602 rows
Parsed 163776/194602 rows
Parsed 163808/194602 rows
Parsed 163840/194602 rows
Parsed 163872/194602 rows
Parsed 163904/194602 rows
Parsed 163936/194602 rows
Parsed 163968/194602 rows
Parsed 164000/194602 rows
Parsed 164032/194602 rows
Parsed 164064/194602 rows
Parsed 164096/194602 rows
Parsed 164128/194602 rows
Parsed 164160/194602 rows
Parsed 164192/194602 rows
Parsed 164224/194602 rows
Parsed 164256/194602 rows
Parsed 164288/194602 rows
Parsed 164320/194602 rows
Parsed 164352/194602 rows
Parsed 164384/194602 rows
Parsed 164416/194602 rows
Parsed 164448/194602 rows
Parsed 164480/194602 rows
Parsed 164512/194602 rows
Parsed 164544/194602 rows
Parsed 164576/194602 rows
Parsed 164608/194602 rows
Parsed 164640/194602 rows
Parsed 164672/194602 rows
Parsed 164704/194602 rows
Parsed 164736/194602 rows
Parsed 164768/194602 rows
Parsed 164800/194602 rows
Parsed 164832/194602 rows
Parsed 164864/194602 rows
Parsed 164896/194602 rows
Parsed 164928/194602 rows
Parsed 164960/194602 rows
Parsed 164992/194602 rows
Parsed 165024/194602 rows
Parsed 165056/194602 rows
Parsed 165088/194602 rows
Parsed 165120/194602 rows
Parsed 165152/194602 rows
Parsed 165184/194602 rows
Parsed 165216/194602 rows
Parsed 165248/194602 rows
Parsed 165280/194602 rows
Parsed 165312/194602 rows
Parsed 165344/194602 rows
Parsed 165376/194602 rows
Parsed 165408/194602 rows
Parsed 165440/194602 rows
Parsed 165472/194602 rows
Parsed 165504/194602 rows
Parsed 165536/194602 rows
Parsed 165568/194602 rows
Parsed 165600/194602 rows
Parsed 165632/194602 rows
Parsed 165664/194602 rows
Parsed 165696/194602 rows
Parsed 165728/194602 rows
Parsed 165760/194602 rows
Parsed 165792/194602 rows
Parsed 165824/194602 rows
Parsed 165856/194602 rows
Parsed 165888/194602 rows
Parsed 165920/194602 rows
Parsed 165952/194602 rows
Parsed 165984/194602 rows
Parsed 166016/194602 rows
Parsed 166048/194602 rows
Parsed 166080/194602 rows
Parsed 166112/194602 rows
Parsed 166144/194602 rows
Parsed 166176/194602 rows
Parsed 166208/194602 rows
Parsed 166240/194602 rows
Parsed 166272/194602 rows
Parsed 166304/194602 rows
Parsed 166336/194602 rows
Parsed 166368/194602 rows
Parsed 166400/194602 rows
Parsed 166432/194602 rows
Parsed 166464/194602 rows
Parsed 166496/194602 rows
Parsed 166528/194602 rows
Parsed 166560/194602 rows
Parsed 166592/194602 rows
Parsed 166624/194602 rows
Parsed 166656/194602 rows
Parsed 166688/194602 rows
Parsed 166720/194602 rows
Parsed 166752/194602 rows
Parsed 166784/194602 rows
Parsed 166816/194602 rows
Parsed 166848/194602 rows
Parsed 166880/194602 rows
Parsed 166912/194602 rows
Parsed 166944/194602 rows
Parsed 166976/194602 rows
Parsed 167008/194602 rows
Parsed 167040/194602 rows
Parsed 167072/194602 rows
Parsed 167104/194602 rows
Parsed 167136/194602 rows
Parsed 167168/194602 rows
Parsed 167200/194602 rows
Parsed 167232/194602 rows
Parsed 167264/194602 rows
Parsed 167296/194602 rows
Parsed 167328/194602 rows
Parsed 167360/194602 rows
Parsed 167392/194602 rows
Parsed 167424/194602 rows
Parsed 167456/194602 rows
Parsed 167488/194602 rows
Parsed 167520/194602 rows
Parsed 167552/194602 rows
Parsed 167584/194602 rows
Parsed 167616/194602 rows
Parsed 167648/194602 rows
Parsed 167680/194602 rows
Parsed 167712/194602 rows
Parsed 167744/194602 rows
Parsed 167776/194602 rows
Parsed 167808/194602 rows
Parsed 167840/194602 rows
Parsed 167872/194602 rows
Parsed 167904/194602 rows
Parsed 167936/194602 rows
Parsed 167968/194602 rows
Parsed 168000/194602 rows
Parsed 168032/194602 rows
Parsed 168064/194602 rows
Parsed 168096/194602 rows
Parsed 168128/194602 rows
Parsed 168160/194602 rows
Parsed 168192/194602 rows
Parsed 168224/194602 rows
Parsed 168256/194602 rows
Parsed 168288/194602 rows
Parsed 168320/194602 rows
Parsed 168352/194602 rows
Parsed 168384/194602 rows
Parsed 168416/194602 rows
Parsed 168448/194602 rows
Parsed 168480/194602 rows
Parsed 168512/194602 rows
Parsed 168544/194602 rows
Parsed 168576/194602 rows
Parsed 168608/194602 rows
Parsed 168640/194602 rows
Parsed 168672/194602 rows
Parsed 168704/194602 rows
Parsed 168736/194602 rows
Parsed 168768/194602 rows
Parsed 168800/194602 rows
Parsed 168832/194602 rows
Parsed 168864/194602 rows
Parsed 168896/194602 rows
Parsed 168928/194602 rows
Parsed 168960/194602 rows
Parsed 168992/194602 rows
Parsed 169024/194602 rows
Parsed 169056/194602 rows
Parsed 169088/194602 rows
Parsed 169120/194602 rows
Parsed 169152/194602 rows
Parsed 169184/194602 rows
Parsed 169216/194602 rows
Parsed 169248/194602 rows
Parsed 169280/194602 rows
Parsed 169312/194602 rows
Parsed 169344/194602 rows
Parsed 169376/194602 rows
Parsed 169408/194602 rows
Parsed 169440/194602 rows
Parsed 169472/194602 rows
Parsed 169504/194602 rows
Parsed 169536/194602 rows
Parsed 169568/194602 rows
Parsed 169600/194602 rows
Parsed 169632/194602 rows
Parsed 169664/194602 rows
Parsed 169696/194602 rows
Parsed 169728/194602 rows
Parsed 169760/194602 rows
Parsed 169792/194602 rows
Parsed 169824/194602 rows
Parsed 169856/194602 rows
Parsed 169888/194602 rows
Parsed 169920/194602 rows
Parsed 169952/194602 rows
Parsed 169984/194602 rows
Parsed 170016/194602 rows
Parsed 170048/194602 rows
Parsed 170080/194602 rows
Parsed 170112/194602 rows
Parsed 170144/194602 rows
Parsed 170176/194602 rows
Parsed 170208/194602 rows
Parsed 170240/194602 rows
Parsed 170272/194602 rows
Parsed 170304/194602 rows
Parsed 170336/194602 rows
Parsed 170368/194602 rows
Parsed 170400/194602 rows
Parsed 170432/194602 rows
Parsed 170464/194602 rows
Parsed 170496/194602 rows
Parsed 170528/194602 rows
Parsed 170560/194602 rows
Parsed 170592/194602 rows
Parsed 170624/194602 rows
Parsed 170656/194602 rows
Parsed 170688/194602 rows
Parsed 170720/194602 rows
Parsed 170752/194602 rows
Parsed 170784/194602 rows
Parsed 170816/194602 rows
Parsed 170848/194602 rows
Parsed 170880/194602 rows
Parsed 170912/194602 rows
Parsed 170944/194602 rows
Parsed 170976/194602 rows
Parsed 171008/194602 rows
Parsed 171040/194602 rows
Parsed 171072/194602 rows
Parsed 171104/194602 rows
Parsed 171136/194602 rows
Parsed 171168/194602 rows
Parsed 171200/194602 rows
Parsed 171232/194602 rows
Parsed 171264/194602 rows
Parsed 171296/194602 rows
Parsed 171328/194602 rows
Parsed 171360/194602 rows
Parsed 171392/194602 rows
Parsed 171424/194602 rows
Parsed 171456/194602 rows
Parsed 171488/194602 rows
Parsed 171520/194602 rows
Parsed 171552/194602 rows
Parsed 171584/194602 rows
Parsed 171616/194602 rows
Parsed 171648/194602 rows
Parsed 171680/194602 rows
Parsed 171712/194602 rows
Parsed 171744/194602 rows
Parsed 171776/194602 rows
Parsed 171808/194602 rows
Parsed 171840/194602 rows
Parsed 171872/194602 rows
Parsed 171904/194602 rows
Parsed 171936/194602 rows
Parsed 171968/194602 rows
Parsed 172000/194602 rows
Parsed 172032/194602 rows
Parsed 172064/194602 rows
Parsed 172096/194602 rows
Parsed 172128/194602 rows
Parsed 172160/194602 rows
Parsed 172192/194602 rows
Parsed 172224/194602 rows
Parsed 172256/194602 rows
Parsed 172288/194602 rows
Parsed 172320/194602 rows
Parsed 172352/194602 rows
Parsed 172384/194602 rows
Parsed 172416/194602 rows
Parsed 172448/194602 rows
Parsed 172480/194602 rows
Parsed 172512/194602 rows
Parsed 172544/194602 rows
Parsed 172576/194602 rows
Parsed 172608/194602 rows
Parsed 172640/194602 rows
Parsed 172672/194602 rows
Parsed 172704/194602 rows
Parsed 172736/194602 rows
Parsed 172768/194602 rows
Parsed 172800/194602 rows
Parsed 172832/194602 rows
Parsed 172864/194602 rows
Parsed 172896/194602 rows
Parsed 172928/194602 rows
Parsed 172960/194602 rows
Parsed 172992/194602 rows
Parsed 173024/194602 rows
Parsed 173056/194602 rows
Parsed 173088/194602 rows
Parsed 173120/194602 rows
Parsed 173152/194602 rows
Parsed 173184/194602 rows
Parsed 173216/194602 rows
Parsed 173248/194602 rows
Parsed 173280/194602 rows
Parsed 173312/194602 rows
Parsed 173344/194602 rows
Parsed 173376/194602 rows
Parsed 173408/194602 rows
Parsed 173440/194602 rows
Parsed 173472/194602 rows
Parsed 173504/194602 rows
Parsed 173536/194602 rows
Parsed 173568/194602 rows
Parsed 173600/194602 rows
Parsed 173632/194602 rows
Parsed 173664/194602 rows
Parsed 173696/194602 rows
Parsed 173728/194602 rows
Parsed 173760/194602 rows
Parsed 173792/194602 rows
Parsed 173824/194602 rows
Parsed 173856/194602 rows
Parsed 173888/194602 rows
Parsed 173920/194602 rows
Parsed 173952/194602 rows
Parsed 173984/194602 rows
Parsed 174016/194602 rows
Parsed 174048/194602 rows
Parsed 174080/194602 rows
Parsed 174112/194602 rows
Parsed 174144/194602 rows
Parsed 174176/194602 rows
Parsed 174208/194602 rows
Parsed 174240/194602 rows
Parsed 174272/194602 rows
Parsed 174304/194602 rows
Parsed 174336/194602 rows
Parsed 174368/194602 rows
Parsed 174400/194602 rows
Parsed 174432/194602 rows
Parsed 174464/194602 rows
Parsed 174496/194602 rows
Parsed 174528/194602 rows
Parsed 174560/194602 rows
Parsed 174592/194602 rows
Parsed 174624/194602 rows
Parsed 174656/194602 rows
Parsed 174688/194602 rows
Parsed 174720/194602 rows
Parsed 174752/194602 rows
Parsed 174784/194602 rows
Parsed 174816/194602 rows
Parsed 174848/194602 rows
Parsed 174880/194602 rows
Parsed 174912/194602 rows
Parsed 174944/194602 rows
Parsed 174976/194602 rows
Parsed 175008/194602 rows
Parsed 175040/194602 rows
Parsed 175072/194602 rows
Parsed 175104/194602 rows
Parsed 175136/194602 rows
Parsed 175168/194602 rows
Parsed 175200/194602 rows
Parsed 175232/194602 rows
Parsed 175264/194602 rows
Parsed 175296/194602 rows
Parsed 175328/194602 rows
Parsed 175360/194602 rows
Parsed 175392/194602 rows
Parsed 175424/194602 rows
Parsed 175456/194602 rows
Parsed 175488/194602 rows
Parsed 175520/194602 rows
Parsed 175552/194602 rows
Parsed 175584/194602 rows
Parsed 175616/194602 rows
Parsed 175648/194602 rows
Parsed 175680/194602 rows
Parsed 175712/194602 rows
Parsed 175744/194602 rows
Parsed 175776/194602 rows
Parsed 175808/194602 rows
Parsed 175840/194602 rows
Parsed 175872/194602 rows
Parsed 175904/194602 rows
Parsed 175936/194602 rows
Parsed 175968/194602 rows
Parsed 176000/194602 rows
Parsed 176032/194602 rows
Parsed 176064/194602 rows
Parsed 176096/194602 rows
Parsed 176128/194602 rows
Parsed 176160/194602 rows
Parsed 176192/194602 rows
Parsed 176224/194602 rows
Parsed 176256/194602 rows
Parsed 176288/194602 rows
Parsed 176320/194602 rows
Parsed 176352/194602 rows
Parsed 176384/194602 rows
Parsed 176416/194602 rows
Parsed 176448/194602 rows
Parsed 176480/194602 rows
Parsed 176512/194602 rows
Parsed 176544/194602 rows
Parsed 176576/194602 rows
Parsed 176608/194602 rows
Parsed 176640/194602 rows
Parsed 176672/194602 rows
Parsed 176704/194602 rows
Parsed 176736/194602 rows
Parsed 176768/194602 rows
Parsed 176800/194602 rows
Parsed 176832/194602 rows
Parsed 176864/194602 rows
Parsed 176896/194602 rows
Parsed 176928/194602 rows
Parsed 176960/194602 rows
Parsed 176992/194602 rows
Parsed 177024/194602 rows
Parsed 177056/194602 rows
Parsed 177088/194602 rows
Parsed 177120/194602 rows
Parsed 177152/194602 rows
Parsed 177184/194602 rows
Parsed 177216/194602 rows
Parsed 177248/194602 rows
Parsed 177280/194602 rows
Parsed 177312/194602 rows
Parsed 177344/194602 rows
Parsed 177376/194602 rows
Parsed 177408/194602 rows
Parsed 177440/194602 rows
Parsed 177472/194602 rows
Parsed 177504/194602 rows
Parsed 177536/194602 rows
Parsed 177568/194602 rows
Parsed 177600/194602 rows
Parsed 177632/194602 rows
Parsed 177664/194602 rows
Parsed 177696/194602 rows
Parsed 177728/194602 rows
Parsed 177760/194602 rows
Parsed 177792/194602 rows
Parsed 177824/194602 rows
Parsed 177856/194602 rows
Parsed 177888/194602 rows
Parsed 177920/194602 rows
Parsed 177952/194602 rows
Parsed 177984/194602 rows
Parsed 178016/194602 rows
Parsed 178048/194602 rows
Parsed 178080/194602 rows
Parsed 178112/194602 rows
Parsed 178144/194602 rows
Parsed 178176/194602 rows
Parsed 178208/194602 rows
Parsed 178240/194602 rows
Parsed 178272/194602 rows
Parsed 178304/194602 rows
Parsed 178336/194602 rows
Parsed 178368/194602 rows
Parsed 178400/194602 rows
Parsed 178432/194602 rows
Parsed 178464/194602 rows
Parsed 178496/194602 rows
Parsed 178528/194602 rows
Parsed 178560/194602 rows
Parsed 178592/194602 rows
Parsed 178624/194602 rows
Parsed 178656/194602 rows
Parsed 178688/194602 rows
Parsed 178720/194602 rows
Parsed 178752/194602 rows
Parsed 178784/194602 rows
Parsed 178816/194602 rows
Parsed 178848/194602 rows
Parsed 178880/194602 rows
Parsed 178912/194602 rows
Parsed 178944/194602 rows
Parsed 178976/194602 rows
Parsed 179008/194602 rows
Parsed 179040/194602 rows
Parsed 179072/194602 rows
Parsed 179104/194602 rows
Parsed 179136/194602 rows
Parsed 179168/194602 rows
Parsed 179200/194602 rows
Parsed 179232/194602 rows
Parsed 179264/194602 rows
Parsed 179296/194602 rows
Parsed 179328/194602 rows
Parsed 179360/194602 rows
Parsed 179392/194602 rows
Parsed 179424/194602 rows
Parsed 179456/194602 rows
Parsed 179488/194602 rows
Parsed 179520/194602 rows
Parsed 179552/194602 rows
Parsed 179584/194602 rows
Parsed 179616/194602 rows
Parsed 179648/194602 rows
Parsed 179680/194602 rows
Parsed 179712/194602 rows
Parsed 179744/194602 rows
Parsed 179776/194602 rows
Parsed 179808/194602 rows
Parsed 179840/194602 rows
Parsed 179872/194602 rows
Parsed 179904/194602 rows
Parsed 179936/194602 rows
Parsed 179968/194602 rows
Parsed 180000/194602 rows
Parsed 180032/194602 rows
Parsed 180064/194602 rows
Parsed 180096/194602 rows
Parsed 180128/194602 rows
Parsed 180160/194602 rows
Parsed 180192/194602 rows
Parsed 180224/194602 rows
Parsed 180256/194602 rows
Parsed 180288/194602 rows
Parsed 180320/194602 rows
Parsed 180352/194602 rows
Parsed 180384/194602 rows
Parsed 180416/194602 rows
Parsed 180448/194602 rows
Parsed 180480/194602 rows
Parsed 180512/194602 rows
Parsed 180544/194602 rows
Parsed 180576/194602 rows
Parsed 180608/194602 rows
Parsed 180640/194602 rows
Parsed 180672/194602 rows
Parsed 180704/194602 rows
Parsed 180736/194602 rows
Parsed 180768/194602 rows
Parsed 180800/194602 rows
Parsed 180832/194602 rows
Parsed 180864/194602 rows
Parsed 180896/194602 rows
Parsed 180928/194602 rows
Parsed 180960/194602 rows
Parsed 180992/194602 rows
Parsed 181024/194602 rows
Parsed 181056/194602 rows
Parsed 181088/194602 rows
Parsed 181120/194602 rows
Parsed 181152/194602 rows
Parsed 181184/194602 rows
Parsed 181216/194602 rows
Parsed 181248/194602 rows
Parsed 181280/194602 rows
Parsed 181312/194602 rows
Parsed 181344/194602 rows
Parsed 181376/194602 rows
Parsed 181408/194602 rows
Parsed 181440/194602 rows
Parsed 181472/194602 rows
Parsed 181504/194602 rows
Parsed 181536/194602 rows
Parsed 181568/194602 rows
Parsed 181600/194602 rows
Parsed 181632/194602 rows
Parsed 181664/194602 rows
Parsed 181696/194602 rows
Parsed 181728/194602 rows
Parsed 181760/194602 rows
Parsed 181792/194602 rows
Parsed 181824/194602 rows
Parsed 181856/194602 rows
Parsed 181888/194602 rows
Parsed 181920/194602 rows
Parsed 181952/194602 rows
Parsed 181984/194602 rows
Parsed 182016/194602 rows
Parsed 182048/194602 rows
Parsed 182080/194602 rows
Parsed 182112/194602 rows
Parsed 182144/194602 rows
Parsed 182176/194602 rows
Parsed 182208/194602 rows
Parsed 182240/194602 rows
Parsed 182272/194602 rows
Parsed 182304/194602 rows
Parsed 182336/194602 rows
Parsed 182368/194602 rows
Parsed 182400/194602 rows
Parsed 182432/194602 rows
Parsed 182464/194602 rows
Parsed 182496/194602 rows
Parsed 182528/194602 rows
Parsed 182560/194602 rows
Parsed 182592/194602 rows
Parsed 182624/194602 rows
Parsed 182656/194602 rows
Parsed 182688/194602 rows
Parsed 182720/194602 rows
Parsed 182752/194602 rows
Parsed 182784/194602 rows
Parsed 182816/194602 rows
Parsed 182848/194602 rows
Parsed 182880/194602 rows
Parsed 182912/194602 rows
Parsed 182944/194602 rows
Parsed 182976/194602 rows
Parsed 183008/194602 rows
Parsed 183040/194602 rows
Parsed 183072/194602 rows
Parsed 183104/194602 rows
Parsed 183136/194602 rows
Parsed 183168/194602 rows
Parsed 183200/194602 rows
Parsed 183232/194602 rows
Parsed 183264/194602 rows
Parsed 183296/194602 rows
Parsed 183328/194602 rows
Parsed 183360/194602 rows
Parsed 183392/194602 rows
Parsed 183424/194602 rows
Parsed 183456/194602 rows
Parsed 183488/194602 rows
Parsed 183520/194602 rows
Parsed 183552/194602 rows
Parsed 183584/194602 rows
Parsed 183616/194602 rows
Parsed 183648/194602 rows
Parsed 183680/194602 rows
Parsed 183712/194602 rows
Parsed 183744/194602 rows
Parsed 183776/194602 rows
Parsed 183808/194602 rows
Parsed 183840/194602 rows
Parsed 183872/194602 rows
Parsed 183904/194602 rows
Parsed 183936/194602 rows
Parsed 183968/194602 rows
Parsed 184000/194602 rows
Parsed 184032/194602 rows
Parsed 184064/194602 rows
Parsed 184096/194602 rows
Parsed 184128/194602 rows
Parsed 184160/194602 rows
Parsed 184192/194602 rows
Parsed 184224/194602 rows
Parsed 184256/194602 rows
Parsed 184288/194602 rows
Parsed 184320/194602 rows
Parsed 184352/194602 rows
Parsed 184384/194602 rows
Parsed 184416/194602 rows
Parsed 184448/194602 rows
Parsed 184480/194602 rows
Parsed 184512/194602 rows
Parsed 184544/194602 rows
Parsed 184576/194602 rows
Parsed 184608/194602 rows
Parsed 184640/194602 rows
Parsed 184672/194602 rows
Parsed 184704/194602 rows
Parsed 184736/194602 rows
Parsed 184768/194602 rows
Parsed 184800/194602 rows
Parsed 184832/194602 rows
Parsed 184864/194602 rows
Parsed 184896/194602 rows
Parsed 184928/194602 rows
Parsed 184960/194602 rows
Parsed 184992/194602 rows
Parsed 185024/194602 rows
Parsed 185056/194602 rows
Parsed 185088/194602 rows
Parsed 185120/194602 rows
Parsed 185152/194602 rows
Parsed 185184/194602 rows
Parsed 185216/194602 rows
Parsed 185248/194602 rows
Parsed 185280/194602 rows
Parsed 185312/194602 rows
Parsed 185344/194602 rows
Parsed 185376/194602 rows
Parsed 185408/194602 rows
Parsed 185440/194602 rows
Parsed 185472/194602 rows
Parsed 185504/194602 rows
Parsed 185536/194602 rows
Parsed 185568/194602 rows
Parsed 185600/194602 rows
Parsed 185632/194602 rows
Parsed 185664/194602 rows
Parsed 185696/194602 rows
Parsed 185728/194602 rows
Parsed 185760/194602 rows
Parsed 185792/194602 rows
Parsed 185824/194602 rows
Parsed 185856/194602 rows
Parsed 185888/194602 rows
Parsed 185920/194602 rows
Parsed 185952/194602 rows
Parsed 185984/194602 rows
Parsed 186016/194602 rows
Parsed 186048/194602 rows
Parsed 186080/194602 rows
Parsed 186112/194602 rows
Parsed 186144/194602 rows
Parsed 186176/194602 rows
Parsed 186208/194602 rows
Parsed 186240/194602 rows
Parsed 186272/194602 rows
Parsed 186304/194602 rows
Parsed 186336/194602 rows
Parsed 186368/194602 rows
Parsed 186400/194602 rows
Parsed 186432/194602 rows
Parsed 186464/194602 rows
Parsed 186496/194602 rows
Parsed 186528/194602 rows
Parsed 186560/194602 rows
Parsed 186592/194602 rows
Parsed 186624/194602 rows
Parsed 186656/194602 rows
Parsed 186688/194602 rows
Parsed 186720/194602 rows
Parsed 186752/194602 rows
Parsed 186784/194602 rows
Parsed 186816/194602 rows
Parsed 186848/194602 rows
Parsed 186880/194602 rows
Parsed 186912/194602 rows
Parsed 186944/194602 rows
Parsed 186976/194602 rows
Parsed 187008/194602 rows
Parsed 187040/194602 rows
Parsed 187072/194602 rows
Parsed 187104/194602 rows
Parsed 187136/194602 rows
Parsed 187168/194602 rows
Parsed 187200/194602 rows
Parsed 187232/194602 rows
Parsed 187264/194602 rows
Parsed 187296/194602 rows
Parsed 187328/194602 rows
Parsed 187360/194602 rows
Parsed 187392/194602 rows
Parsed 187424/194602 rows
Parsed 187456/194602 rows
Parsed 187488/194602 rows
Parsed 187520/194602 rows
Parsed 187552/194602 rows
Parsed 187584/194602 rows
Parsed 187616/194602 rows
Parsed 187648/194602 rows
Parsed 187680/194602 rows
Parsed 187712/194602 rows
Parsed 187744/194602 rows
Parsed 187776/194602 rows
Parsed 187808/194602 rows
Parsed 187840/194602 rows
Parsed 187872/194602 rows
Parsed 187904/194602 rows
Parsed 187936/194602 rows
Parsed 187968/194602 rows
Parsed 188000/194602 rows
Parsed 188032/194602 rows
Parsed 188064/194602 rows
Parsed 188096/194602 rows
Parsed 188128/194602 rows
Parsed 188160/194602 rows
Parsed 188192/194602 rows
Parsed 188224/194602 rows
Parsed 188256/194602 rows
Parsed 188288/194602 rows
Parsed 188320/194602 rows
Parsed 188352/194602 rows
Parsed 188384/194602 rows
Parsed 188416/194602 rows
Parsed 188448/194602 rows
Parsed 188480/194602 rows
Parsed 188512/194602 rows
Parsed 188544/194602 rows
Parsed 188576/194602 rows
Parsed 188608/194602 rows
Parsed 188640/194602 rows
Parsed 188672/194602 rows
Parsed 188704/194602 rows
Parsed 188736/194602 rows
Parsed 188768/194602 rows
Parsed 188800/194602 rows
Parsed 188832/194602 rows
Parsed 188864/194602 rows
Parsed 188896/194602 rows
Parsed 188928/194602 rows
Parsed 188960/194602 rows
Parsed 188992/194602 rows
Parsed 189024/194602 rows
Parsed 189056/194602 rows
Parsed 189088/194602 rows
Parsed 189120/194602 rows
Parsed 189152/194602 rows
Parsed 189184/194602 rows
Parsed 189216/194602 rows
Parsed 189248/194602 rows
Parsed 189280/194602 rows
Parsed 189312/194602 rows
Parsed 189344/194602 rows
Parsed 189376/194602 rows
Parsed 189408/194602 rows
Parsed 189440/194602 rows
Parsed 189472/194602 rows
Parsed 189504/194602 rows
Parsed 189536/194602 rows
Parsed 189568/194602 rows
Parsed 189600/194602 rows
Parsed 189632/194602 rows
Parsed 189664/194602 rows
Parsed 189696/194602 rows
Parsed 189728/194602 rows
Parsed 189760/194602 rows
Parsed 189792/194602 rows
Parsed 189824/194602 rows
Parsed 189856/194602 rows
Parsed 189888/194602 rows
Parsed 189920/194602 rows
Parsed 189952/194602 rows
Parsed 189984/194602 rows
Parsed 190016/194602 rows
Parsed 190048/194602 rows
Parsed 190080/194602 rows
Parsed 190112/194602 rows
Parsed 190144/194602 rows
Parsed 190176/194602 rows
Parsed 190208/194602 rows
Parsed 190240/194602 rows
Parsed 190272/194602 rows
Parsed 190304/194602 rows
Parsed 190336/194602 rows
Parsed 190368/194602 rows
Parsed 190400/194602 rows
Parsed 190432/194602 rows
Parsed 190464/194602 rows
Parsed 190496/194602 rows
Parsed 190528/194602 rows
Parsed 190560/194602 rows
Parsed 190592/194602 rows
Parsed 190624/194602 rows
Parsed 190656/194602 rows
Parsed 190688/194602 rows
Parsed 190720/194602 rows
Parsed 190752/194602 rows
Parsed 190784/194602 rows
Parsed 190816/194602 rows
Parsed 190848/194602 rows
Parsed 190880/194602 rows
Parsed 190912/194602 rows
Parsed 190944/194602 rows
Parsed 190976/194602 rows
Parsed 191008/194602 rows
Parsed 191040/194602 rows
Parsed 191072/194602 rows
Parsed 191104/194602 rows
Parsed 191136/194602 rows
Parsed 191168/194602 rows
Parsed 191200/194602 rows
Parsed 191232/194602 rows
Parsed 191264/194602 rows
Parsed 191296/194602 rows
Parsed 191328/194602 rows
Parsed 191360/194602 rows
Parsed 191392/194602 rows
Parsed 191424/194602 rows
Parsed 191456/194602 rows
Parsed 191488/194602 rows
Parsed 191520/194602 rows
Parsed 191552/194602 rows
Parsed 191584/194602 rows
Parsed 191616/194602 rows
Parsed 191648/194602 rows
Parsed 191680/194602 rows
Parsed 191712/194602 rows
Parsed 191744/194602 rows
Parsed 191776/194602 rows
Parsed 191808/194602 rows
Parsed 191840/194602 rows
Parsed 191872/194602 rows
Parsed 191904/194602 rows
Parsed 191936/194602 rows
Parsed 191968/194602 rows
Parsed 192000/194602 rows
Parsed 192032/194602 rows
Parsed 192064/194602 rows
Parsed 192096/194602 rows
Parsed 192128/194602 rows
Parsed 192160/194602 rows
Parsed 192192/194602 rows
Parsed 192224/194602 rows
Parsed 192256/194602 rows
Parsed 192288/194602 rows
Parsed 192320/194602 rows
Parsed 192352/194602 rows
Parsed 192384/194602 rows
Parsed 192416/194602 rows
Parsed 192448/194602 rows
Parsed 192480/194602 rows
Parsed 192512/194602 rows
Parsed 192544/194602 rows
Parsed 192576/194602 rows
Parsed 192608/194602 rows
Parsed 192640/194602 rows
Parsed 192672/194602 rows
Parsed 192704/194602 rows
Parsed 192736/194602 rows
Parsed 192768/194602 rows
Parsed 192800/194602 rows
Parsed 192832/194602 rows
Parsed 192864/194602 rows
Parsed 192896/194602 rows
Parsed 192928/194602 rows
Parsed 192960/194602 rows
Parsed 192992/194602 rows
Parsed 193024/194602 rows
Parsed 193056/194602 rows
Parsed 193088/194602 rows
Parsed 193120/194602 rows
Parsed 193152/194602 rows
Parsed 193184/194602 rows
Parsed 193216/194602 rows
Parsed 193248/194602 rows
Parsed 193280/194602 rows
Parsed 193312/194602 rows
Parsed 193344/194602 rows
Parsed 193376/194602 rows
Parsed 193408/194602 rows
Parsed 193440/194602 rows
Parsed 193472/194602 rows
Parsed 193504/194602 rows
Parsed 193536/194602 rows
Parsed 193568/194602 rows
Parsed 193600/194602 rows
Parsed 193632/194602 rows
Parsed 193664/194602 rows
Parsed 193696/194602 rows
Parsed 193728/194602 rows
Parsed 193760/194602 rows
Parsed 193792/194602 rows
Parsed 193824/194602 rows
Parsed 193856/194602 rows
Parsed 193888/194602 rows
Parsed 193920/194602 rows
Parsed 193952/194602 rows
Parsed 193984/194602 rows
Parsed 194016/194602 rows
Parsed 194048/194602 rows
Parsed 194080/194602 rows
Parsed 194112/194602 rows
Parsed 194144/194602 rows
Parsed 194176/194602 rows
Parsed 194208/194602 rows
Parsed 194240/194602 rows
Parsed 194272/194602 rows
Parsed 194304/194602 rows
Parsed 194336/194602 rows
Parsed 194368/194602 rows
Parsed 194400/194602 rows
Parsed 194432/194602 rows
Parsed 194464/194602 rows
Parsed 194496/194602 rows
Parsed 194528/194602 rows
Parsed 194560/194602 rows
Parsed 194592/194602 rows
Parsed 194602/194602 rows
Saved parsed results to: /projects/simlai1/Viberank/data/VibeRank/raw/hmls/VIFSPDAT/rc_responses/AIES_vifspdat_deepseek8B_NewFixedLoggerRun1SeedFixed_parsed.csv

IN : /projects/simlai1/Viberank/data/VibeRank/raw/hmls/VIFSPDAT/rc_responses/AIES_vifspdat_qwen_NewFixedLoggerRun1SeedFixed.jsonl
OUT: /projects/simlai1/Viberank/data/VibeRank/raw/hmls/VIFSPDAT/rc_responses/AIES_vifspdat_qwen_NewFixedLoggerRun1SeedFixed_parsed.csv

Parsing
/projects/simlai1/Viberank/data/VibeRank/raw/hmls/VIFSPDAT/rc_responses/AIES_vifspdat_qwen_NewFixedLoggerRun1SeedFixed.jsonl
Loaded 194602 response rows
Parsed 32/194602 rows
Parsed 64/194602 rows
Parsed 96/194602 rows
Parsed 128/194602 rows
Parsed 160/194602 rows
Parsed 192/194602 rows
Parsed 224/194602 rows
Parsed 256/194602 rows
Parsed 288/194602 rows
Parsed 320/194602 rows
Parsed 352/194602 rows
Parsed 384/194602 rows
Parsed 416/194602 rows
Parsed 448/194602 rows
Parsed 480/194602 rows
Parsed 512/194602 rows
Parsed 544/194602 rows
Parsed 576/194602 rows
Parsed 608/194602 rows
Parsed 640/194602 rows
Parsed 672/194602 rows
Parsed 704/194602 rows
Parsed 736/194602 rows
Parsed 768/194602 rows
Parsed 800/194602 rows
Parsed 832/194602 rows
Parsed 864/194602 rows
Parsed 896/194602 rows
Parsed 928/194602 rows
Parsed 960/194602 rows
Parsed 992/194602 rows
Parsed 1024/194602 rows
Parsed 1056/194602 rows
Parsed 1088/194602 rows
Parsed 1120/194602 rows
Parsed 1152/194602 rows
Parsed 1184/194602 rows
Parsed 1216/194602 rows
Parsed 1248/194602 rows
Parsed 1280/194602 rows
Parsed 1312/194602 rows
Parsed 1344/194602 rows
Parsed 1376/194602 rows
Parsed 1408/194602 rows
Parsed 1440/194602 rows
Parsed 1472/194602 rows
Parsed 1504/194602 rows
Parsed 1536/194602 rows
Parsed 1568/194602 rows
Parsed 1600/194602 rows
Parsed 1632/194602 rows
Parsed 1664/194602 rows
Parsed 1696/194602 rows
Parsed 1728/194602 rows
Parsed 1760/194602 rows
Parsed 1792/194602 rows
Parsed 1824/194602 rows
Parsed 1856/194602 rows
Parsed 1888/194602 rows
Parsed 1920/194602 rows
Parsed 1952/194602 rows
Parsed 1984/194602 rows
Parsed 2016/194602 rows
Parsed 2048/194602 rows
Parsed 2080/194602 rows
Parsed 2112/194602 rows
Parsed 2144/194602 rows
Parsed 2176/194602 rows
Parsed 2208/194602 rows
Parsed 2240/194602 rows
Parsed 2272/194602 rows
Parsed 2304/194602 rows
Parsed 2336/194602 rows
Parsed 2368/194602 rows
Parsed 2400/194602 rows
Parsed 2432/194602 rows
Parsed 2464/194602 rows
Parsed 2496/194602 rows
Parsed 2528/194602 rows
Parsed 2560/194602 rows
Parsed 2592/194602 rows
Parsed 2624/194602 rows
Parsed 2656/194602 rows
Parsed 2688/194602 rows
Parsed 2720/194602 rows
Parsed 2752/194602 rows
Parsed 2784/194602 rows
Parsed 2816/194602 rows
Parsed 2848/194602 rows
Parsed 2880/194602 rows
Parsed 2912/194602 rows
Parsed 2944/194602 rows
Parsed 2976/194602 rows
Parsed 3008/194602 rows
Parsed 3040/194602 rows
Parsed 3072/194602 rows
Parsed 3104/194602 rows
Parsed 3136/194602 rows
Parsed 3168/194602 rows
Parsed 3200/194602 rows
Parsed 3232/194602 rows
Parsed 3264/194602 rows
Parsed 3296/194602 rows
Parsed 3328/194602 rows
Parsed 3360/194602 rows
Parsed 3392/194602 rows
Parsed 3424/194602 rows
Parsed 3456/194602 rows
Parsed 3488/194602 rows
Parsed 3520/194602 rows
Parsed 3552/194602 rows
Parsed 3584/194602 rows
Parsed 3616/194602 rows
Parsed 3648/194602 rows
Parsed 3680/194602 rows
Parsed 3712/194602 rows
Parsed 3744/194602 rows
Parsed 3776/194602 rows
Parsed 3808/194602 rows
Parsed 3840/194602 rows
Parsed 3872/194602 rows
Parsed 3904/194602 rows
Parsed 3936/194602 rows
Parsed 3968/194602 rows
Parsed 4000/194602 rows
Parsed 4032/194602 rows
Parsed 4064/194602 rows
Parsed 4096/194602 rows
Parsed 4128/194602 rows
Parsed 4160/194602 rows
Parsed 4192/194602 rows
Parsed 4224/194602 rows
Parsed 4256/194602 rows
Parsed 4288/194602 rows
Parsed 4320/194602 rows
Parsed 4352/194602 rows
Parsed 4384/194602 rows
Parsed 4416/194602 rows
Parsed 4448/194602 rows
Parsed 4480/194602 rows
Parsed 4512/194602 rows
Parsed 4544/194602 rows
Parsed 4576/194602 rows
Parsed 4608/194602 rows
Parsed 4640/194602 rows
Parsed 4672/194602 rows
Parsed 4704/194602 rows
Parsed 4736/194602 rows
Parsed 4768/194602 rows
Parsed 4800/194602 rows
Parsed 4832/194602 rows
Parsed 4864/194602 rows
Parsed 4896/194602 rows
Parsed 4928/194602 rows
Parsed 4960/194602 rows
Parsed 4992/194602 rows
Parsed 5024/194602 rows
Parsed 5056/194602 rows
Parsed 5088/194602 rows
Parsed 5120/194602 rows
Parsed 5152/194602 rows
Parsed 5184/194602 rows
Parsed 5216/194602 rows
Parsed 5248/194602 rows
Parsed 5280/194602 rows
Parsed 5312/194602 rows
Parsed 5344/194602 rows
Parsed 5376/194602 rows
Parsed 5408/194602 rows
Parsed 5440/194602 rows
Parsed 5472/194602 rows
Parsed 5504/194602 rows
Parsed 5536/194602 rows
Parsed 5568/194602 rows
Parsed 5600/194602 rows
Parsed 5632/194602 rows
Parsed 5664/194602 rows
Parsed 5696/194602 rows
Parsed 5728/194602 rows
Parsed 5760/194602 rows
Parsed 5792/194602 rows
Parsed 5824/194602 rows
Parsed 5856/194602 rows
Parsed 5888/194602 rows
Parsed 5920/194602 rows
Parsed 5952/194602 rows
Parsed 5984/194602 rows
Parsed 6016/194602 rows
Parsed 6048/194602 rows
Parsed 6080/194602 rows
Parsed 6112/194602 rows
Parsed 6144/194602 rows
Parsed 6176/194602 rows
Parsed 6208/194602 rows
Parsed 6240/194602 rows
Parsed 6272/194602 rows
Parsed 6304/194602 rows
Parsed 6336/194602 rows
Parsed 6368/194602 rows
Parsed 6400/194602 rows
Parsed 6432/194602 rows
Parsed 6464/194602 rows
Parsed 6496/194602 rows
Parsed 6528/194602 rows
Parsed 6560/194602 rows
Parsed 6592/194602 rows
Parsed 6624/194602 rows
Parsed 6656/194602 rows
Parsed 6688/194602 rows
Parsed 6720/194602 rows
Parsed 6752/194602 rows
Parsed 6784/194602 rows
Parsed 6816/194602 rows
Parsed 6848/194602 rows
Parsed 6880/194602 rows
Parsed 6912/194602 rows
Parsed 6944/194602 rows
Parsed 6976/194602 rows
Parsed 7008/194602 rows
Parsed 7040/194602 rows
Parsed 7072/194602 rows
Parsed 7104/194602 rows
Parsed 7136/194602 rows
Parsed 7168/194602 rows
Parsed 7200/194602 rows
Parsed 7232/194602 rows
Parsed 7264/194602 rows
Parsed 7296/194602 rows
Parsed 7328/194602 rows
Parsed 7360/194602 rows
Parsed 7392/194602 rows
Parsed 7424/194602 rows
Parsed 7456/194602 rows
Parsed 7488/194602 rows
Parsed 7520/194602 rows
Parsed 7552/194602 rows
Parsed 7584/194602 rows
Parsed 7616/194602 rows
Parsed 7648/194602 rows
Parsed 7680/194602 rows
Parsed 7712/194602 rows
Parsed 7744/194602 rows
Parsed 7776/194602 rows
Parsed 7808/194602 rows
Parsed 7840/194602 rows
Parsed 7872/194602 rows
Parsed 7904/194602 rows
Parsed 7936/194602 rows
Parsed 7968/194602 rows
Parsed 8000/194602 rows
Parsed 8032/194602 rows
Parsed 8064/194602 rows
Parsed 8096/194602 rows
Parsed 8128/194602 rows
Parsed 8160/194602 rows
Parsed 8192/194602 rows
Parsed 8224/194602 rows
Parsed 8256/194602 rows
Parsed 8288/194602 rows
Parsed 8320/194602 rows
Parsed 8352/194602 rows
Parsed 8384/194602 rows
Parsed 8416/194602 rows
Parsed 8448/194602 rows
Parsed 8480/194602 rows
Parsed 8512/194602 rows
Parsed 8544/194602 rows
Parsed 8576/194602 rows
Parsed 8608/194602 rows
Parsed 8640/194602 rows
Parsed 8672/194602 rows
Parsed 8704/194602 rows
Parsed 8736/194602 rows
Parsed 8768/194602 rows
Parsed 8800/194602 rows
Parsed 8832/194602 rows
Parsed 8864/194602 rows
Parsed 8896/194602 rows
Parsed 8928/194602 rows
Parsed 8960/194602 rows
Parsed 8992/194602 rows
Parsed 9024/194602 rows
Parsed 9056/194602 rows
Parsed 9088/194602 rows
Parsed 9120/194602 rows
Parsed 9152/194602 rows
Parsed 9184/194602 rows
Parsed 9216/194602 rows
Parsed 9248/194602 rows
Parsed 9280/194602 rows
Parsed 9312/194602 rows
Parsed 9344/194602 rows
Parsed 9376/194602 rows
Parsed 9408/194602 rows
Parsed 9440/194602 rows
Parsed 9472/194602 rows
Parsed 9504/194602 rows
Parsed 9536/194602 rows
Parsed 9568/194602 rows
Parsed 9600/194602 rows
Parsed 9632/194602 rows
Parsed 9664/194602 rows
Parsed 9696/194602 rows
Parsed 9728/194602 rows
Parsed 9760/194602 rows
Parsed 9792/194602 rows
Parsed 9824/194602 rows
Parsed 9856/194602 rows
Parsed 9888/194602 rows
Parsed 9920/194602 rows
Parsed 9952/194602 rows
Parsed 9984/194602 rows
Parsed 10016/194602 rows
Parsed 10048/194602 rows
Parsed 10080/194602 rows
Parsed 10112/194602 rows
Parsed 10144/194602 rows
Parsed 10176/194602 rows
Parsed 10208/194602 rows
Parsed 10240/194602 rows
Parsed 10272/194602 rows
Parsed 10304/194602 rows
Parsed 10336/194602 rows
Parsed 10368/194602 rows
Parsed 10400/194602 rows
Parsed 10432/194602 rows
Parsed 10464/194602 rows
Parsed 10496/194602 rows
Parsed 10528/194602 rows
Parsed 10560/194602 rows
Parsed 10592/194602 rows
Parsed 10624/194602 rows
Parsed 10656/194602 rows
Parsed 10688/194602 rows
Parsed 10720/194602 rows
Parsed 10752/194602 rows
Parsed 10784/194602 rows
Parsed 10816/194602 rows
Parsed 10848/194602 rows
Parsed 10880/194602 rows
Parsed 10912/194602 rows
Parsed 10944/194602 rows
Parsed 10976/194602 rows
Parsed 11008/194602 rows
Parsed 11040/194602 rows
Parsed 11072/194602 rows
Parsed 11104/194602 rows
Parsed 11136/194602 rows
Parsed 11168/194602 rows
Parsed 11200/194602 rows
Parsed 11232/194602 rows
Parsed 11264/194602 rows
Parsed 11296/194602 rows
Parsed 11328/194602 rows
Parsed 11360/194602 rows
Parsed 11392/194602 rows
Parsed 11424/194602 rows
Parsed 11456/194602 rows
Parsed 11488/194602 rows
Parsed 11520/194602 rows
Parsed 11552/194602 rows
Parsed 11584/194602 rows
Parsed 11616/194602 rows
Parsed 11648/194602 rows
Parsed 11680/194602 rows
Parsed 11712/194602 rows
Parsed 11744/194602 rows
Parsed 11776/194602 rows
Parsed 11808/194602 rows
Parsed 11840/194602 rows
Parsed 11872/194602 rows
Parsed 11904/194602 rows
Parsed 11936/194602 rows
Parsed 11968/194602 rows
Parsed 12000/194602 rows
Parsed 12032/194602 rows
Parsed 12064/194602 rows
Parsed 12096/194602 rows
Parsed 12128/194602 rows
Parsed 12160/194602 rows
Parsed 12192/194602 rows
Parsed 12224/194602 rows
Parsed 12256/194602 rows
Parsed 12288/194602 rows
Parsed 12320/194602 rows
Parsed 12352/194602 rows
Parsed 12384/194602 rows
Parsed 12416/194602 rows
Parsed 12448/194602 rows
Parsed 12480/194602 rows
Parsed 12512/194602 rows
Parsed 12544/194602 rows
Parsed 12576/194602 rows
Parsed 12608/194602 rows
Parsed 12640/194602 rows
Parsed 12672/194602 rows
Parsed 12704/194602 rows
Parsed 12736/194602 rows
Parsed 12768/194602 rows
Parsed 12800/194602 rows
Parsed 12832/194602 rows
Parsed 12864/194602 rows
Parsed 12896/194602 rows
Parsed 12928/194602 rows
Parsed 12960/194602 rows
Parsed 12992/194602 rows
Parsed 13024/194602 rows
Parsed 13056/194602 rows
Parsed 13088/194602 rows
Parsed 13120/194602 rows
Parsed 13152/194602 rows
Parsed 13184/194602 rows
Parsed 13216/194602 rows
Parsed 13248/194602 rows
Parsed 13280/194602 rows
Parsed 13312/194602 rows
Parsed 13344/194602 rows
Parsed 13376/194602 rows
Parsed 13408/194602 rows
Parsed 13440/194602 rows
Parsed 13472/194602 rows
Parsed 13504/194602 rows
Parsed 13536/194602 rows
Parsed 13568/194602 rows
Parsed 13600/194602 rows
Parsed 13632/194602 rows
Parsed 13664/194602 rows
Parsed 13696/194602 rows
Parsed 13728/194602 rows
Parsed 13760/194602 rows
Parsed 13792/194602 rows
Parsed 13824/194602 rows
Parsed 13856/194602 rows
Parsed 13888/194602 rows
Parsed 13920/194602 rows
Parsed 13952/194602 rows
Parsed 13984/194602 rows
Parsed 14016/194602 rows
Parsed 14048/194602 rows
Parsed 14080/194602 rows
Parsed 14112/194602 rows
Parsed 14144/194602 rows
Parsed 14176/194602 rows
Parsed 14208/194602 rows
Parsed 14240/194602 rows
Parsed 14272/194602 rows
Parsed 14304/194602 rows
Parsed 14336/194602 rows
Parsed 14368/194602 rows
Parsed 14400/194602 rows
Parsed 14432/194602 rows
Parsed 14464/194602 rows
Parsed 14496/194602 rows
Parsed 14528/194602 rows
Parsed 14560/194602 rows
Parsed 14592/194602 rows
Parsed 14624/194602 rows
Parsed 14656/194602 rows
Parsed 14688/194602 rows
Parsed 14720/194602 rows
Parsed 14752/194602 rows
Parsed 14784/194602 rows
Parsed 14816/194602 rows
Parsed 14848/194602 rows
Parsed 14880/194602 rows
Parsed 14912/194602 rows
Parsed 14944/194602 rows
Parsed 14976/194602 rows
Parsed 15008/194602 rows
Parsed 15040/194602 rows
Parsed 15072/194602 rows
Parsed 15104/194602 rows
Parsed 15136/194602 rows
Parsed 15168/194602 rows
Parsed 15200/194602 rows
Parsed 15232/194602 rows
Parsed 15264/194602 rows
Parsed 15296/194602 rows
Parsed 15328/194602 rows
Parsed 15360/194602 rows
Parsed 15392/194602 rows
Parsed 15424/194602 rows
Parsed 15456/194602 rows
Parsed 15488/194602 rows
Parsed 15520/194602 rows
Parsed 15552/194602 rows
Parsed 15584/194602 rows
Parsed 15616/194602 rows
Parsed 15648/194602 rows
Parsed 15680/194602 rows
Parsed 15712/194602 rows
Parsed 15744/194602 rows
Parsed 15776/194602 rows
Parsed 15808/194602 rows
Parsed 15840/194602 rows
Parsed 15872/194602 rows
Parsed 15904/194602 rows
Parsed 15936/194602 rows
Parsed 15968/194602 rows
Parsed 16000/194602 rows
Parsed 16032/194602 rows
Parsed 16064/194602 rows
Parsed 16096/194602 rows
Parsed 16128/194602 rows
Parsed 16160/194602 rows
Parsed 16192/194602 rows
Parsed 16224/194602 rows
Parsed 16256/194602 rows
Parsed 16288/194602 rows
Parsed 16320/194602 rows
Parsed 16352/194602 rows
Parsed 16384/194602 rows
Parsed 16416/194602 rows
Parsed 16448/194602 rows
Parsed 16480/194602 rows
Parsed 16512/194602 rows
Parsed 16544/194602 rows
Parsed 16576/194602 rows
Parsed 16608/194602 rows
Parsed 16640/194602 rows
Parsed 16672/194602 rows
Parsed 16704/194602 rows
Parsed 16736/194602 rows
Parsed 16768/194602 rows
Parsed 16800/194602 rows
Parsed 16832/194602 rows
Parsed 16864/194602 rows
Parsed 16896/194602 rows
Parsed 16928/194602 rows
Parsed 16960/194602 rows
Parsed 16992/194602 rows
Parsed 17024/194602 rows
Parsed 17056/194602 rows
Parsed 17088/194602 rows
Parsed 17120/194602 rows
Parsed 17152/194602 rows
Parsed 17184/194602 rows
Parsed 17216/194602 rows
Parsed 17248/194602 rows
Parsed 17280/194602 rows
Parsed 17312/194602 rows
Parsed 17344/194602 rows
Parsed 17376/194602 rows
Parsed 17408/194602 rows
Parsed 17440/194602 rows
Parsed 17472/194602 rows
Parsed 17504/194602 rows
Parsed 17536/194602 rows
Parsed 17568/194602 rows
Parsed 17600/194602 rows
Parsed 17632/194602 rows
Parsed 17664/194602 rows
Parsed 17696/194602 rows
Parsed 17728/194602 rows
Parsed 17760/194602 rows
Parsed 17792/194602 rows
Parsed 17824/194602 rows
Parsed 17856/194602 rows
Parsed 17888/194602 rows
Parsed 17920/194602 rows
Parsed 17952/194602 rows
Parsed 17984/194602 rows
Parsed 18016/194602 rows
Parsed 18048/194602 rows
Parsed 18080/194602 rows
Parsed 18112/194602 rows
Parsed 18144/194602 rows
Parsed 18176/194602 rows
Parsed 18208/194602 rows
Parsed 18240/194602 rows
Parsed 18272/194602 rows
Parsed 18304/194602 rows
Parsed 18336/194602 rows
Parsed 18368/194602 rows
Parsed 18400/194602 rows
Parsed 18432/194602 rows
Parsed 18464/194602 rows
Parsed 18496/194602 rows
Parsed 18528/194602 rows
Parsed 18560/194602 rows
Parsed 18592/194602 rows
Parsed 18624/194602 rows
Parsed 18656/194602 rows
Parsed 18688/194602 rows
Parsed 18720/194602 rows
Parsed 18752/194602 rows
Parsed 18784/194602 rows
Parsed 18816/194602 rows
Parsed 18848/194602 rows
Parsed 18880/194602 rows
Parsed 18912/194602 rows
Parsed 18944/194602 rows
Parsed 18976/194602 rows
Parsed 19008/194602 rows
Parsed 19040/194602 rows
Parsed 19072/194602 rows
Parsed 19104/194602 rows
Parsed 19136/194602 rows
Parsed 19168/194602 rows
Parsed 19200/194602 rows
Parsed 19232/194602 rows
Parsed 19264/194602 rows
Parsed 19296/194602 rows
Parsed 19328/194602 rows
Parsed 19360/194602 rows
Parsed 19392/194602 rows
Parsed 19424/194602 rows
Parsed 19456/194602 rows
Parsed 19488/194602 rows
Parsed 19520/194602 rows
Parsed 19552/194602 rows
Parsed 19584/194602 rows
Parsed 19616/194602 rows
Parsed 19648/194602 rows
Parsed 19680/194602 rows
Parsed 19712/194602 rows
Parsed 19744/194602 rows
Parsed 19776/194602 rows
Parsed 19808/194602 rows
Parsed 19840/194602 rows
Parsed 19872/194602 rows
Parsed 19904/194602 rows
Parsed 19936/194602 rows
Parsed 19968/194602 rows
Parsed 20000/194602 rows
Parsed 20032/194602 rows
Parsed 20064/194602 rows
Parsed 20096/194602 rows
Parsed 20128/194602 rows
Parsed 20160/194602 rows
Parsed 20192/194602 rows
Parsed 20224/194602 rows
Parsed 20256/194602 rows
Parsed 20288/194602 rows
Parsed 20320/194602 rows
Parsed 20352/194602 rows
Parsed 20384/194602 rows
Parsed 20416/194602 rows
Parsed 20448/194602 rows
Parsed 20480/194602 rows
Parsed 20512/194602 rows
Parsed 20544/194602 rows
Parsed 20576/194602 rows
Parsed 20608/194602 rows
Parsed 20640/194602 rows
Parsed 20672/194602 rows
Parsed 20704/194602 rows
Parsed 20736/194602 rows
Parsed 20768/194602 rows
Parsed 20800/194602 rows
Parsed 20832/194602 rows
Parsed 20864/194602 rows
Parsed 20896/194602 rows
Parsed 20928/194602 rows
Parsed 20960/194602 rows
Parsed 20992/194602 rows
Parsed 21024/194602 rows
Parsed 21056/194602 rows
Parsed 21088/194602 rows
Parsed 21120/194602 rows
Parsed 21152/194602 rows
Parsed 21184/194602 rows
Parsed 21216/194602 rows
Parsed 21248/194602 rows
Parsed 21280/194602 rows
Parsed 21312/194602 rows
Parsed 21344/194602 rows
Parsed 21376/194602 rows
Parsed 21408/194602 rows
Parsed 21440/194602 rows
Parsed 21472/194602 rows
Parsed 21504/194602 rows
Parsed 21536/194602 rows
Parsed 21568/194602 rows
Parsed 21600/194602 rows
Parsed 21632/194602 rows
Parsed 21664/194602 rows
Parsed 21696/194602 rows
Parsed 21728/194602 rows
Parsed 21760/194602 rows
Parsed 21792/194602 rows
Parsed 21824/194602 rows
Parsed 21856/194602 rows
Parsed 21888/194602 rows
Parsed 21920/194602 rows
Parsed 21952/194602 rows
Parsed 21984/194602 rows
Parsed 22016/194602 rows
Parsed 22048/194602 rows
Parsed 22080/194602 rows
Parsed 22112/194602 rows
Parsed 22144/194602 rows
Parsed 22176/194602 rows
Parsed 22208/194602 rows
Parsed 22240/194602 rows
Parsed 22272/194602 rows
Parsed 22304/194602 rows
Parsed 22336/194602 rows
Parsed 22368/194602 rows
Parsed 22400/194602 rows
Parsed 22432/194602 rows
Parsed 22464/194602 rows
Parsed 22496/194602 rows
Parsed 22528/194602 rows
Parsed 22560/194602 rows
Parsed 22592/194602 rows
Parsed 22624/194602 rows
Parsed 22656/194602 rows
Parsed 22688/194602 rows
Parsed 22720/194602 rows
Parsed 22752/194602 rows
Parsed 22784/194602 rows
Parsed 22816/194602 rows
Parsed 22848/194602 rows
Parsed 22880/194602 rows
Parsed 22912/194602 rows
Parsed 22944/194602 rows
Parsed 22976/194602 rows
Parsed 23008/194602 rows
Parsed 23040/194602 rows
Parsed 23072/194602 rows
Parsed 23104/194602 rows
Parsed 23136/194602 rows
Parsed 23168/194602 rows
Parsed 23200/194602 rows
Parsed 23232/194602 rows
Parsed 23264/194602 rows
Parsed 23296/194602 rows
Parsed 23328/194602 rows
Parsed 23360/194602 rows
Parsed 23392/194602 rows
Parsed 23424/194602 rows
Parsed 23456/194602 rows
Parsed 23488/194602 rows
Parsed 23520/194602 rows
Parsed 23552/194602 rows
Parsed 23584/194602 rows
Parsed 23616/194602 rows
Parsed 23648/194602 rows
Parsed 23680/194602 rows
Parsed 23712/194602 rows
Parsed 23744/194602 rows
Parsed 23776/194602 rows
Parsed 23808/194602 rows
Parsed 23840/194602 rows
Parsed 23872/194602 rows
Parsed 23904/194602 rows
Parsed 23936/194602 rows
Parsed 23968/194602 rows
Parsed 24000/194602 rows
Parsed 24032/194602 rows
Parsed 24064/194602 rows
Parsed 24096/194602 rows
Parsed 24128/194602 rows
Parsed 24160/194602 rows
Parsed 24192/194602 rows
Parsed 24224/194602 rows
Parsed 24256/194602 rows
Parsed 24288/194602 rows
Parsed 24320/194602 rows
Parsed 24352/194602 rows
Parsed 24384/194602 rows
Parsed 24416/194602 rows
Parsed 24448/194602 rows
Parsed 24480/194602 rows
Parsed 24512/194602 rows
Parsed 24544/194602 rows
Parsed 24576/194602 rows
Parsed 24608/194602 rows
Parsed 24640/194602 rows
Parsed 24672/194602 rows
Parsed 24704/194602 rows
Parsed 24736/194602 rows
Parsed 24768/194602 rows
Parsed 24800/194602 rows
Parsed 24832/194602 rows
Parsed 24864/194602 rows
Parsed 24896/194602 rows
Parsed 24928/194602 rows
Parsed 24960/194602 rows
Parsed 24992/194602 rows
Parsed 25024/194602 rows
Parsed 25056/194602 rows
Parsed 25088/194602 rows
Parsed 25120/194602 rows
Parsed 25152/194602 rows
Parsed 25184/194602 rows
Parsed 25216/194602 rows
Parsed 25248/194602 rows
Parsed 25280/194602 rows
Parsed 25312/194602 rows
Parsed 25344/194602 rows
Parsed 25376/194602 rows
Parsed 25408/194602 rows
Parsed 25440/194602 rows
Parsed 25472/194602 rows
Parsed 25504/194602 rows
Parsed 25536/194602 rows
Parsed 25568/194602 rows
Parsed 25600/194602 rows
Parsed 25632/194602 rows
Parsed 25664/194602 rows
Parsed 25696/194602 rows
Parsed 25728/194602 rows
Parsed 25760/194602 rows
Parsed 25792/194602 rows
Parsed 25824/194602 rows
Parsed 25856/194602 rows
Parsed 25888/194602 rows
Parsed 25920/194602 rows
Parsed 25952/194602 rows
Parsed 25984/194602 rows
Parsed 26016/194602 rows
Parsed 26048/194602 rows
Parsed 26080/194602 rows
Parsed 26112/194602 rows
Parsed 26144/194602 rows
Parsed 26176/194602 rows
Parsed 26208/194602 rows
Parsed 26240/194602 rows
Parsed 26272/194602 rows
Parsed 26304/194602 rows
Parsed 26336/194602 rows
Parsed 26368/194602 rows
Parsed 26400/194602 rows
Parsed 26432/194602 rows
Parsed 26464/194602 rows
Parsed 26496/194602 rows
Parsed 26528/194602 rows
Parsed 26560/194602 rows
Parsed 26592/194602 rows
Parsed 26624/194602 rows
Parsed 26656/194602 rows
Parsed 26688/194602 rows
Parsed 26720/194602 rows
Parsed 26752/194602 rows
Parsed 26784/194602 rows
Parsed 26816/194602 rows
Parsed 26848/194602 rows
Parsed 26880/194602 rows
Parsed 26912/194602 rows
Parsed 26944/194602 rows
Parsed 26976/194602 rows
Parsed 27008/194602 rows
Parsed 27040/194602 rows
Parsed 27072/194602 rows
Parsed 27104/194602 rows
Parsed 27136/194602 rows
Parsed 27168/194602 rows
Parsed 27200/194602 rows
Parsed 27232/194602 rows
Parsed 27264/194602 rows
Parsed 27296/194602 rows
Parsed 27328/194602 rows
Parsed 27360/194602 rows
Parsed 27392/194602 rows
Parsed 27424/194602 rows
Parsed 27456/194602 rows
Parsed 27488/194602 rows
Parsed 27520/194602 rows
Parsed 27552/194602 rows
Parsed 27584/194602 rows
Parsed 27616/194602 rows
Parsed 27648/194602 rows
Parsed 27680/194602 rows
Parsed 27712/194602 rows
Parsed 27744/194602 rows
Parsed 27776/194602 rows
Parsed 27808/194602 rows
Parsed 27840/194602 rows
Parsed 27872/194602 rows
Parsed 27904/194602 rows
Parsed 27936/194602 rows
Parsed 27968/194602 rows
Parsed 28000/194602 rows
Parsed 28032/194602 rows
Parsed 28064/194602 rows
Parsed 28096/194602 rows
Parsed 28128/194602 rows
Parsed 28160/194602 rows
Parsed 28192/194602 rows
Parsed 28224/194602 rows
Parsed 28256/194602 rows
Parsed 28288/194602 rows
Parsed 28320/194602 rows
Parsed 28352/194602 rows
Parsed 28384/194602 rows
Parsed 28416/194602 rows
Parsed 28448/194602 rows
Parsed 28480/194602 rows
Parsed 28512/194602 rows
Parsed 28544/194602 rows
Parsed 28576/194602 rows
Parsed 28608/194602 rows
Parsed 28640/194602 rows
Parsed 28672/194602 rows
Parsed 28704/194602 rows
Parsed 28736/194602 rows
Parsed 28768/194602 rows
Parsed 28800/194602 rows
Parsed 28832/194602 rows
Parsed 28864/194602 rows
Parsed 28896/194602 rows
Parsed 28928/194602 rows
Parsed 28960/194602 rows
Parsed 28992/194602 rows
Parsed 29024/194602 rows
Parsed 29056/194602 rows
Parsed 29088/194602 rows
Parsed 29120/194602 rows
Parsed 29152/194602 rows
Parsed 29184/194602 rows
Parsed 29216/194602 rows
Parsed 29248/194602 rows
Parsed 29280/194602 rows
Parsed 29312/194602 rows
Parsed 29344/194602 rows
Parsed 29376/194602 rows
Parsed 29408/194602 rows
Parsed 29440/194602 rows
Parsed 29472/194602 rows
Parsed 29504/194602 rows
Parsed 29536/194602 rows
Parsed 29568/194602 rows
Parsed 29600/194602 rows
Parsed 29632/194602 rows
Parsed 29664/194602 rows
Parsed 29696/194602 rows
Parsed 29728/194602 rows
Parsed 29760/194602 rows
Parsed 29792/194602 rows
Parsed 29824/194602 rows
Parsed 29856/194602 rows
Parsed 29888/194602 rows
Parsed 29920/194602 rows
Parsed 29952/194602 rows
Parsed 29984/194602 rows
Parsed 30016/194602 rows
Parsed 30048/194602 rows
Parsed 30080/194602 rows
Parsed 30112/194602 rows
Parsed 30144/194602 rows
Parsed 30176/194602 rows
Parsed 30208/194602 rows
Parsed 30240/194602 rows
Parsed 30272/194602 rows
Parsed 30304/194602 rows
Parsed 30336/194602 rows
Parsed 30368/194602 rows
Parsed 30400/194602 rows
Parsed 30432/194602 rows
Parsed 30464/194602 rows
Parsed 30496/194602 rows
Parsed 30528/194602 rows
Parsed 30560/194602 rows
Parsed 30592/194602 rows
Parsed 30624/194602 rows
Parsed 30656/194602 rows
Parsed 30688/194602 rows
Parsed 30720/194602 rows
Parsed 30752/194602 rows
Parsed 30784/194602 rows
Parsed 30816/194602 rows
Parsed 30848/194602 rows
Parsed 30880/194602 rows
Parsed 30912/194602 rows
Parsed 30944/194602 rows
Parsed 30976/194602 rows
Parsed 31008/194602 rows
Parsed 31040/194602 rows
Parsed 31072/194602 rows
Parsed 31104/194602 rows
Parsed 31136/194602 rows
Parsed 31168/194602 rows
Parsed 31200/194602 rows
Parsed 31232/194602 rows
Parsed 31264/194602 rows
Parsed 31296/194602 rows
Parsed 31328/194602 rows
Parsed 31360/194602 rows
Parsed 31392/194602 rows
Parsed 31424/194602 rows
Parsed 31456/194602 rows
Parsed 31488/194602 rows
Parsed 31520/194602 rows
Parsed 31552/194602 rows
Parsed 31584/194602 rows
Parsed 31616/194602 rows
Parsed 31648/194602 rows
Parsed 31680/194602 rows
Parsed 31712/194602 rows
Parsed 31744/194602 rows
Parsed 31776/194602 rows
Parsed 31808/194602 rows
Parsed 31840/194602 rows
Parsed 31872/194602 rows
Parsed 31904/194602 rows
Parsed 31936/194602 rows
Parsed 31968/194602 rows
Parsed 32000/194602 rows
Parsed 32032/194602 rows
Parsed 32064/194602 rows
Parsed 32096/194602 rows
Parsed 32128/194602 rows
Parsed 32160/194602 rows
Parsed 32192/194602 rows
Parsed 32224/194602 rows
Parsed 32256/194602 rows
Parsed 32288/194602 rows
Parsed 32320/194602 rows
Parsed 32352/194602 rows
Parsed 32384/194602 rows
Parsed 32416/194602 rows
Parsed 32448/194602 rows
Parsed 32480/194602 rows
Parsed 32512/194602 rows
Parsed 32544/194602 rows
Parsed 32576/194602 rows
Parsed 32608/194602 rows
Parsed 32640/194602 rows
Parsed 32672/194602 rows
Parsed 32704/194602 rows
Parsed 32736/194602 rows
Parsed 32768/194602 rows
Parsed 32800/194602 rows
Parsed 32832/194602 rows
Parsed 32864/194602 rows
Parsed 32896/194602 rows
Parsed 32928/194602 rows
Parsed 32960/194602 rows
Parsed 32992/194602 rows
Parsed 33024/194602 rows
Parsed 33056/194602 rows
Parsed 33088/194602 rows
Parsed 33120/194602 rows
Parsed 33152/194602 rows
Parsed 33184/194602 rows
Parsed 33216/194602 rows
Parsed 33248/194602 rows
Parsed 33280/194602 rows
Parsed 33312/194602 rows
Parsed 33344/194602 rows
Parsed 33376/194602 rows
Parsed 33408/194602 rows
Parsed 33440/194602 rows
Parsed 33472/194602 rows
Parsed 33504/194602 rows
Parsed 33536/194602 rows
Parsed 33568/194602 rows
Parsed 33600/194602 rows
Parsed 33632/194602 rows
Parsed 33664/194602 rows
Parsed 33696/194602 rows
Parsed 33728/194602 rows
Parsed 33760/194602 rows
Parsed 33792/194602 rows
Parsed 33824/194602 rows
Parsed 33856/194602 rows
Parsed 33888/194602 rows
Parsed 33920/194602 rows
Parsed 33952/194602 rows
Parsed 33984/194602 rows
Parsed 34016/194602 rows
Parsed 34048/194602 rows
Parsed 34080/194602 rows
Parsed 34112/194602 rows
Parsed 34144/194602 rows
Parsed 34176/194602 rows
Parsed 34208/194602 rows
Parsed 34240/194602 rows
Parsed 34272/194602 rows
Parsed 34304/194602 rows
Parsed 34336/194602 rows
Parsed 34368/194602 rows
Parsed 34400/194602 rows
Parsed 34432/194602 rows
Parsed 34464/194602 rows
Parsed 34496/194602 rows
Parsed 34528/194602 rows
Parsed 34560/194602 rows
Parsed 34592/194602 rows
Parsed 34624/194602 rows
Parsed 34656/194602 rows
Parsed 34688/194602 rows
Parsed 34720/194602 rows
Parsed 34752/194602 rows
Parsed 34784/194602 rows
Parsed 34816/194602 rows
Parsed 34848/194602 rows
Parsed 34880/194602 rows
Parsed 34912/194602 rows
Parsed 34944/194602 rows
Parsed 34976/194602 rows
Parsed 35008/194602 rows
Parsed 35040/194602 rows
Parsed 35072/194602 rows
Parsed 35104/194602 rows
Parsed 35136/194602 rows
Parsed 35168/194602 rows
Parsed 35200/194602 rows
Parsed 35232/194602 rows
Parsed 35264/194602 rows
Parsed 35296/194602 rows
Parsed 35328/194602 rows
Parsed 35360/194602 rows
Parsed 35392/194602 rows
Parsed 35424/194602 rows
Parsed 35456/194602 rows
Parsed 35488/194602 rows
Parsed 35520/194602 rows
Parsed 35552/194602 rows
Parsed 35584/194602 rows
Parsed 35616/194602 rows
Parsed 35648/194602 rows
Parsed 35680/194602 rows
Parsed 35712/194602 rows
Parsed 35744/194602 rows
Parsed 35776/194602 rows
Parsed 35808/194602 rows
Parsed 35840/194602 rows
Parsed 35872/194602 rows
Parsed 35904/194602 rows
Parsed 35936/194602 rows
Parsed 35968/194602 rows
Parsed 36000/194602 rows
Parsed 36032/194602 rows
Parsed 36064/194602 rows
Parsed 36096/194602 rows
Parsed 36128/194602 rows
Parsed 36160/194602 rows
Parsed 36192/194602 rows
Parsed 36224/194602 rows
Parsed 36256/194602 rows
Parsed 36288/194602 rows
Parsed 36320/194602 rows
Parsed 36352/194602 rows
Parsed 36384/194602 rows
Parsed 36416/194602 rows
Parsed 36448/194602 rows
Parsed 36480/194602 rows
Parsed 36512/194602 rows
Parsed 36544/194602 rows
Parsed 36576/194602 rows
Parsed 36608/194602 rows
Parsed 36640/194602 rows
Parsed 36672/194602 rows
Parsed 36704/194602 rows
Parsed 36736/194602 rows
Parsed 36768/194602 rows
Parsed 36800/194602 rows
Parsed 36832/194602 rows
Parsed 36864/194602 rows
Parsed 36896/194602 rows
Parsed 36928/194602 rows
Parsed 36960/194602 rows
Parsed 36992/194602 rows
Parsed 37024/194602 rows
Parsed 37056/194602 rows
Parsed 37088/194602 rows
Parsed 37120/194602 rows
Parsed 37152/194602 rows
Parsed 37184/194602 rows
Parsed 37216/194602 rows
Parsed 37248/194602 rows
Parsed 37280/194602 rows
Parsed 37312/194602 rows
Parsed 37344/194602 rows
Parsed 37376/194602 rows
Parsed 37408/194602 rows
Parsed 37440/194602 rows
Parsed 37472/194602 rows
Parsed 37504/194602 rows
Parsed 37536/194602 rows
Parsed 37568/194602 rows
Parsed 37600/194602 rows
Parsed 37632/194602 rows
Parsed 37664/194602 rows
Parsed 37696/194602 rows
Parsed 37728/194602 rows
Parsed 37760/194602 rows
Parsed 37792/194602 rows
Parsed 37824/194602 rows
Parsed 37856/194602 rows
Parsed 37888/194602 rows
Parsed 37920/194602 rows
Parsed 37952/194602 rows
Parsed 37984/194602 rows
Parsed 38016/194602 rows
Parsed 38048/194602 rows
Parsed 38080/194602 rows
Parsed 38112/194602 rows
Parsed 38144/194602 rows
Parsed 38176/194602 rows
Parsed 38208/194602 rows
Parsed 38240/194602 rows
Parsed 38272/194602 rows
Parsed 38304/194602 rows
Parsed 38336/194602 rows
Parsed 38368/194602 rows
Parsed 38400/194602 rows
Parsed 38432/194602 rows
Parsed 38464/194602 rows
Parsed 38496/194602 rows
Parsed 38528/194602 rows
Parsed 38560/194602 rows
Parsed 38592/194602 rows
Parsed 38624/194602 rows
Parsed 38656/194602 rows
Parsed 38688/194602 rows
Parsed 38720/194602 rows
Parsed 38752/194602 rows
Parsed 38784/194602 rows
Parsed 38816/194602 rows
Parsed 38848/194602 rows
Parsed 38880/194602 rows
Parsed 38912/194602 rows
Parsed 38944/194602 rows
Parsed 38976/194602 rows
Parsed 39008/194602 rows
Parsed 39040/194602 rows
Parsed 39072/194602 rows
Parsed 39104/194602 rows
Parsed 39136/194602 rows
Parsed 39168/194602 rows
Parsed 39200/194602 rows
Parsed 39232/194602 rows
Parsed 39264/194602 rows
Parsed 39296/194602 rows
Parsed 39328/194602 rows
Parsed 39360/194602 rows
Parsed 39392/194602 rows
Parsed 39424/194602 rows
Parsed 39456/194602 rows
Parsed 39488/194602 rows
Parsed 39520/194602 rows
Parsed 39552/194602 rows
Parsed 39584/194602 rows
Parsed 39616/194602 rows
Parsed 39648/194602 rows
Parsed 39680/194602 rows
Parsed 39712/194602 rows
Parsed 39744/194602 rows
Parsed 39776/194602 rows
Parsed 39808/194602 rows
Parsed 39840/194602 rows
Parsed 39872/194602 rows
Parsed 39904/194602 rows
Parsed 39936/194602 rows
Parsed 39968/194602 rows
Parsed 40000/194602 rows
Parsed 40032/194602 rows
Parsed 40064/194602 rows
Parsed 40096/194602 rows
Parsed 40128/194602 rows
Parsed 40160/194602 rows
Parsed 40192/194602 rows
Parsed 40224/194602 rows
Parsed 40256/194602 rows
Parsed 40288/194602 rows
Parsed 40320/194602 rows
Parsed 40352/194602 rows
Parsed 40384/194602 rows
Parsed 40416/194602 rows
Parsed 40448/194602 rows
Parsed 40480/194602 rows
Parsed 40512/194602 rows
Parsed 40544/194602 rows
Parsed 40576/194602 rows
Parsed 40608/194602 rows
Parsed 40640/194602 rows
Parsed 40672/194602 rows
Parsed 40704/194602 rows
Parsed 40736/194602 rows
Parsed 40768/194602 rows
Parsed 40800/194602 rows
Parsed 40832/194602 rows
Parsed 40864/194602 rows
Parsed 40896/194602 rows
Parsed 40928/194602 rows
Parsed 40960/194602 rows
Parsed 40992/194602 rows
Parsed 41024/194602 rows
Parsed 41056/194602 rows
Parsed 41088/194602 rows
Parsed 41120/194602 rows
Parsed 41152/194602 rows
Parsed 41184/194602 rows
Parsed 41216/194602 rows
Parsed 41248/194602 rows
Parsed 41280/194602 rows
Parsed 41312/194602 rows
Parsed 41344/194602 rows
Parsed 41376/194602 rows
Parsed 41408/194602 rows
Parsed 41440/194602 rows
Parsed 41472/194602 rows
Parsed 41504/194602 rows
Parsed 41536/194602 rows
Parsed 41568/194602 rows
Parsed 41600/194602 rows
Parsed 41632/194602 rows
Parsed 41664/194602 rows
Parsed 41696/194602 rows
Parsed 41728/194602 rows
Parsed 41760/194602 rows
Parsed 41792/194602 rows
Parsed 41824/194602 rows
Parsed 41856/194602 rows
Parsed 41888/194602 rows
Parsed 41920/194602 rows
Parsed 41952/194602 rows
Parsed 41984/194602 rows
Parsed 42016/194602 rows
Parsed 42048/194602 rows
Parsed 42080/194602 rows
Parsed 42112/194602 rows
Parsed 42144/194602 rows
Parsed 42176/194602 rows
Parsed 42208/194602 rows
Parsed 42240/194602 rows
Parsed 42272/194602 rows
Parsed 42304/194602 rows
Parsed 42336/194602 rows
Parsed 42368/194602 rows
Parsed 42400/194602 rows
Parsed 42432/194602 rows
Parsed 42464/194602 rows
Parsed 42496/194602 rows
Parsed 42528/194602 rows
Parsed 42560/194602 rows
Parsed 42592/194602 rows
Parsed 42624/194602 rows
Parsed 42656/194602 rows
Parsed 42688/194602 rows
Parsed 42720/194602 rows
Parsed 42752/194602 rows
Parsed 42784/194602 rows
Parsed 42816/194602 rows
Parsed 42848/194602 rows
Parsed 42880/194602 rows
Parsed 42912/194602 rows
Parsed 42944/194602 rows
Parsed 42976/194602 rows
Parsed 43008/194602 rows
Parsed 43040/194602 rows
Parsed 43072/194602 rows
Parsed 43104/194602 rows
Parsed 43136/194602 rows
Parsed 43168/194602 rows
Parsed 43200/194602 rows
Parsed 43232/194602 rows
Parsed 43264/194602 rows
Parsed 43296/194602 rows
Parsed 43328/194602 rows
Parsed 43360/194602 rows
Parsed 43392/194602 rows
Parsed 43424/194602 rows
Parsed 43456/194602 rows
Parsed 43488/194602 rows
Parsed 43520/194602 rows
Parsed 43552/194602 rows
Parsed 43584/194602 rows
Parsed 43616/194602 rows
Parsed 43648/194602 rows
Parsed 43680/194602 rows
Parsed 43712/194602 rows
Parsed 43744/194602 rows
Parsed 43776/194602 rows
Parsed 43808/194602 rows
Parsed 43840/194602 rows
Parsed 43872/194602 rows
Parsed 43904/194602 rows
Parsed 43936/194602 rows
Parsed 43968/194602 rows
Parsed 44000/194602 rows
Parsed 44032/194602 rows
Parsed 44064/194602 rows
Parsed 44096/194602 rows
Parsed 44128/194602 rows
Parsed 44160/194602 rows
Parsed 44192/194602 rows
Parsed 44224/194602 rows
Parsed 44256/194602 rows
Parsed 44288/194602 rows
Parsed 44320/194602 rows
Parsed 44352/194602 rows
Parsed 44384/194602 rows
Parsed 44416/194602 rows
Parsed 44448/194602 rows
Parsed 44480/194602 rows
Parsed 44512/194602 rows
Parsed 44544/194602 rows
Parsed 44576/194602 rows
Parsed 44608/194602 rows
Parsed 44640/194602 rows
Parsed 44672/194602 rows
Parsed 44704/194602 rows
Parsed 44736/194602 rows
Parsed 44768/194602 rows
Parsed 44800/194602 rows
Parsed 44832/194602 rows
Parsed 44864/194602 rows
Parsed 44896/194602 rows
Parsed 44928/194602 rows
Parsed 44960/194602 rows
Parsed 44992/194602 rows
Parsed 45024/194602 rows
Parsed 45056/194602 rows
Parsed 45088/194602 rows
Parsed 45120/194602 rows
Parsed 45152/194602 rows
Parsed 45184/194602 rows
Parsed 45216/194602 rows
Parsed 45248/194602 rows
Parsed 45280/194602 rows
Parsed 45312/194602 rows
Parsed 45344/194602 rows
Parsed 45376/194602 rows
Parsed 45408/194602 rows
Parsed 45440/194602 rows
Parsed 45472/194602 rows
Parsed 45504/194602 rows
Parsed 45536/194602 rows
Parsed 45568/194602 rows
Parsed 45600/194602 rows
Parsed 45632/194602 rows
Parsed 45664/194602 rows
Parsed 45696/194602 rows
Parsed 45728/194602 rows
Parsed 45760/194602 rows
Parsed 45792/194602 rows
Parsed 45824/194602 rows
Parsed 45856/194602 rows
Parsed 45888/194602 rows
Parsed 45920/194602 rows
Parsed 45952/194602 rows
Parsed 45984/194602 rows
Parsed 46016/194602 rows
Parsed 46048/194602 rows
Parsed 46080/194602 rows
Parsed 46112/194602 rows
Parsed 46144/194602 rows
Parsed 46176/194602 rows
Parsed 46208/194602 rows
Parsed 46240/194602 rows
Parsed 46272/194602 rows
Parsed 46304/194602 rows
Parsed 46336/194602 rows
Parsed 46368/194602 rows
Parsed 46400/194602 rows
Parsed 46432/194602 rows
Parsed 46464/194602 rows
Parsed 46496/194602 rows
Parsed 46528/194602 rows
Parsed 46560/194602 rows
Parsed 46592/194602 rows
Parsed 46624/194602 rows
Parsed 46656/194602 rows
Parsed 46688/194602 rows
Parsed 46720/194602 rows
Parsed 46752/194602 rows
Parsed 46784/194602 rows
Parsed 46816/194602 rows
Parsed 46848/194602 rows
Parsed 46880/194602 rows
Parsed 46912/194602 rows
Parsed 46944/194602 rows
Parsed 46976/194602 rows
Parsed 47008/194602 rows
Parsed 47040/194602 rows
Parsed 47072/194602 rows
Parsed 47104/194602 rows
Parsed 47136/194602 rows
Parsed 47168/194602 rows
Parsed 47200/194602 rows
Parsed 47232/194602 rows
Parsed 47264/194602 rows
Parsed 47296/194602 rows
Parsed 47328/194602 rows
Parsed 47360/194602 rows
Parsed 47392/194602 rows
Parsed 47424/194602 rows
Parsed 47456/194602 rows
Parsed 47488/194602 rows
Parsed 47520/194602 rows
Parsed 47552/194602 rows
Parsed 47584/194602 rows
Parsed 47616/194602 rows
Parsed 47648/194602 rows
Parsed 47680/194602 rows
Parsed 47712/194602 rows
Parsed 47744/194602 rows
Parsed 47776/194602 rows
Parsed 47808/194602 rows
Parsed 47840/194602 rows
Parsed 47872/194602 rows
Parsed 47904/194602 rows
Parsed 47936/194602 rows
Parsed 47968/194602 rows
Parsed 48000/194602 rows
Parsed 48032/194602 rows
Parsed 48064/194602 rows
Parsed 48096/194602 rows
Parsed 48128/194602 rows
Parsed 48160/194602 rows
Parsed 48192/194602 rows
Parsed 48224/194602 rows
Parsed 48256/194602 rows
Parsed 48288/194602 rows
Parsed 48320/194602 rows
Parsed 48352/194602 rows
Parsed 48384/194602 rows
Parsed 48416/194602 rows
Parsed 48448/194602 rows
Parsed 48480/194602 rows
Parsed 48512/194602 rows
Parsed 48544/194602 rows
Parsed 48576/194602 rows
Parsed 48608/194602 rows
Parsed 48640/194602 rows
Parsed 48672/194602 rows
Parsed 48704/194602 rows
Parsed 48736/194602 rows
Parsed 48768/194602 rows
Parsed 48800/194602 rows
Parsed 48832/194602 rows
Parsed 48864/194602 rows
Parsed 48896/194602 rows
Parsed 48928/194602 rows
Parsed 48960/194602 rows
Parsed 48992/194602 rows
Parsed 49024/194602 rows
Parsed 49056/194602 rows
Parsed 49088/194602 rows
Parsed 49120/194602 rows
Parsed 49152/194602 rows
Parsed 49184/194602 rows
Parsed 49216/194602 rows
Parsed 49248/194602 rows
Parsed 49280/194602 rows
Parsed 49312/194602 rows
Parsed 49344/194602 rows
Parsed 49376/194602 rows
Parsed 49408/194602 rows
Parsed 49440/194602 rows
Parsed 49472/194602 rows
Parsed 49504/194602 rows
Parsed 49536/194602 rows
Parsed 49568/194602 rows
Parsed 49600/194602 rows
Parsed 49632/194602 rows
Parsed 49664/194602 rows
Parsed 49696/194602 rows
Parsed 49728/194602 rows
Parsed 49760/194602 rows
Parsed 49792/194602 rows
Parsed 49824/194602 rows
Parsed 49856/194602 rows
Parsed 49888/194602 rows
Parsed 49920/194602 rows
Parsed 49952/194602 rows
Parsed 49984/194602 rows
Parsed 50016/194602 rows
Parsed 50048/194602 rows
Parsed 50080/194602 rows
Parsed 50112/194602 rows
Parsed 50144/194602 rows
Parsed 50176/194602 rows
Parsed 50208/194602 rows
Parsed 50240/194602 rows
Parsed 50272/194602 rows
Parsed 50304/194602 rows
Parsed 50336/194602 rows
Parsed 50368/194602 rows
Parsed 50400/194602 rows
Parsed 50432/194602 rows
Parsed 50464/194602 rows
Parsed 50496/194602 rows
Parsed 50528/194602 rows
Parsed 50560/194602 rows
Parsed 50592/194602 rows
Parsed 50624/194602 rows
Parsed 50656/194602 rows
Parsed 50688/194602 rows
Parsed 50720/194602 rows
Parsed 50752/194602 rows
Parsed 50784/194602 rows
Parsed 50816/194602 rows
Parsed 50848/194602 rows
Parsed 50880/194602 rows
Parsed 50912/194602 rows
Parsed 50944/194602 rows
Parsed 50976/194602 rows
Parsed 51008/194602 rows
Parsed 51040/194602 rows
Parsed 51072/194602 rows
Parsed 51104/194602 rows
Parsed 51136/194602 rows
Parsed 51168/194602 rows
Parsed 51200/194602 rows
Parsed 51232/194602 rows
Parsed 51264/194602 rows
Parsed 51296/194602 rows
Parsed 51328/194602 rows
Parsed 51360/194602 rows
Parsed 51392/194602 rows
Parsed 51424/194602 rows
Parsed 51456/194602 rows
Parsed 51488/194602 rows
Parsed 51520/194602 rows
Parsed 51552/194602 rows
Parsed 51584/194602 rows
Parsed 51616/194602 rows
Parsed 51648/194602 rows
Parsed 51680/194602 rows
Parsed 51712/194602 rows
Parsed 51744/194602 rows
Parsed 51776/194602 rows
Parsed 51808/194602 rows
Parsed 51840/194602 rows
Parsed 51872/194602 rows
Parsed 51904/194602 rows
Parsed 51936/194602 rows
Parsed 51968/194602 rows
Parsed 52000/194602 rows
Parsed 52032/194602 rows
Parsed 52064/194602 rows
Parsed 52096/194602 rows
Parsed 52128/194602 rows
Parsed 52160/194602 rows
Parsed 52192/194602 rows
Parsed 52224/194602 rows
Parsed 52256/194602 rows
Parsed 52288/194602 rows
Parsed 52320/194602 rows
Parsed 52352/194602 rows
Parsed 52384/194602 rows
Parsed 52416/194602 rows
Parsed 52448/194602 rows
Parsed 52480/194602 rows
Parsed 52512/194602 rows
Parsed 52544/194602 rows
Parsed 52576/194602 rows
Parsed 52608/194602 rows
Parsed 52640/194602 rows
Parsed 52672/194602 rows
Parsed 52704/194602 rows
Parsed 52736/194602 rows
Parsed 52768/194602 rows
Parsed 52800/194602 rows
Parsed 52832/194602 rows
Parsed 52864/194602 rows
Parsed 52896/194602 rows
Parsed 52928/194602 rows
Parsed 52960/194602 rows
Parsed 52992/194602 rows
Parsed 53024/194602 rows
Parsed 53056/194602 rows
Parsed 53088/194602 rows
Parsed 53120/194602 rows
Parsed 53152/194602 rows
Parsed 53184/194602 rows
Parsed 53216/194602 rows
Parsed 53248/194602 rows
Parsed 53280/194602 rows
Parsed 53312/194602 rows
Parsed 53344/194602 rows
Parsed 53376/194602 rows
Parsed 53408/194602 rows
Parsed 53440/194602 rows
Parsed 53472/194602 rows
Parsed 53504/194602 rows
Parsed 53536/194602 rows
Parsed 53568/194602 rows
Parsed 53600/194602 rows
Parsed 53632/194602 rows
Parsed 53664/194602 rows
Parsed 53696/194602 rows
Parsed 53728/194602 rows
Parsed 53760/194602 rows
Parsed 53792/194602 rows
Parsed 53824/194602 rows
Parsed 53856/194602 rows
Parsed 53888/194602 rows
Parsed 53920/194602 rows
Parsed 53952/194602 rows
Parsed 53984/194602 rows
Parsed 54016/194602 rows
Parsed 54048/194602 rows
Parsed 54080/194602 rows
Parsed 54112/194602 rows
Parsed 54144/194602 rows
Parsed 54176/194602 rows
Parsed 54208/194602 rows
Parsed 54240/194602 rows
Parsed 54272/194602 rows
Parsed 54304/194602 rows
Parsed 54336/194602 rows
Parsed 54368/194602 rows
Parsed 54400/194602 rows
Parsed 54432/194602 rows
Parsed 54464/194602 rows
Parsed 54496/194602 rows
Parsed 54528/194602 rows
Parsed 54560/194602 rows
Parsed 54592/194602 rows
Parsed 54624/194602 rows
Parsed 54656/194602 rows
Parsed 54688/194602 rows
Parsed 54720/194602 rows
Parsed 54752/194602 rows
Parsed 54784/194602 rows
Parsed 54816/194602 rows
Parsed 54848/194602 rows
Parsed 54880/194602 rows
Parsed 54912/194602 rows
Parsed 54944/194602 rows
Parsed 54976/194602 rows
Parsed 55008/194602 rows
Parsed 55040/194602 rows
Parsed 55072/194602 rows
Parsed 55104/194602 rows
Parsed 55136/194602 rows
Parsed 55168/194602 rows
Parsed 55200/194602 rows
Parsed 55232/194602 rows
Parsed 55264/194602 rows
Parsed 55296/194602 rows
Parsed 55328/194602 rows
Parsed 55360/194602 rows
Parsed 55392/194602 rows
Parsed 55424/194602 rows
Parsed 55456/194602 rows
Parsed 55488/194602 rows
Parsed 55520/194602 rows
Parsed 55552/194602 rows
Parsed 55584/194602 rows
Parsed 55616/194602 rows
Parsed 55648/194602 rows
Parsed 55680/194602 rows
Parsed 55712/194602 rows
Parsed 55744/194602 rows
Parsed 55776/194602 rows
Parsed 55808/194602 rows
Parsed 55840/194602 rows
Parsed 55872/194602 rows
Parsed 55904/194602 rows
Parsed 55936/194602 rows
Parsed 55968/194602 rows
Parsed 56000/194602 rows
Parsed 56032/194602 rows
Parsed 56064/194602 rows
Parsed 56096/194602 rows
Parsed 56128/194602 rows
Parsed 56160/194602 rows
Parsed 56192/194602 rows
Parsed 56224/194602 rows
Parsed 56256/194602 rows
Parsed 56288/194602 rows
Parsed 56320/194602 rows
Parsed 56352/194602 rows
Parsed 56384/194602 rows
Parsed 56416/194602 rows
Parsed 56448/194602 rows
Parsed 56480/194602 rows
Parsed 56512/194602 rows
Parsed 56544/194602 rows
Parsed 56576/194602 rows
Parsed 56608/194602 rows
Parsed 56640/194602 rows
Parsed 56672/194602 rows
Parsed 56704/194602 rows
Parsed 56736/194602 rows
Parsed 56768/194602 rows
Parsed 56800/194602 rows
Parsed 56832/194602 rows
Parsed 56864/194602 rows
Parsed 56896/194602 rows
Parsed 56928/194602 rows
Parsed 56960/194602 rows
Parsed 56992/194602 rows
Parsed 57024/194602 rows
Parsed 57056/194602 rows
Parsed 57088/194602 rows
Parsed 57120/194602 rows
Parsed 57152/194602 rows
Parsed 57184/194602 rows
Parsed 57216/194602 rows
Parsed 57248/194602 rows
Parsed 57280/194602 rows
Parsed 57312/194602 rows
Parsed 57344/194602 rows
Parsed 57376/194602 rows
Parsed 57408/194602 rows
Parsed 57440/194602 rows
Parsed 57472/194602 rows
Parsed 57504/194602 rows
Parsed 57536/194602 rows
Parsed 57568/194602 rows
Parsed 57600/194602 rows
Parsed 57632/194602 rows
Parsed 57664/194602 rows
Parsed 57696/194602 rows
Parsed 57728/194602 rows
Parsed 57760/194602 rows
Parsed 57792/194602 rows
Parsed 57824/194602 rows
Parsed 57856/194602 rows
Parsed 57888/194602 rows
Parsed 57920/194602 rows
Parsed 57952/194602 rows
Parsed 57984/194602 rows
Parsed 58016/194602 rows
Parsed 58048/194602 rows
Parsed 58080/194602 rows
Parsed 58112/194602 rows
Parsed 58144/194602 rows
Parsed 58176/194602 rows
Parsed 58208/194602 rows
Parsed 58240/194602 rows
Parsed 58272/194602 rows
Parsed 58304/194602 rows
Parsed 58336/194602 rows
Parsed 58368/194602 rows
Parsed 58400/194602 rows
Parsed 58432/194602 rows
Parsed 58464/194602 rows
Parsed 58496/194602 rows
Parsed 58528/194602 rows
Parsed 58560/194602 rows
Parsed 58592/194602 rows
Parsed 58624/194602 rows
Parsed 58656/194602 rows
Parsed 58688/194602 rows
Parsed 58720/194602 rows
Parsed 58752/194602 rows
Parsed 58784/194602 rows
Parsed 58816/194602 rows
Parsed 58848/194602 rows
Parsed 58880/194602 rows
Parsed 58912/194602 rows
Parsed 58944/194602 rows
Parsed 58976/194602 rows
Parsed 59008/194602 rows
Parsed 59040/194602 rows
Parsed 59072/194602 rows
Parsed 59104/194602 rows
Parsed 59136/194602 rows
Parsed 59168/194602 rows
Parsed 59200/194602 rows
Parsed 59232/194602 rows
Parsed 59264/194602 rows
Parsed 59296/194602 rows
Parsed 59328/194602 rows
Parsed 59360/194602 rows
Parsed 59392/194602 rows
Parsed 59424/194602 rows
Parsed 59456/194602 rows
Parsed 59488/194602 rows
Parsed 59520/194602 rows
Parsed 59552/194602 rows
Parsed 59584/194602 rows
Parsed 59616/194602 rows
Parsed 59648/194602 rows
Parsed 59680/194602 rows
Parsed 59712/194602 rows
Parsed 59744/194602 rows
Parsed 59776/194602 rows
Parsed 59808/194602 rows
Parsed 59840/194602 rows
Parsed 59872/194602 rows
Parsed 59904/194602 rows
Parsed 59936/194602 rows
Parsed 59968/194602 rows
Parsed 60000/194602 rows
Parsed 60032/194602 rows
Parsed 60064/194602 rows
Parsed 60096/194602 rows
Parsed 60128/194602 rows
Parsed 60160/194602 rows
Parsed 60192/194602 rows
Parsed 60224/194602 rows
Parsed 60256/194602 rows
Parsed 60288/194602 rows
Parsed 60320/194602 rows
Parsed 60352/194602 rows
Parsed 60384/194602 rows
Parsed 60416/194602 rows
Parsed 60448/194602 rows
Parsed 60480/194602 rows
Parsed 60512/194602 rows
Parsed 60544/194602 rows
Parsed 60576/194602 rows
Parsed 60608/194602 rows
Parsed 60640/194602 rows
Parsed 60672/194602 rows
Parsed 60704/194602 rows
Parsed 60736/194602 rows
Parsed 60768/194602 rows
Parsed 60800/194602 rows
Parsed 60832/194602 rows
Parsed 60864/194602 rows
Parsed 60896/194602 rows
Parsed 60928/194602 rows
Parsed 60960/194602 rows
Parsed 60992/194602 rows
Parsed 61024/194602 rows
Parsed 61056/194602 rows
Parsed 61088/194602 rows
Parsed 61120/194602 rows
Parsed 61152/194602 rows
Parsed 61184/194602 rows
Parsed 61216/194602 rows
Parsed 61248/194602 rows
Parsed 61280/194602 rows
Parsed 61312/194602 rows
Parsed 61344/194602 rows
Parsed 61376/194602 rows
Parsed 61408/194602 rows
Parsed 61440/194602 rows
Parsed 61472/194602 rows
Parsed 61504/194602 rows
Parsed 61536/194602 rows
Parsed 61568/194602 rows
Parsed 61600/194602 rows
Parsed 61632/194602 rows
Parsed 61664/194602 rows
Parsed 61696/194602 rows
Parsed 61728/194602 rows
Parsed 61760/194602 rows
Parsed 61792/194602 rows
Parsed 61824/194602 rows
Parsed 61856/194602 rows
Parsed 61888/194602 rows
Parsed 61920/194602 rows
Parsed 61952/194602 rows
Parsed 61984/194602 rows
Parsed 62016/194602 rows
Parsed 62048/194602 rows
Parsed 62080/194602 rows
Parsed 62112/194602 rows
Parsed 62144/194602 rows
Parsed 62176/194602 rows
Parsed 62208/194602 rows
Parsed 62240/194602 rows
Parsed 62272/194602 rows
Parsed 62304/194602 rows
Parsed 62336/194602 rows
Parsed 62368/194602 rows
Parsed 62400/194602 rows
Parsed 62432/194602 rows
Parsed 62464/194602 rows
Parsed 62496/194602 rows
Parsed 62528/194602 rows
Parsed 62560/194602 rows
Parsed 62592/194602 rows
Parsed 62624/194602 rows
Parsed 62656/194602 rows
Parsed 62688/194602 rows
Parsed 62720/194602 rows
Parsed 62752/194602 rows
Parsed 62784/194602 rows
Parsed 62816/194602 rows
Parsed 62848/194602 rows
Parsed 62880/194602 rows
Parsed 62912/194602 rows
Parsed 62944/194602 rows
Parsed 62976/194602 rows
Parsed 63008/194602 rows
Parsed 63040/194602 rows
Parsed 63072/194602 rows
Parsed 63104/194602 rows
Parsed 63136/194602 rows
Parsed 63168/194602 rows
Parsed 63200/194602 rows
Parsed 63232/194602 rows
Parsed 63264/194602 rows
Parsed 63296/194602 rows
Parsed 63328/194602 rows
Parsed 63360/194602 rows
Parsed 63392/194602 rows
Parsed 63424/194602 rows
Parsed 63456/194602 rows
Parsed 63488/194602 rows
Parsed 63520/194602 rows
Parsed 63552/194602 rows
Parsed 63584/194602 rows
Parsed 63616/194602 rows
Parsed 63648/194602 rows
Parsed 63680/194602 rows
Parsed 63712/194602 rows
Parsed 63744/194602 rows
Parsed 63776/194602 rows
Parsed 63808/194602 rows
Parsed 63840/194602 rows
Parsed 63872/194602 rows
Parsed 63904/194602 rows
Parsed 63936/194602 rows
Parsed 63968/194602 rows
Parsed 64000/194602 rows
Parsed 64032/194602 rows
Parsed 64064/194602 rows
Parsed 64096/194602 rows
Parsed 64128/194602 rows
Parsed 64160/194602 rows
Parsed 64192/194602 rows
Parsed 64224/194602 rows
Parsed 64256/194602 rows
Parsed 64288/194602 rows
Parsed 64320/194602 rows
Parsed 64352/194602 rows
Parsed 64384/194602 rows
Parsed 64416/194602 rows
Parsed 64448/194602 rows
Parsed 64480/194602 rows
Parsed 64512/194602 rows
Parsed 64544/194602 rows
Parsed 64576/194602 rows
Parsed 64608/194602 rows
Parsed 64640/194602 rows
Parsed 64672/194602 rows
Parsed 64704/194602 rows
Parsed 64736/194602 rows
Parsed 64768/194602 rows
Parsed 64800/194602 rows
Parsed 64832/194602 rows
Parsed 64864/194602 rows
Parsed 64896/194602 rows
Parsed 64928/194602 rows
Parsed 64960/194602 rows
Parsed 64992/194602 rows
Parsed 65024/194602 rows
Parsed 65056/194602 rows
Parsed 65088/194602 rows
Parsed 65120/194602 rows
Parsed 65152/194602 rows
Parsed 65184/194602 rows
Parsed 65216/194602 rows
Parsed 65248/194602 rows
Parsed 65280/194602 rows
Parsed 65312/194602 rows
Parsed 65344/194602 rows
Parsed 65376/194602 rows
Parsed 65408/194602 rows
Parsed 65440/194602 rows
Parsed 65472/194602 rows
Parsed 65504/194602 rows
Parsed 65536/194602 rows
Parsed 65568/194602 rows
Parsed 65600/194602 rows
Parsed 65632/194602 rows
Parsed 65664/194602 rows
Parsed 65696/194602 rows
Parsed 65728/194602 rows
Parsed 65760/194602 rows
Parsed 65792/194602 rows
Parsed 65824/194602 rows
Parsed 65856/194602 rows
Parsed 65888/194602 rows
Parsed 65920/194602 rows
Parsed 65952/194602 rows
Parsed 65984/194602 rows
Parsed 66016/194602 rows
Parsed 66048/194602 rows
Parsed 66080/194602 rows
Parsed 66112/194602 rows
Parsed 66144/194602 rows
Parsed 66176/194602 rows
Parsed 66208/194602 rows
Parsed 66240/194602 rows
Parsed 66272/194602 rows
Parsed 66304/194602 rows
Parsed 66336/194602 rows
Parsed 66368/194602 rows
Parsed 66400/194602 rows
Parsed 66432/194602 rows
Parsed 66464/194602 rows
Parsed 66496/194602 rows
Parsed 66528/194602 rows
Parsed 66560/194602 rows
Parsed 66592/194602 rows
Parsed 66624/194602 rows
Parsed 66656/194602 rows
Parsed 66688/194602 rows
Parsed 66720/194602 rows
Parsed 66752/194602 rows
Parsed 66784/194602 rows
Parsed 66816/194602 rows
Parsed 66848/194602 rows
Parsed 66880/194602 rows
Parsed 66912/194602 rows
Parsed 66944/194602 rows
Parsed 66976/194602 rows
Parsed 67008/194602 rows
Parsed 67040/194602 rows
Parsed 67072/194602 rows
Parsed 67104/194602 rows
Parsed 67136/194602 rows
Parsed 67168/194602 rows
Parsed 67200/194602 rows
Parsed 67232/194602 rows
Parsed 67264/194602 rows
Parsed 67296/194602 rows
Parsed 67328/194602 rows
Parsed 67360/194602 rows
Parsed 67392/194602 rows
Parsed 67424/194602 rows
Parsed 67456/194602 rows
Parsed 67488/194602 rows
Parsed 67520/194602 rows
Parsed 67552/194602 rows
Parsed 67584/194602 rows
Parsed 67616/194602 rows
Parsed 67648/194602 rows
Parsed 67680/194602 rows
Parsed 67712/194602 rows
Parsed 67744/194602 rows
Parsed 67776/194602 rows
Parsed 67808/194602 rows
Parsed 67840/194602 rows
Parsed 67872/194602 rows
Parsed 67904/194602 rows
Parsed 67936/194602 rows
Parsed 67968/194602 rows
Parsed 68000/194602 rows
Parsed 68032/194602 rows
Parsed 68064/194602 rows
Parsed 68096/194602 rows
Parsed 68128/194602 rows
Parsed 68160/194602 rows
Parsed 68192/194602 rows
Parsed 68224/194602 rows
Parsed 68256/194602 rows
Parsed 68288/194602 rows
Parsed 68320/194602 rows
Parsed 68352/194602 rows
Parsed 68384/194602 rows
Parsed 68416/194602 rows
Parsed 68448/194602 rows
Parsed 68480/194602 rows
Parsed 68512/194602 rows
Parsed 68544/194602 rows
Parsed 68576/194602 rows
Parsed 68608/194602 rows
Parsed 68640/194602 rows
Parsed 68672/194602 rows
Parsed 68704/194602 rows
Parsed 68736/194602 rows
Parsed 68768/194602 rows
Parsed 68800/194602 rows
Parsed 68832/194602 rows
Parsed 68864/194602 rows
Parsed 68896/194602 rows
Parsed 68928/194602 rows
Parsed 68960/194602 rows
Parsed 68992/194602 rows
Parsed 69024/194602 rows
Parsed 69056/194602 rows
Parsed 69088/194602 rows
Parsed 69120/194602 rows
Parsed 69152/194602 rows
Parsed 69184/194602 rows
Parsed 69216/194602 rows
Parsed 69248/194602 rows
Parsed 69280/194602 rows
Parsed 69312/194602 rows
Parsed 69344/194602 rows
Parsed 69376/194602 rows
Parsed 69408/194602 rows
Parsed 69440/194602 rows
Parsed 69472/194602 rows
Parsed 69504/194602 rows
Parsed 69536/194602 rows
Parsed 69568/194602 rows
Parsed 69600/194602 rows
Parsed 69632/194602 rows
Parsed 69664/194602 rows
Parsed 69696/194602 rows
Parsed 69728/194602 rows
Parsed 69760/194602 rows
Parsed 69792/194602 rows
Parsed 69824/194602 rows
Parsed 69856/194602 rows
Parsed 69888/194602 rows
Parsed 69920/194602 rows
Parsed 69952/194602 rows
Parsed 69984/194602 rows
Parsed 70016/194602 rows
Parsed 70048/194602 rows
Parsed 70080/194602 rows
Parsed 70112/194602 rows
Parsed 70144/194602 rows
Parsed 70176/194602 rows
Parsed 70208/194602 rows
Parsed 70240/194602 rows
Parsed 70272/194602 rows
Parsed 70304/194602 rows
Parsed 70336/194602 rows
Parsed 70368/194602 rows
Parsed 70400/194602 rows
Parsed 70432/194602 rows
Parsed 70464/194602 rows
Parsed 70496/194602 rows
Parsed 70528/194602 rows
Parsed 70560/194602 rows
Parsed 70592/194602 rows
Parsed 70624/194602 rows
Parsed 70656/194602 rows
Parsed 70688/194602 rows
Parsed 70720/194602 rows
Parsed 70752/194602 rows
Parsed 70784/194602 rows
Parsed 70816/194602 rows
Parsed 70848/194602 rows
Parsed 70880/194602 rows
Parsed 70912/194602 rows
Parsed 70944/194602 rows
Parsed 70976/194602 rows
Parsed 71008/194602 rows
Parsed 71040/194602 rows
Parsed 71072/194602 rows
Parsed 71104/194602 rows
Parsed 71136/194602 rows
Parsed 71168/194602 rows
Parsed 71200/194602 rows
Parsed 71232/194602 rows
Parsed 71264/194602 rows
Parsed 71296/194602 rows
Parsed 71328/194602 rows
Parsed 71360/194602 rows
Parsed 71392/194602 rows
Parsed 71424/194602 rows
Parsed 71456/194602 rows
Parsed 71488/194602 rows
Parsed 71520/194602 rows
Parsed 71552/194602 rows
Parsed 71584/194602 rows
Parsed 71616/194602 rows
Parsed 71648/194602 rows
Parsed 71680/194602 rows
Parsed 71712/194602 rows
Parsed 71744/194602 rows
Parsed 71776/194602 rows
Parsed 71808/194602 rows
Parsed 71840/194602 rows
Parsed 71872/194602 rows
Parsed 71904/194602 rows
Parsed 71936/194602 rows
Parsed 71968/194602 rows
Parsed 72000/194602 rows
Parsed 72032/194602 rows
Parsed 72064/194602 rows
Parsed 72096/194602 rows
Parsed 72128/194602 rows
Parsed 72160/194602 rows
Parsed 72192/194602 rows
Parsed 72224/194602 rows
Parsed 72256/194602 rows
Parsed 72288/194602 rows
Parsed 72320/194602 rows
Parsed 72352/194602 rows
Parsed 72384/194602 rows
Parsed 72416/194602 rows
Parsed 72448/194602 rows
Parsed 72480/194602 rows
Parsed 72512/194602 rows
Parsed 72544/194602 rows
Parsed 72576/194602 rows
Parsed 72608/194602 rows
Parsed 72640/194602 rows
Parsed 72672/194602 rows
Parsed 72704/194602 rows
Parsed 72736/194602 rows
Parsed 72768/194602 rows
Parsed 72800/194602 rows
Parsed 72832/194602 rows
Parsed 72864/194602 rows
Parsed 72896/194602 rows
Parsed 72928/194602 rows
Parsed 72960/194602 rows
Parsed 72992/194602 rows
Parsed 73024/194602 rows
Parsed 73056/194602 rows
Parsed 73088/194602 rows
Parsed 73120/194602 rows
Parsed 73152/194602 rows
Parsed 73184/194602 rows
Parsed 73216/194602 rows
Parsed 73248/194602 rows
Parsed 73280/194602 rows
Parsed 73312/194602 rows
Parsed 73344/194602 rows
Parsed 73376/194602 rows
Parsed 73408/194602 rows
Parsed 73440/194602 rows
Parsed 73472/194602 rows
Parsed 73504/194602 rows
Parsed 73536/194602 rows
Parsed 73568/194602 rows
Parsed 73600/194602 rows
Parsed 73632/194602 rows
Parsed 73664/194602 rows
Parsed 73696/194602 rows
Parsed 73728/194602 rows
Parsed 73760/194602 rows
Parsed 73792/194602 rows
Parsed 73824/194602 rows
Parsed 73856/194602 rows
Parsed 73888/194602 rows
Parsed 73920/194602 rows
Parsed 73952/194602 rows
Parsed 73984/194602 rows
Parsed 74016/194602 rows
Parsed 74048/194602 rows
Parsed 74080/194602 rows
Parsed 74112/194602 rows
Parsed 74144/194602 rows
Parsed 74176/194602 rows
Parsed 74208/194602 rows
Parsed 74240/194602 rows
Parsed 74272/194602 rows
Parsed 74304/194602 rows
Parsed 74336/194602 rows
Parsed 74368/194602 rows
Parsed 74400/194602 rows
Parsed 74432/194602 rows
Parsed 74464/194602 rows
Parsed 74496/194602 rows
Parsed 74528/194602 rows
Parsed 74560/194602 rows
Parsed 74592/194602 rows
Parsed 74624/194602 rows
Parsed 74656/194602 rows
Parsed 74688/194602 rows
Parsed 74720/194602 rows
Parsed 74752/194602 rows
Parsed 74784/194602 rows
Parsed 74816/194602 rows
Parsed 74848/194602 rows
Parsed 74880/194602 rows
Parsed 74912/194602 rows
Parsed 74944/194602 rows
Parsed 74976/194602 rows
Parsed 75008/194602 rows
Parsed 75040/194602 rows
Parsed 75072/194602 rows
Parsed 75104/194602 rows
Parsed 75136/194602 rows
Parsed 75168/194602 rows
Parsed 75200/194602 rows
Parsed 75232/194602 rows
Parsed 75264/194602 rows
Parsed 75296/194602 rows
Parsed 75328/194602 rows
Parsed 75360/194602 rows
Parsed 75392/194602 rows
Parsed 75424/194602 rows
Parsed 75456/194602 rows
Parsed 75488/194602 rows
Parsed 75520/194602 rows
Parsed 75552/194602 rows
Parsed 75584/194602 rows
Parsed 75616/194602 rows
Parsed 75648/194602 rows
Parsed 75680/194602 rows
Parsed 75712/194602 rows
Parsed 75744/194602 rows
Parsed 75776/194602 rows
Parsed 75808/194602 rows
Parsed 75840/194602 rows
Parsed 75872/194602 rows
Parsed 75904/194602 rows
Parsed 75936/194602 rows
Parsed 75968/194602 rows
Parsed 76000/194602 rows
Parsed 76032/194602 rows
Parsed 76064/194602 rows
Parsed 76096/194602 rows
Parsed 76128/194602 rows
Parsed 76160/194602 rows
Parsed 76192/194602 rows
Parsed 76224/194602 rows
Parsed 76256/194602 rows
Parsed 76288/194602 rows
Parsed 76320/194602 rows
Parsed 76352/194602 rows
Parsed 76384/194602 rows
Parsed 76416/194602 rows
Parsed 76448/194602 rows
Parsed 76480/194602 rows
Parsed 76512/194602 rows
Parsed 76544/194602 rows
Parsed 76576/194602 rows
Parsed 76608/194602 rows
Parsed 76640/194602 rows
Parsed 76672/194602 rows
Parsed 76704/194602 rows
Parsed 76736/194602 rows
Parsed 76768/194602 rows
Parsed 76800/194602 rows
Parsed 76832/194602 rows
Parsed 76864/194602 rows
Parsed 76896/194602 rows
Parsed 76928/194602 rows
Parsed 76960/194602 rows
Parsed 76992/194602 rows
Parsed 77024/194602 rows
Parsed 77056/194602 rows
Parsed 77088/194602 rows
Parsed 77120/194602 rows
Parsed 77152/194602 rows
Parsed 77184/194602 rows
Parsed 77216/194602 rows
Parsed 77248/194602 rows
Parsed 77280/194602 rows
Parsed 77312/194602 rows
Parsed 77344/194602 rows
Parsed 77376/194602 rows
Parsed 77408/194602 rows
Parsed 77440/194602 rows
Parsed 77472/194602 rows
Parsed 77504/194602 rows
Parsed 77536/194602 rows
Parsed 77568/194602 rows
Parsed 77600/194602 rows
Parsed 77632/194602 rows
Parsed 77664/194602 rows
Parsed 77696/194602 rows
Parsed 77728/194602 rows
Parsed 77760/194602 rows
Parsed 77792/194602 rows
Parsed 77824/194602 rows
Parsed 77856/194602 rows
Parsed 77888/194602 rows
Parsed 77920/194602 rows
Parsed 77952/194602 rows
Parsed 77984/194602 rows
Parsed 78016/194602 rows
Parsed 78048/194602 rows
Parsed 78080/194602 rows
Parsed 78112/194602 rows
Parsed 78144/194602 rows
Parsed 78176/194602 rows
Parsed 78208/194602 rows
Parsed 78240/194602 rows
Parsed 78272/194602 rows
Parsed 78304/194602 rows
Parsed 78336/194602 rows
Parsed 78368/194602 rows
Parsed 78400/194602 rows
Parsed 78432/194602 rows
Parsed 78464/194602 rows
Parsed 78496/194602 rows
Parsed 78528/194602 rows
Parsed 78560/194602 rows
Parsed 78592/194602 rows
Parsed 78624/194602 rows
Parsed 78656/194602 rows
Parsed 78688/194602 rows
Parsed 78720/194602 rows
Parsed 78752/194602 rows
Parsed 78784/194602 rows
Parsed 78816/194602 rows
Parsed 78848/194602 rows
Parsed 78880/194602 rows
Parsed 78912/194602 rows
Parsed 78944/194602 rows
Parsed 78976/194602 rows
Parsed 79008/194602 rows
Parsed 79040/194602 rows
Parsed 79072/194602 rows
Parsed 79104/194602 rows
Parsed 79136/194602 rows
Parsed 79168/194602 rows
Parsed 79200/194602 rows
Parsed 79232/194602 rows
Parsed 79264/194602 rows
Parsed 79296/194602 rows
Parsed 79328/194602 rows
Parsed 79360/194602 rows
Parsed 79392/194602 rows
Parsed 79424/194602 rows
Parsed 79456/194602 rows
Parsed 79488/194602 rows
Parsed 79520/194602 rows
Parsed 79552/194602 rows
Parsed 79584/194602 rows
Parsed 79616/194602 rows
Parsed 79648/194602 rows
Parsed 79680/194602 rows
Parsed 79712/194602 rows
Parsed 79744/194602 rows
Parsed 79776/194602 rows
Parsed 79808/194602 rows
Parsed 79840/194602 rows
Parsed 79872/194602 rows
Parsed 79904/194602 rows
Parsed 79936/194602 rows
Parsed 79968/194602 rows
Parsed 80000/194602 rows
Parsed 80032/194602 rows
Parsed 80064/194602 rows
Parsed 80096/194602 rows
Parsed 80128/194602 rows
Parsed 80160/194602 rows
Parsed 80192/194602 rows
Parsed 80224/194602 rows
Parsed 80256/194602 rows
Parsed 80288/194602 rows
Parsed 80320/194602 rows
Parsed 80352/194602 rows
Parsed 80384/194602 rows
Parsed 80416/194602 rows
Parsed 80448/194602 rows
Parsed 80480/194602 rows
Parsed 80512/194602 rows
Parsed 80544/194602 rows
Parsed 80576/194602 rows
Parsed 80608/194602 rows
Parsed 80640/194602 rows
Parsed 80672/194602 rows
Parsed 80704/194602 rows
Parsed 80736/194602 rows
Parsed 80768/194602 rows
Parsed 80800/194602 rows
Parsed 80832/194602 rows
Parsed 80864/194602 rows
Parsed 80896/194602 rows
Parsed 80928/194602 rows
Parsed 80960/194602 rows
Parsed 80992/194602 rows
Parsed 81024/194602 rows
Parsed 81056/194602 rows
Parsed 81088/194602 rows
Parsed 81120/194602 rows
Parsed 81152/194602 rows
Parsed 81184/194602 rows
Parsed 81216/194602 rows
Parsed 81248/194602 rows
Parsed 81280/194602 rows
Parsed 81312/194602 rows
Parsed 81344/194602 rows
Parsed 81376/194602 rows
Parsed 81408/194602 rows
Parsed 81440/194602 rows
Parsed 81472/194602 rows
Parsed 81504/194602 rows
Parsed 81536/194602 rows
Parsed 81568/194602 rows
Parsed 81600/194602 rows
Parsed 81632/194602 rows
Parsed 81664/194602 rows
Parsed 81696/194602 rows
Parsed 81728/194602 rows
Parsed 81760/194602 rows
Parsed 81792/194602 rows
Parsed 81824/194602 rows
Parsed 81856/194602 rows
Parsed 81888/194602 rows
Parsed 81920/194602 rows
Parsed 81952/194602 rows
Parsed 81984/194602 rows
Parsed 82016/194602 rows
Parsed 82048/194602 rows
Parsed 82080/194602 rows
Parsed 82112/194602 rows
Parsed 82144/194602 rows
Parsed 82176/194602 rows
Parsed 82208/194602 rows
Parsed 82240/194602 rows
Parsed 82272/194602 rows
Parsed 82304/194602 rows
Parsed 82336/194602 rows
Parsed 82368/194602 rows
Parsed 82400/194602 rows
Parsed 82432/194602 rows
Parsed 82464/194602 rows
Parsed 82496/194602 rows
Parsed 82528/194602 rows
Parsed 82560/194602 rows
Parsed 82592/194602 rows
Parsed 82624/194602 rows
Parsed 82656/194602 rows
Parsed 82688/194602 rows
Parsed 82720/194602 rows
Parsed 82752/194602 rows
Parsed 82784/194602 rows
Parsed 82816/194602 rows
Parsed 82848/194602 rows
Parsed 82880/194602 rows
Parsed 82912/194602 rows
Parsed 82944/194602 rows
Parsed 82976/194602 rows
Parsed 83008/194602 rows
Parsed 83040/194602 rows
Parsed 83072/194602 rows
Parsed 83104/194602 rows
Parsed 83136/194602 rows
Parsed 83168/194602 rows
Parsed 83200/194602 rows
Parsed 83232/194602 rows
Parsed 83264/194602 rows
Parsed 83296/194602 rows
Parsed 83328/194602 rows
Parsed 83360/194602 rows
Parsed 83392/194602 rows
Parsed 83424/194602 rows
Parsed 83456/194602 rows
Parsed 83488/194602 rows
Parsed 83520/194602 rows
Parsed 83552/194602 rows
Parsed 83584/194602 rows
Parsed 83616/194602 rows
Parsed 83648/194602 rows
Parsed 83680/194602 rows
Parsed 83712/194602 rows
Parsed 83744/194602 rows
Parsed 83776/194602 rows
Parsed 83808/194602 rows
Parsed 83840/194602 rows
Parsed 83872/194602 rows
Parsed 83904/194602 rows
Parsed 83936/194602 rows
Parsed 83968/194602 rows
Parsed 84000/194602 rows
Parsed 84032/194602 rows
Parsed 84064/194602 rows
Parsed 84096/194602 rows
Parsed 84128/194602 rows
Parsed 84160/194602 rows
Parsed 84192/194602 rows
Parsed 84224/194602 rows
Parsed 84256/194602 rows
Parsed 84288/194602 rows
Parsed 84320/194602 rows
Parsed 84352/194602 rows
Parsed 84384/194602 rows
Parsed 84416/194602 rows
Parsed 84448/194602 rows
Parsed 84480/194602 rows
Parsed 84512/194602 rows
Parsed 84544/194602 rows
Parsed 84576/194602 rows
Parsed 84608/194602 rows
Parsed 84640/194602 rows
Parsed 84672/194602 rows
Parsed 84704/194602 rows
Parsed 84736/194602 rows
Parsed 84768/194602 rows
Parsed 84800/194602 rows
Parsed 84832/194602 rows
Parsed 84864/194602 rows
Parsed 84896/194602 rows
Parsed 84928/194602 rows
Parsed 84960/194602 rows
Parsed 84992/194602 rows
Parsed 85024/194602 rows
Parsed 85056/194602 rows
Parsed 85088/194602 rows
Parsed 85120/194602 rows
Parsed 85152/194602 rows
Parsed 85184/194602 rows
Parsed 85216/194602 rows
Parsed 85248/194602 rows
Parsed 85280/194602 rows
Parsed 85312/194602 rows
Parsed 85344/194602 rows
Parsed 85376/194602 rows
Parsed 85408/194602 rows
Parsed 85440/194602 rows
Parsed 85472/194602 rows
Parsed 85504/194602 rows
Parsed 85536/194602 rows
Parsed 85568/194602 rows
Parsed 85600/194602 rows
Parsed 85632/194602 rows
Parsed 85664/194602 rows
Parsed 85696/194602 rows
Parsed 85728/194602 rows
Parsed 85760/194602 rows
Parsed 85792/194602 rows
Parsed 85824/194602 rows
Parsed 85856/194602 rows
Parsed 85888/194602 rows
Parsed 85920/194602 rows
Parsed 85952/194602 rows
Parsed 85984/194602 rows
Parsed 86016/194602 rows
Parsed 86048/194602 rows
Parsed 86080/194602 rows
Parsed 86112/194602 rows
Parsed 86144/194602 rows
Parsed 86176/194602 rows
Parsed 86208/194602 rows
Parsed 86240/194602 rows
Parsed 86272/194602 rows
Parsed 86304/194602 rows
Parsed 86336/194602 rows
Parsed 86368/194602 rows
Parsed 86400/194602 rows
Parsed 86432/194602 rows
Parsed 86464/194602 rows
Parsed 86496/194602 rows
Parsed 86528/194602 rows
Parsed 86560/194602 rows
Parsed 86592/194602 rows
Parsed 86624/194602 rows
Parsed 86656/194602 rows
Parsed 86688/194602 rows
Parsed 86720/194602 rows
Parsed 86752/194602 rows
Parsed 86784/194602 rows
Parsed 86816/194602 rows
Parsed 86848/194602 rows
Parsed 86880/194602 rows
Parsed 86912/194602 rows
Parsed 86944/194602 rows
Parsed 86976/194602 rows
Parsed 87008/194602 rows
Parsed 87040/194602 rows
Parsed 87072/194602 rows
Parsed 87104/194602 rows
Parsed 87136/194602 rows
Parsed 87168/194602 rows
Parsed 87200/194602 rows
Parsed 87232/194602 rows
Parsed 87264/194602 rows
Parsed 87296/194602 rows
Parsed 87328/194602 rows
Parsed 87360/194602 rows
Parsed 87392/194602 rows
Parsed 87424/194602 rows
Parsed 87456/194602 rows
Parsed 87488/194602 rows
Parsed 87520/194602 rows
Parsed 87552/194602 rows
Parsed 87584/194602 rows
Parsed 87616/194602 rows
Parsed 87648/194602 rows
Parsed 87680/194602 rows
Parsed 87712/194602 rows
Parsed 87744/194602 rows
Parsed 87776/194602 rows
Parsed 87808/194602 rows
Parsed 87840/194602 rows
Parsed 87872/194602 rows
Parsed 87904/194602 rows
Parsed 87936/194602 rows
Parsed 87968/194602 rows
Parsed 88000/194602 rows
Parsed 88032/194602 rows
Parsed 88064/194602 rows
Parsed 88096/194602 rows
Parsed 88128/194602 rows
Parsed 88160/194602 rows
Parsed 88192/194602 rows
Parsed 88224/194602 rows
Parsed 88256/194602 rows
Parsed 88288/194602 rows
Parsed 88320/194602 rows
Parsed 88352/194602 rows
Parsed 88384/194602 rows
Parsed 88416/194602 rows
Parsed 88448/194602 rows
Parsed 88480/194602 rows
Parsed 88512/194602 rows
Parsed 88544/194602 rows
Parsed 88576/194602 rows
Parsed 88608/194602 rows
Parsed 88640/194602 rows
Parsed 88672/194602 rows
Parsed 88704/194602 rows
Parsed 88736/194602 rows
Parsed 88768/194602 rows
Parsed 88800/194602 rows
Parsed 88832/194602 rows
Parsed 88864/194602 rows
Parsed 88896/194602 rows
Parsed 88928/194602 rows
Parsed 88960/194602 rows
Parsed 88992/194602 rows
Parsed 89024/194602 rows
Parsed 89056/194602 rows
Parsed 89088/194602 rows
Parsed 89120/194602 rows
Parsed 89152/194602 rows
Parsed 89184/194602 rows
Parsed 89216/194602 rows
Parsed 89248/194602 rows
Parsed 89280/194602 rows
Parsed 89312/194602 rows
Parsed 89344/194602 rows
Parsed 89376/194602 rows
Parsed 89408/194602 rows
Parsed 89440/194602 rows
Parsed 89472/194602 rows
Parsed 89504/194602 rows
Parsed 89536/194602 rows
Parsed 89568/194602 rows
Parsed 89600/194602 rows
Parsed 89632/194602 rows
Parsed 89664/194602 rows
Parsed 89696/194602 rows
Parsed 89728/194602 rows
Parsed 89760/194602 rows
Parsed 89792/194602 rows
Parsed 89824/194602 rows
Parsed 89856/194602 rows
Parsed 89888/194602 rows
Parsed 89920/194602 rows
Parsed 89952/194602 rows
Parsed 89984/194602 rows
Parsed 90016/194602 rows
Parsed 90048/194602 rows
Parsed 90080/194602 rows
Parsed 90112/194602 rows
Parsed 90144/194602 rows
Parsed 90176/194602 rows
Parsed 90208/194602 rows
Parsed 90240/194602 rows
Parsed 90272/194602 rows
Parsed 90304/194602 rows
Parsed 90336/194602 rows
Parsed 90368/194602 rows
Parsed 90400/194602 rows
Parsed 90432/194602 rows
Parsed 90464/194602 rows
Parsed 90496/194602 rows
Parsed 90528/194602 rows
Parsed 90560/194602 rows
Parsed 90592/194602 rows
Parsed 90624/194602 rows
Parsed 90656/194602 rows
Parsed 90688/194602 rows
Parsed 90720/194602 rows
Parsed 90752/194602 rows
Parsed 90784/194602 rows
Parsed 90816/194602 rows
Parsed 90848/194602 rows
Parsed 90880/194602 rows
Parsed 90912/194602 rows
Parsed 90944/194602 rows
Parsed 90976/194602 rows
Parsed 91008/194602 rows
Parsed 91040/194602 rows
Parsed 91072/194602 rows
Parsed 91104/194602 rows
Parsed 91136/194602 rows
Parsed 91168/194602 rows
Parsed 91200/194602 rows
Parsed 91232/194602 rows
Parsed 91264/194602 rows
Parsed 91296/194602 rows
Parsed 91328/194602 rows
Parsed 91360/194602 rows
Parsed 91392/194602 rows
Parsed 91424/194602 rows
Parsed 91456/194602 rows
Parsed 91488/194602 rows
Parsed 91520/194602 rows
Parsed 91552/194602 rows
Parsed 91584/194602 rows
Parsed 91616/194602 rows
Parsed 91648/194602 rows
Parsed 91680/194602 rows
Parsed 91712/194602 rows
Parsed 91744/194602 rows
Parsed 91776/194602 rows
Parsed 91808/194602 rows
Parsed 91840/194602 rows
Parsed 91872/194602 rows
Parsed 91904/194602 rows
Parsed 91936/194602 rows
Parsed 91968/194602 rows
Parsed 92000/194602 rows
Parsed 92032/194602 rows
Parsed 92064/194602 rows
Parsed 92096/194602 rows
Parsed 92128/194602 rows
Parsed 92160/194602 rows
Parsed 92192/194602 rows
Parsed 92224/194602 rows
Parsed 92256/194602 rows
Parsed 92288/194602 rows
Parsed 92320/194602 rows
Parsed 92352/194602 rows
Parsed 92384/194602 rows
Parsed 92416/194602 rows
Parsed 92448/194602 rows
Parsed 92480/194602 rows
Parsed 92512/194602 rows
Parsed 92544/194602 rows
Parsed 92576/194602 rows
Parsed 92608/194602 rows
Parsed 92640/194602 rows
Parsed 92672/194602 rows
Parsed 92704/194602 rows
Parsed 92736/194602 rows
Parsed 92768/194602 rows
Parsed 92800/194602 rows
Parsed 92832/194602 rows
Parsed 92864/194602 rows
Parsed 92896/194602 rows
Parsed 92928/194602 rows
Parsed 92960/194602 rows
Parsed 92992/194602 rows
Parsed 93024/194602 rows
Parsed 93056/194602 rows
Parsed 93088/194602 rows
Parsed 93120/194602 rows
Parsed 93152/194602 rows
Parsed 93184/194602 rows
Parsed 93216/194602 rows
Parsed 93248/194602 rows
Parsed 93280/194602 rows
Parsed 93312/194602 rows
Parsed 93344/194602 rows
Parsed 93376/194602 rows
Parsed 93408/194602 rows
Parsed 93440/194602 rows
Parsed 93472/194602 rows
Parsed 93504/194602 rows
Parsed 93536/194602 rows
Parsed 93568/194602 rows
Parsed 93600/194602 rows
Parsed 93632/194602 rows
Parsed 93664/194602 rows
Parsed 93696/194602 rows
Parsed 93728/194602 rows
Parsed 93760/194602 rows
Parsed 93792/194602 rows
Parsed 93824/194602 rows
Parsed 93856/194602 rows
Parsed 93888/194602 rows
Parsed 93920/194602 rows
Parsed 93952/194602 rows
Parsed 93984/194602 rows
Parsed 94016/194602 rows
Parsed 94048/194602 rows
Parsed 94080/194602 rows
Parsed 94112/194602 rows
Parsed 94144/194602 rows
Parsed 94176/194602 rows
Parsed 94208/194602 rows
Parsed 94240/194602 rows
Parsed 94272/194602 rows
Parsed 94304/194602 rows
Parsed 94336/194602 rows
Parsed 94368/194602 rows
Parsed 94400/194602 rows
Parsed 94432/194602 rows
Parsed 94464/194602 rows
Parsed 94496/194602 rows
Parsed 94528/194602 rows
Parsed 94560/194602 rows
Parsed 94592/194602 rows
Parsed 94624/194602 rows
Parsed 94656/194602 rows
Parsed 94688/194602 rows
Parsed 94720/194602 rows
Parsed 94752/194602 rows
Parsed 94784/194602 rows
Parsed 94816/194602 rows
Parsed 94848/194602 rows
Parsed 94880/194602 rows
Parsed 94912/194602 rows
Parsed 94944/194602 rows
Parsed 94976/194602 rows
Parsed 95008/194602 rows
Parsed 95040/194602 rows
Parsed 95072/194602 rows
Parsed 95104/194602 rows
Parsed 95136/194602 rows
Parsed 95168/194602 rows
Parsed 95200/194602 rows
Parsed 95232/194602 rows
Parsed 95264/194602 rows
Parsed 95296/194602 rows
Parsed 95328/194602 rows
Parsed 95360/194602 rows
Parsed 95392/194602 rows
Parsed 95424/194602 rows
Parsed 95456/194602 rows
Parsed 95488/194602 rows
Parsed 95520/194602 rows
Parsed 95552/194602 rows
Parsed 95584/194602 rows
Parsed 95616/194602 rows
Parsed 95648/194602 rows
Parsed 95680/194602 rows
Parsed 95712/194602 rows
Parsed 95744/194602 rows
Parsed 95776/194602 rows
Parsed 95808/194602 rows
Parsed 95840/194602 rows
Parsed 95872/194602 rows
Parsed 95904/194602 rows
Parsed 95936/194602 rows
Parsed 95968/194602 rows
Parsed 96000/194602 rows
Parsed 96032/194602 rows
Parsed 96064/194602 rows
Parsed 96096/194602 rows
Parsed 96128/194602 rows
Parsed 96160/194602 rows
Parsed 96192/194602 rows
Parsed 96224/194602 rows
Parsed 96256/194602 rows
Parsed 96288/194602 rows
Parsed 96320/194602 rows
Parsed 96352/194602 rows
Parsed 96384/194602 rows
Parsed 96416/194602 rows
Parsed 96448/194602 rows
Parsed 96480/194602 rows
Parsed 96512/194602 rows
Parsed 96544/194602 rows
Parsed 96576/194602 rows
Parsed 96608/194602 rows
Parsed 96640/194602 rows
Parsed 96672/194602 rows
Parsed 96704/194602 rows
Parsed 96736/194602 rows
Parsed 96768/194602 rows
Parsed 96800/194602 rows
Parsed 96832/194602 rows
Parsed 96864/194602 rows
Parsed 96896/194602 rows
Parsed 96928/194602 rows
Parsed 96960/194602 rows
Parsed 96992/194602 rows
Parsed 97024/194602 rows
Parsed 97056/194602 rows
Parsed 97088/194602 rows
Parsed 97120/194602 rows
Parsed 97152/194602 rows
Parsed 97184/194602 rows
Parsed 97216/194602 rows
Parsed 97248/194602 rows
Parsed 97280/194602 rows
Parsed 97312/194602 rows
Parsed 97344/194602 rows
Parsed 97376/194602 rows
Parsed 97408/194602 rows
Parsed 97440/194602 rows
Parsed 97472/194602 rows
Parsed 97504/194602 rows
Parsed 97536/194602 rows
Parsed 97568/194602 rows
Parsed 97600/194602 rows
Parsed 97632/194602 rows
Parsed 97664/194602 rows
Parsed 97696/194602 rows
Parsed 97728/194602 rows
Parsed 97760/194602 rows
Parsed 97792/194602 rows
Parsed 97824/194602 rows
Parsed 97856/194602 rows
Parsed 97888/194602 rows
Parsed 97920/194602 rows
Parsed 97952/194602 rows
Parsed 97984/194602 rows
Parsed 98016/194602 rows
Parsed 98048/194602 rows
Parsed 98080/194602 rows
Parsed 98112/194602 rows
Parsed 98144/194602 rows
Parsed 98176/194602 rows
Parsed 98208/194602 rows
Parsed 98240/194602 rows
Parsed 98272/194602 rows
Parsed 98304/194602 rows
Parsed 98336/194602 rows
Parsed 98368/194602 rows
Parsed 98400/194602 rows
Parsed 98432/194602 rows
Parsed 98464/194602 rows
Parsed 98496/194602 rows
Parsed 98528/194602 rows
Parsed 98560/194602 rows
Parsed 98592/194602 rows
Parsed 98624/194602 rows
Parsed 98656/194602 rows
Parsed 98688/194602 rows
Parsed 98720/194602 rows
Parsed 98752/194602 rows
Parsed 98784/194602 rows
Parsed 98816/194602 rows
Parsed 98848/194602 rows
Parsed 98880/194602 rows
Parsed 98912/194602 rows
Parsed 98944/194602 rows
Parsed 98976/194602 rows
Parsed 99008/194602 rows
Parsed 99040/194602 rows
Parsed 99072/194602 rows
Parsed 99104/194602 rows
Parsed 99136/194602 rows
Parsed 99168/194602 rows
Parsed 99200/194602 rows
Parsed 99232/194602 rows
Parsed 99264/194602 rows
Parsed 99296/194602 rows
Parsed 99328/194602 rows
Parsed 99360/194602 rows
Parsed 99392/194602 rows
Parsed 99424/194602 rows
Parsed 99456/194602 rows
Parsed 99488/194602 rows
Parsed 99520/194602 rows
Parsed 99552/194602 rows
Parsed 99584/194602 rows
Parsed 99616/194602 rows
Parsed 99648/194602 rows
Parsed 99680/194602 rows
Parsed 99712/194602 rows
Parsed 99744/194602 rows
Parsed 99776/194602 rows
Parsed 99808/194602 rows
Parsed 99840/194602 rows
Parsed 99872/194602 rows
Parsed 99904/194602 rows
Parsed 99936/194602 rows
Parsed 99968/194602 rows
Parsed 100000/194602 rows
Parsed 100032/194602 rows
Parsed 100064/194602 rows
Parsed 100096/194602 rows
Parsed 100128/194602 rows
Parsed 100160/194602 rows
Parsed 100192/194602 rows
Parsed 100224/194602 rows
Parsed 100256/194602 rows
Parsed 100288/194602 rows
Parsed 100320/194602 rows
Parsed 100352/194602 rows
Parsed 100384/194602 rows
Parsed 100416/194602 rows
Parsed 100448/194602 rows
Parsed 100480/194602 rows
Parsed 100512/194602 rows
Parsed 100544/194602 rows
Parsed 100576/194602 rows
Parsed 100608/194602 rows
Parsed 100640/194602 rows
Parsed 100672/194602 rows
Parsed 100704/194602 rows
Parsed 100736/194602 rows
Parsed 100768/194602 rows
Parsed 100800/194602 rows
Parsed 100832/194602 rows
Parsed 100864/194602 rows
Parsed 100896/194602 rows
Parsed 100928/194602 rows
Parsed 100960/194602 rows
Parsed 100992/194602 rows
Parsed 101024/194602 rows
Parsed 101056/194602 rows
Parsed 101088/194602 rows
Parsed 101120/194602 rows
Parsed 101152/194602 rows
Parsed 101184/194602 rows
Parsed 101216/194602 rows
Parsed 101248/194602 rows
Parsed 101280/194602 rows
Parsed 101312/194602 rows
Parsed 101344/194602 rows
Parsed 101376/194602 rows
Parsed 101408/194602 rows
Parsed 101440/194602 rows
Parsed 101472/194602 rows
Parsed 101504/194602 rows
Parsed 101536/194602 rows
Parsed 101568/194602 rows
Parsed 101600/194602 rows
Parsed 101632/194602 rows
Parsed 101664/194602 rows
Parsed 101696/194602 rows
Parsed 101728/194602 rows
Parsed 101760/194602 rows
Parsed 101792/194602 rows
Parsed 101824/194602 rows
Parsed 101856/194602 rows
Parsed 101888/194602 rows
Parsed 101920/194602 rows
Parsed 101952/194602 rows
Parsed 101984/194602 rows
Parsed 102016/194602 rows
Parsed 102048/194602 rows
Parsed 102080/194602 rows
Parsed 102112/194602 rows
Parsed 102144/194602 rows
Parsed 102176/194602 rows
Parsed 102208/194602 rows
Parsed 102240/194602 rows
Parsed 102272/194602 rows
Parsed 102304/194602 rows
Parsed 102336/194602 rows
Parsed 102368/194602 rows
Parsed 102400/194602 rows
Parsed 102432/194602 rows
Parsed 102464/194602 rows
Parsed 102496/194602 rows
Parsed 102528/194602 rows
Parsed 102560/194602 rows
Parsed 102592/194602 rows
Parsed 102624/194602 rows
Parsed 102656/194602 rows
Parsed 102688/194602 rows
Parsed 102720/194602 rows
Parsed 102752/194602 rows
Parsed 102784/194602 rows
Parsed 102816/194602 rows
Parsed 102848/194602 rows
Parsed 102880/194602 rows
Parsed 102912/194602 rows
Parsed 102944/194602 rows
Parsed 102976/194602 rows
Parsed 103008/194602 rows
Parsed 103040/194602 rows
Parsed 103072/194602 rows
Parsed 103104/194602 rows
Parsed 103136/194602 rows
Parsed 103168/194602 rows
Parsed 103200/194602 rows
Parsed 103232/194602 rows
Parsed 103264/194602 rows
Parsed 103296/194602 rows
Parsed 103328/194602 rows
Parsed 103360/194602 rows
Parsed 103392/194602 rows
Parsed 103424/194602 rows
Parsed 103456/194602 rows
Parsed 103488/194602 rows
Parsed 103520/194602 rows
Parsed 103552/194602 rows
Parsed 103584/194602 rows
Parsed 103616/194602 rows
Parsed 103648/194602 rows
Parsed 103680/194602 rows
Parsed 103712/194602 rows
Parsed 103744/194602 rows
Parsed 103776/194602 rows
Parsed 103808/194602 rows
Parsed 103840/194602 rows
Parsed 103872/194602 rows
Parsed 103904/194602 rows
Parsed 103936/194602 rows
Parsed 103968/194602 rows
Parsed 104000/194602 rows
Parsed 104032/194602 rows
Parsed 104064/194602 rows
Parsed 104096/194602 rows
Parsed 104128/194602 rows
Parsed 104160/194602 rows
Parsed 104192/194602 rows
Parsed 104224/194602 rows
Parsed 104256/194602 rows
Parsed 104288/194602 rows
Parsed 104320/194602 rows
Parsed 104352/194602 rows
Parsed 104384/194602 rows
Parsed 104416/194602 rows
Parsed 104448/194602 rows
Parsed 104480/194602 rows
Parsed 104512/194602 rows
Parsed 104544/194602 rows
Parsed 104576/194602 rows
Parsed 104608/194602 rows
Parsed 104640/194602 rows
Parsed 104672/194602 rows
Parsed 104704/194602 rows
Parsed 104736/194602 rows
Parsed 104768/194602 rows
Parsed 104800/194602 rows
Parsed 104832/194602 rows
Parsed 104864/194602 rows
Parsed 104896/194602 rows
Parsed 104928/194602 rows
Parsed 104960/194602 rows
Parsed 104992/194602 rows
Parsed 105024/194602 rows
Parsed 105056/194602 rows
Parsed 105088/194602 rows
Parsed 105120/194602 rows
Parsed 105152/194602 rows
Parsed 105184/194602 rows
Parsed 105216/194602 rows
Parsed 105248/194602 rows
Parsed 105280/194602 rows
Parsed 105312/194602 rows
Parsed 105344/194602 rows
Parsed 105376/194602 rows
Parsed 105408/194602 rows
Parsed 105440/194602 rows
Parsed 105472/194602 rows
Parsed 105504/194602 rows
Parsed 105536/194602 rows
Parsed 105568/194602 rows
Parsed 105600/194602 rows
Parsed 105632/194602 rows
Parsed 105664/194602 rows
Parsed 105696/194602 rows
Parsed 105728/194602 rows
Parsed 105760/194602 rows
Parsed 105792/194602 rows
Parsed 105824/194602 rows
Parsed 105856/194602 rows
Parsed 105888/194602 rows
Parsed 105920/194602 rows
Parsed 105952/194602 rows
Parsed 105984/194602 rows
Parsed 106016/194602 rows
Parsed 106048/194602 rows
Parsed 106080/194602 rows
Parsed 106112/194602 rows
Parsed 106144/194602 rows
Parsed 106176/194602 rows
Parsed 106208/194602 rows
Parsed 106240/194602 rows
Parsed 106272/194602 rows
Parsed 106304/194602 rows
Parsed 106336/194602 rows
Parsed 106368/194602 rows
Parsed 106400/194602 rows
Parsed 106432/194602 rows
Parsed 106464/194602 rows
Parsed 106496/194602 rows
Parsed 106528/194602 rows
Parsed 106560/194602 rows
Parsed 106592/194602 rows
Parsed 106624/194602 rows
Parsed 106656/194602 rows
Parsed 106688/194602 rows
Parsed 106720/194602 rows
Parsed 106752/194602 rows
Parsed 106784/194602 rows
Parsed 106816/194602 rows
Parsed 106848/194602 rows
Parsed 106880/194602 rows
Parsed 106912/194602 rows
Parsed 106944/194602 rows
Parsed 106976/194602 rows
Parsed 107008/194602 rows
Parsed 107040/194602 rows
Parsed 107072/194602 rows
Parsed 107104/194602 rows
Parsed 107136/194602 rows
Parsed 107168/194602 rows
Parsed 107200/194602 rows
Parsed 107232/194602 rows
Parsed 107264/194602 rows
Parsed 107296/194602 rows
Parsed 107328/194602 rows
Parsed 107360/194602 rows
Parsed 107392/194602 rows
Parsed 107424/194602 rows
Parsed 107456/194602 rows
Parsed 107488/194602 rows
Parsed 107520/194602 rows
Parsed 107552/194602 rows
Parsed 107584/194602 rows
Parsed 107616/194602 rows
Parsed 107648/194602 rows
Parsed 107680/194602 rows
Parsed 107712/194602 rows
Parsed 107744/194602 rows
Parsed 107776/194602 rows
Parsed 107808/194602 rows
Parsed 107840/194602 rows
Parsed 107872/194602 rows
Parsed 107904/194602 rows
Parsed 107936/194602 rows
Parsed 107968/194602 rows
Parsed 108000/194602 rows
Parsed 108032/194602 rows
Parsed 108064/194602 rows
Parsed 108096/194602 rows
Parsed 108128/194602 rows
Parsed 108160/194602 rows
Parsed 108192/194602 rows
Parsed 108224/194602 rows
Parsed 108256/194602 rows
Parsed 108288/194602 rows
Parsed 108320/194602 rows
Parsed 108352/194602 rows
Parsed 108384/194602 rows
Parsed 108416/194602 rows
Parsed 108448/194602 rows
Parsed 108480/194602 rows
Parsed 108512/194602 rows
Parsed 108544/194602 rows
Parsed 108576/194602 rows
Parsed 108608/194602 rows
Parsed 108640/194602 rows
Parsed 108672/194602 rows
Parsed 108704/194602 rows
Parsed 108736/194602 rows
Parsed 108768/194602 rows
Parsed 108800/194602 rows
Parsed 108832/194602 rows
Parsed 108864/194602 rows
Parsed 108896/194602 rows
Parsed 108928/194602 rows
Parsed 108960/194602 rows
Parsed 108992/194602 rows
Parsed 109024/194602 rows
Parsed 109056/194602 rows
Parsed 109088/194602 rows
Parsed 109120/194602 rows
Parsed 109152/194602 rows
Parsed 109184/194602 rows
Parsed 109216/194602 rows
Parsed 109248/194602 rows
Parsed 109280/194602 rows
Parsed 109312/194602 rows
Parsed 109344/194602 rows
Parsed 109376/194602 rows
Parsed 109408/194602 rows
Parsed 109440/194602 rows
Parsed 109472/194602 rows
Parsed 109504/194602 rows
Parsed 109536/194602 rows
Parsed 109568/194602 rows
Parsed 109600/194602 rows
Parsed 109632/194602 rows
Parsed 109664/194602 rows
Parsed 109696/194602 rows
Parsed 109728/194602 rows
Parsed 109760/194602 rows
Parsed 109792/194602 rows
Parsed 109824/194602 rows
Parsed 109856/194602 rows
Parsed 109888/194602 rows
Parsed 109920/194602 rows
Parsed 109952/194602 rows
Parsed 109984/194602 rows
Parsed 110016/194602 rows
Parsed 110048/194602 rows
Parsed 110080/194602 rows
Parsed 110112/194602 rows
Parsed 110144/194602 rows
Parsed 110176/194602 rows
Parsed 110208/194602 rows
Parsed 110240/194602 rows
Parsed 110272/194602 rows
Parsed 110304/194602 rows
Parsed 110336/194602 rows
Parsed 110368/194602 rows
Parsed 110400/194602 rows
Parsed 110432/194602 rows
Parsed 110464/194602 rows
Parsed 110496/194602 rows
Parsed 110528/194602 rows
Parsed 110560/194602 rows
Parsed 110592/194602 rows
Parsed 110624/194602 rows
Parsed 110656/194602 rows
Parsed 110688/194602 rows
Parsed 110720/194602 rows
Parsed 110752/194602 rows
Parsed 110784/194602 rows
Parsed 110816/194602 rows
Parsed 110848/194602 rows
Parsed 110880/194602 rows
Parsed 110912/194602 rows
Parsed 110944/194602 rows
Parsed 110976/194602 rows
Parsed 111008/194602 rows
Parsed 111040/194602 rows
Parsed 111072/194602 rows
Parsed 111104/194602 rows
Parsed 111136/194602 rows
Parsed 111168/194602 rows
Parsed 111200/194602 rows
Parsed 111232/194602 rows
Parsed 111264/194602 rows
Parsed 111296/194602 rows
Parsed 111328/194602 rows
Parsed 111360/194602 rows
Parsed 111392/194602 rows
Parsed 111424/194602 rows
Parsed 111456/194602 rows
Parsed 111488/194602 rows
Parsed 111520/194602 rows
Parsed 111552/194602 rows
Parsed 111584/194602 rows
Parsed 111616/194602 rows
Parsed 111648/194602 rows
Parsed 111680/194602 rows
Parsed 111712/194602 rows
Parsed 111744/194602 rows
Parsed 111776/194602 rows
Parsed 111808/194602 rows
Parsed 111840/194602 rows
Parsed 111872/194602 rows
Parsed 111904/194602 rows
Parsed 111936/194602 rows
Parsed 111968/194602 rows
Parsed 112000/194602 rows
Parsed 112032/194602 rows
Parsed 112064/194602 rows
Parsed 112096/194602 rows
Parsed 112128/194602 rows
Parsed 112160/194602 rows
Parsed 112192/194602 rows
Parsed 112224/194602 rows
Parsed 112256/194602 rows
Parsed 112288/194602 rows
Parsed 112320/194602 rows
Parsed 112352/194602 rows
Parsed 112384/194602 rows
Parsed 112416/194602 rows
Parsed 112448/194602 rows
Parsed 112480/194602 rows
Parsed 112512/194602 rows
Parsed 112544/194602 rows
Parsed 112576/194602 rows
Parsed 112608/194602 rows
Parsed 112640/194602 rows
Parsed 112672/194602 rows
Parsed 112704/194602 rows
Parsed 112736/194602 rows
Parsed 112768/194602 rows
Parsed 112800/194602 rows
Parsed 112832/194602 rows
Parsed 112864/194602 rows
Parsed 112896/194602 rows
Parsed 112928/194602 rows
Parsed 112960/194602 rows
Parsed 112992/194602 rows
Parsed 113024/194602 rows
Parsed 113056/194602 rows
Parsed 113088/194602 rows
Parsed 113120/194602 rows
Parsed 113152/194602 rows
Parsed 113184/194602 rows
Parsed 113216/194602 rows
Parsed 113248/194602 rows
Parsed 113280/194602 rows
Parsed 113312/194602 rows
Parsed 113344/194602 rows
Parsed 113376/194602 rows
Parsed 113408/194602 rows
Parsed 113440/194602 rows
Parsed 113472/194602 rows
Parsed 113504/194602 rows
Parsed 113536/194602 rows
Parsed 113568/194602 rows
Parsed 113600/194602 rows
Parsed 113632/194602 rows
Parsed 113664/194602 rows
Parsed 113696/194602 rows
Parsed 113728/194602 rows
Parsed 113760/194602 rows
Parsed 113792/194602 rows
Parsed 113824/194602 rows
Parsed 113856/194602 rows
Parsed 113888/194602 rows
Parsed 113920/194602 rows
Parsed 113952/194602 rows
Parsed 113984/194602 rows
Parsed 114016/194602 rows
Parsed 114048/194602 rows
Parsed 114080/194602 rows
Parsed 114112/194602 rows
Parsed 114144/194602 rows
Parsed 114176/194602 rows
Parsed 114208/194602 rows
Parsed 114240/194602 rows
Parsed 114272/194602 rows
Parsed 114304/194602 rows
Parsed 114336/194602 rows
Parsed 114368/194602 rows
Parsed 114400/194602 rows
Parsed 114432/194602 rows
Parsed 114464/194602 rows
Parsed 114496/194602 rows
Parsed 114528/194602 rows
Parsed 114560/194602 rows
Parsed 114592/194602 rows
Parsed 114624/194602 rows
Parsed 114656/194602 rows
Parsed 114688/194602 rows
Parsed 114720/194602 rows
Parsed 114752/194602 rows
Parsed 114784/194602 rows
Parsed 114816/194602 rows
Parsed 114848/194602 rows
Parsed 114880/194602 rows
Parsed 114912/194602 rows
Parsed 114944/194602 rows
Parsed 114976/194602 rows
Parsed 115008/194602 rows
Parsed 115040/194602 rows
Parsed 115072/194602 rows
Parsed 115104/194602 rows
Parsed 115136/194602 rows
Parsed 115168/194602 rows
Parsed 115200/194602 rows
Parsed 115232/194602 rows
Parsed 115264/194602 rows
Parsed 115296/194602 rows
Parsed 115328/194602 rows
Parsed 115360/194602 rows
Parsed 115392/194602 rows
Parsed 115424/194602 rows
Parsed 115456/194602 rows
Parsed 115488/194602 rows
Parsed 115520/194602 rows
Parsed 115552/194602 rows
Parsed 115584/194602 rows
Parsed 115616/194602 rows
Parsed 115648/194602 rows
Parsed 115680/194602 rows
Parsed 115712/194602 rows
Parsed 115744/194602 rows
Parsed 115776/194602 rows
Parsed 115808/194602 rows
Parsed 115840/194602 rows
Parsed 115872/194602 rows
Parsed 115904/194602 rows
Parsed 115936/194602 rows
Parsed 115968/194602 rows
Parsed 116000/194602 rows
Parsed 116032/194602 rows
Parsed 116064/194602 rows
Parsed 116096/194602 rows
Parsed 116128/194602 rows
Parsed 116160/194602 rows
Parsed 116192/194602 rows
Parsed 116224/194602 rows
Parsed 116256/194602 rows
Parsed 116288/194602 rows
Parsed 116320/194602 rows
Parsed 116352/194602 rows
Parsed 116384/194602 rows
Parsed 116416/194602 rows
Parsed 116448/194602 rows
Parsed 116480/194602 rows
Parsed 116512/194602 rows
Parsed 116544/194602 rows
Parsed 116576/194602 rows
Parsed 116608/194602 rows
Parsed 116640/194602 rows
Parsed 116672/194602 rows
Parsed 116704/194602 rows
Parsed 116736/194602 rows
Parsed 116768/194602 rows
Parsed 116800/194602 rows
Parsed 116832/194602 rows
Parsed 116864/194602 rows
Parsed 116896/194602 rows
Parsed 116928/194602 rows
Parsed 116960/194602 rows
Parsed 116992/194602 rows
Parsed 117024/194602 rows
Parsed 117056/194602 rows
Parsed 117088/194602 rows
Parsed 117120/194602 rows
Parsed 117152/194602 rows
Parsed 117184/194602 rows
Parsed 117216/194602 rows
Parsed 117248/194602 rows
Parsed 117280/194602 rows
Parsed 117312/194602 rows
Parsed 117344/194602 rows
Parsed 117376/194602 rows
Parsed 117408/194602 rows
Parsed 117440/194602 rows
Parsed 117472/194602 rows
Parsed 117504/194602 rows
Parsed 117536/194602 rows
Parsed 117568/194602 rows
Parsed 117600/194602 rows
Parsed 117632/194602 rows
Parsed 117664/194602 rows
Parsed 117696/194602 rows
Parsed 117728/194602 rows
Parsed 117760/194602 rows
Parsed 117792/194602 rows
Parsed 117824/194602 rows
Parsed 117856/194602 rows
Parsed 117888/194602 rows
Parsed 117920/194602 rows
Parsed 117952/194602 rows
Parsed 117984/194602 rows
Parsed 118016/194602 rows
Parsed 118048/194602 rows
Parsed 118080/194602 rows
Parsed 118112/194602 rows
Parsed 118144/194602 rows
Parsed 118176/194602 rows
Parsed 118208/194602 rows
Parsed 118240/194602 rows
Parsed 118272/194602 rows
Parsed 118304/194602 rows
Parsed 118336/194602 rows
Parsed 118368/194602 rows
Parsed 118400/194602 rows
Parsed 118432/194602 rows
Parsed 118464/194602 rows
Parsed 118496/194602 rows
Parsed 118528/194602 rows
Parsed 118560/194602 rows
Parsed 118592/194602 rows
Parsed 118624/194602 rows
Parsed 118656/194602 rows
Parsed 118688/194602 rows
Parsed 118720/194602 rows
Parsed 118752/194602 rows
Parsed 118784/194602 rows
Parsed 118816/194602 rows
Parsed 118848/194602 rows
Parsed 118880/194602 rows
Parsed 118912/194602 rows
Parsed 118944/194602 rows
Parsed 118976/194602 rows
Parsed 119008/194602 rows
Parsed 119040/194602 rows
Parsed 119072/194602 rows
Parsed 119104/194602 rows
Parsed 119136/194602 rows
Parsed 119168/194602 rows
Parsed 119200/194602 rows
Parsed 119232/194602 rows
Parsed 119264/194602 rows
Parsed 119296/194602 rows
Parsed 119328/194602 rows
Parsed 119360/194602 rows
Parsed 119392/194602 rows
Parsed 119424/194602 rows
Parsed 119456/194602 rows
Parsed 119488/194602 rows
Parsed 119520/194602 rows
Parsed 119552/194602 rows
Parsed 119584/194602 rows
Parsed 119616/194602 rows
Parsed 119648/194602 rows
Parsed 119680/194602 rows
Parsed 119712/194602 rows
Parsed 119744/194602 rows
Parsed 119776/194602 rows
Parsed 119808/194602 rows
Parsed 119840/194602 rows
Parsed 119872/194602 rows
Parsed 119904/194602 rows
Parsed 119936/194602 rows
Parsed 119968/194602 rows
Parsed 120000/194602 rows
Parsed 120032/194602 rows
Parsed 120064/194602 rows
Parsed 120096/194602 rows
Parsed 120128/194602 rows
Parsed 120160/194602 rows
Parsed 120192/194602 rows
Parsed 120224/194602 rows
Parsed 120256/194602 rows
Parsed 120288/194602 rows
Parsed 120320/194602 rows
Parsed 120352/194602 rows
Parsed 120384/194602 rows
Parsed 120416/194602 rows
Parsed 120448/194602 rows
Parsed 120480/194602 rows
Parsed 120512/194602 rows
Parsed 120544/194602 rows
Parsed 120576/194602 rows
Parsed 120608/194602 rows
Parsed 120640/194602 rows
Parsed 120672/194602 rows
Parsed 120704/194602 rows
Parsed 120736/194602 rows
Parsed 120768/194602 rows
Parsed 120800/194602 rows
Parsed 120832/194602 rows
Parsed 120864/194602 rows
Parsed 120896/194602 rows
Parsed 120928/194602 rows
Parsed 120960/194602 rows
Parsed 120992/194602 rows
Parsed 121024/194602 rows
Parsed 121056/194602 rows
Parsed 121088/194602 rows
Parsed 121120/194602 rows
Parsed 121152/194602 rows
Parsed 121184/194602 rows
Parsed 121216/194602 rows
Parsed 121248/194602 rows
Parsed 121280/194602 rows
Parsed 121312/194602 rows
Parsed 121344/194602 rows
Parsed 121376/194602 rows
Parsed 121408/194602 rows
Parsed 121440/194602 rows
Parsed 121472/194602 rows
Parsed 121504/194602 rows
Parsed 121536/194602 rows
Parsed 121568/194602 rows
Parsed 121600/194602 rows
Parsed 121632/194602 rows
Parsed 121664/194602 rows
Parsed 121696/194602 rows
Parsed 121728/194602 rows
Parsed 121760/194602 rows
Parsed 121792/194602 rows
Parsed 121824/194602 rows
Parsed 121856/194602 rows
Parsed 121888/194602 rows
Parsed 121920/194602 rows
Parsed 121952/194602 rows
Parsed 121984/194602 rows
Parsed 122016/194602 rows
Parsed 122048/194602 rows
Parsed 122080/194602 rows
Parsed 122112/194602 rows
Parsed 122144/194602 rows
Parsed 122176/194602 rows
Parsed 122208/194602 rows
Parsed 122240/194602 rows
Parsed 122272/194602 rows
Parsed 122304/194602 rows
Parsed 122336/194602 rows
Parsed 122368/194602 rows
Parsed 122400/194602 rows
Parsed 122432/194602 rows
Parsed 122464/194602 rows
Parsed 122496/194602 rows
Parsed 122528/194602 rows
Parsed 122560/194602 rows
Parsed 122592/194602 rows
Parsed 122624/194602 rows
Parsed 122656/194602 rows
Parsed 122688/194602 rows
Parsed 122720/194602 rows
Parsed 122752/194602 rows
Parsed 122784/194602 rows
Parsed 122816/194602 rows
Parsed 122848/194602 rows
Parsed 122880/194602 rows
Parsed 122912/194602 rows
Parsed 122944/194602 rows
Parsed 122976/194602 rows
Parsed 123008/194602 rows
Parsed 123040/194602 rows
Parsed 123072/194602 rows
Parsed 123104/194602 rows
Parsed 123136/194602 rows
Parsed 123168/194602 rows
Parsed 123200/194602 rows
Parsed 123232/194602 rows
Parsed 123264/194602 rows
Parsed 123296/194602 rows
Parsed 123328/194602 rows
Parsed 123360/194602 rows
Parsed 123392/194602 rows
Parsed 123424/194602 rows
Parsed 123456/194602 rows
Parsed 123488/194602 rows
Parsed 123520/194602 rows
Parsed 123552/194602 rows
Parsed 123584/194602 rows
Parsed 123616/194602 rows
Parsed 123648/194602 rows
Parsed 123680/194602 rows
Parsed 123712/194602 rows
Parsed 123744/194602 rows
Parsed 123776/194602 rows
Parsed 123808/194602 rows
Parsed 123840/194602 rows
Parsed 123872/194602 rows
Parsed 123904/194602 rows
Parsed 123936/194602 rows
Parsed 123968/194602 rows
Parsed 124000/194602 rows
Parsed 124032/194602 rows
Parsed 124064/194602 rows
Parsed 124096/194602 rows
Parsed 124128/194602 rows
Parsed 124160/194602 rows
Parsed 124192/194602 rows
Parsed 124224/194602 rows
Parsed 124256/194602 rows
Parsed 124288/194602 rows
Parsed 124320/194602 rows
Parsed 124352/194602 rows
Parsed 124384/194602 rows
Parsed 124416/194602 rows
Parsed 124448/194602 rows
Parsed 124480/194602 rows
Parsed 124512/194602 rows
Parsed 124544/194602 rows
Parsed 124576/194602 rows
Parsed 124608/194602 rows
Parsed 124640/194602 rows
Parsed 124672/194602 rows
Parsed 124704/194602 rows
Parsed 124736/194602 rows
Parsed 124768/194602 rows
Parsed 124800/194602 rows
Parsed 124832/194602 rows
Parsed 124864/194602 rows
Parsed 124896/194602 rows
Parsed 124928/194602 rows
Parsed 124960/194602 rows
Parsed 124992/194602 rows
Parsed 125024/194602 rows
Parsed 125056/194602 rows
Parsed 125088/194602 rows
Parsed 125120/194602 rows
Parsed 125152/194602 rows
Parsed 125184/194602 rows
Parsed 125216/194602 rows
Parsed 125248/194602 rows
Parsed 125280/194602 rows
Parsed 125312/194602 rows
Parsed 125344/194602 rows
Parsed 125376/194602 rows
Parsed 125408/194602 rows
Parsed 125440/194602 rows
Parsed 125472/194602 rows
Parsed 125504/194602 rows
Parsed 125536/194602 rows
Parsed 125568/194602 rows
Parsed 125600/194602 rows
Parsed 125632/194602 rows
Parsed 125664/194602 rows
Parsed 125696/194602 rows
Parsed 125728/194602 rows
Parsed 125760/194602 rows
Parsed 125792/194602 rows
Parsed 125824/194602 rows
Parsed 125856/194602 rows
Parsed 125888/194602 rows
Parsed 125920/194602 rows
Parsed 125952/194602 rows
Parsed 125984/194602 rows
Parsed 126016/194602 rows
Parsed 126048/194602 rows
Parsed 126080/194602 rows
Parsed 126112/194602 rows
Parsed 126144/194602 rows
Parsed 126176/194602 rows
Parsed 126208/194602 rows
Parsed 126240/194602 rows
Parsed 126272/194602 rows
Parsed 126304/194602 rows
Parsed 126336/194602 rows
Parsed 126368/194602 rows
Parsed 126400/194602 rows
Parsed 126432/194602 rows
Parsed 126464/194602 rows
Parsed 126496/194602 rows
Parsed 126528/194602 rows
Parsed 126560/194602 rows
Parsed 126592/194602 rows
Parsed 126624/194602 rows
Parsed 126656/194602 rows
Parsed 126688/194602 rows
Parsed 126720/194602 rows
Parsed 126752/194602 rows
Parsed 126784/194602 rows
Parsed 126816/194602 rows
Parsed 126848/194602 rows
Parsed 126880/194602 rows
Parsed 126912/194602 rows
Parsed 126944/194602 rows
Parsed 126976/194602 rows
Parsed 127008/194602 rows
Parsed 127040/194602 rows
Parsed 127072/194602 rows
Parsed 127104/194602 rows
Parsed 127136/194602 rows
Parsed 127168/194602 rows
Parsed 127200/194602 rows
Parsed 127232/194602 rows
Parsed 127264/194602 rows
Parsed 127296/194602 rows
Parsed 127328/194602 rows
Parsed 127360/194602 rows
Parsed 127392/194602 rows
Parsed 127424/194602 rows
Parsed 127456/194602 rows
Parsed 127488/194602 rows
Parsed 127520/194602 rows
Parsed 127552/194602 rows
Parsed 127584/194602 rows
Parsed 127616/194602 rows
Parsed 127648/194602 rows
Parsed 127680/194602 rows
Parsed 127712/194602 rows
Parsed 127744/194602 rows
Parsed 127776/194602 rows
Parsed 127808/194602 rows
Parsed 127840/194602 rows
Parsed 127872/194602 rows
Parsed 127904/194602 rows
Parsed 127936/194602 rows
Parsed 127968/194602 rows
Parsed 128000/194602 rows
Parsed 128032/194602 rows
Parsed 128064/194602 rows
Parsed 128096/194602 rows
Parsed 128128/194602 rows
Parsed 128160/194602 rows
Parsed 128192/194602 rows
Parsed 128224/194602 rows
Parsed 128256/194602 rows
Parsed 128288/194602 rows
Parsed 128320/194602 rows
Parsed 128352/194602 rows
Parsed 128384/194602 rows
Parsed 128416/194602 rows
Parsed 128448/194602 rows
Parsed 128480/194602 rows
Parsed 128512/194602 rows
Parsed 128544/194602 rows
Parsed 128576/194602 rows
Parsed 128608/194602 rows
Parsed 128640/194602 rows
Parsed 128672/194602 rows
Parsed 128704/194602 rows
Parsed 128736/194602 rows
Parsed 128768/194602 rows
Parsed 128800/194602 rows
Parsed 128832/194602 rows
Parsed 128864/194602 rows
Parsed 128896/194602 rows
Parsed 128928/194602 rows
Parsed 128960/194602 rows
Parsed 128992/194602 rows
Parsed 129024/194602 rows
Parsed 129056/194602 rows
Parsed 129088/194602 rows
Parsed 129120/194602 rows
Parsed 129152/194602 rows
Parsed 129184/194602 rows
Parsed 129216/194602 rows
Parsed 129248/194602 rows
Parsed 129280/194602 rows
Parsed 129312/194602 rows
Parsed 129344/194602 rows
Parsed 129376/194602 rows
Parsed 129408/194602 rows
Parsed 129440/194602 rows
Parsed 129472/194602 rows
Parsed 129504/194602 rows
Parsed 129536/194602 rows
Parsed 129568/194602 rows
Parsed 129600/194602 rows
Parsed 129632/194602 rows
Parsed 129664/194602 rows
Parsed 129696/194602 rows
Parsed 129728/194602 rows
Parsed 129760/194602 rows
Parsed 129792/194602 rows
Parsed 129824/194602 rows
Parsed 129856/194602 rows
Parsed 129888/194602 rows
Parsed 129920/194602 rows
Parsed 129952/194602 rows
Parsed 129984/194602 rows
Parsed 130016/194602 rows
Parsed 130048/194602 rows
Parsed 130080/194602 rows
Parsed 130112/194602 rows
Parsed 130144/194602 rows
Parsed 130176/194602 rows
Parsed 130208/194602 rows
Parsed 130240/194602 rows
Parsed 130272/194602 rows
Parsed 130304/194602 rows
Parsed 130336/194602 rows
Parsed 130368/194602 rows
Parsed 130400/194602 rows
Parsed 130432/194602 rows
Parsed 130464/194602 rows
Parsed 130496/194602 rows
Parsed 130528/194602 rows
Parsed 130560/194602 rows
Parsed 130592/194602 rows
Parsed 130624/194602 rows
Parsed 130656/194602 rows
Parsed 130688/194602 rows
Parsed 130720/194602 rows
Parsed 130752/194602 rows
Parsed 130784/194602 rows
Parsed 130816/194602 rows
Parsed 130848/194602 rows
Parsed 130880/194602 rows
Parsed 130912/194602 rows
Parsed 130944/194602 rows
Parsed 130976/194602 rows
Parsed 131008/194602 rows
Parsed 131040/194602 rows
Parsed 131072/194602 rows
Parsed 131104/194602 rows
Parsed 131136/194602 rows
Parsed 131168/194602 rows
Parsed 131200/194602 rows
Parsed 131232/194602 rows
Parsed 131264/194602 rows
Parsed 131296/194602 rows
Parsed 131328/194602 rows
Parsed 131360/194602 rows
Parsed 131392/194602 rows
Parsed 131424/194602 rows
Parsed 131456/194602 rows
Parsed 131488/194602 rows
Parsed 131520/194602 rows
Parsed 131552/194602 rows
Parsed 131584/194602 rows
Parsed 131616/194602 rows
Parsed 131648/194602 rows
Parsed 131680/194602 rows
Parsed 131712/194602 rows
Parsed 131744/194602 rows
Parsed 131776/194602 rows
Parsed 131808/194602 rows
Parsed 131840/194602 rows
Parsed 131872/194602 rows
Parsed 131904/194602 rows
Parsed 131936/194602 rows
Parsed 131968/194602 rows
Parsed 132000/194602 rows
Parsed 132032/194602 rows
Parsed 132064/194602 rows
Parsed 132096/194602 rows
Parsed 132128/194602 rows
Parsed 132160/194602 rows
Parsed 132192/194602 rows
Parsed 132224/194602 rows
Parsed 132256/194602 rows
Parsed 132288/194602 rows
Parsed 132320/194602 rows
Parsed 132352/194602 rows
Parsed 132384/194602 rows
Parsed 132416/194602 rows
Parsed 132448/194602 rows
Parsed 132480/194602 rows
Parsed 132512/194602 rows
Parsed 132544/194602 rows
Parsed 132576/194602 rows
Parsed 132608/194602 rows
Parsed 132640/194602 rows
Parsed 132672/194602 rows
Parsed 132704/194602 rows
Parsed 132736/194602 rows
Parsed 132768/194602 rows
Parsed 132800/194602 rows
Parsed 132832/194602 rows
Parsed 132864/194602 rows
Parsed 132896/194602 rows
Parsed 132928/194602 rows
Parsed 132960/194602 rows
Parsed 132992/194602 rows
Parsed 133024/194602 rows
Parsed 133056/194602 rows
Parsed 133088/194602 rows
Parsed 133120/194602 rows
Parsed 133152/194602 rows
Parsed 133184/194602 rows
Parsed 133216/194602 rows
Parsed 133248/194602 rows
Parsed 133280/194602 rows
Parsed 133312/194602 rows
Parsed 133344/194602 rows
Parsed 133376/194602 rows
Parsed 133408/194602 rows
Parsed 133440/194602 rows
Parsed 133472/194602 rows
Parsed 133504/194602 rows
Parsed 133536/194602 rows
Parsed 133568/194602 rows
Parsed 133600/194602 rows
Parsed 133632/194602 rows
Parsed 133664/194602 rows
Parsed 133696/194602 rows
Parsed 133728/194602 rows
Parsed 133760/194602 rows
Parsed 133792/194602 rows
Parsed 133824/194602 rows
Parsed 133856/194602 rows
Parsed 133888/194602 rows
Parsed 133920/194602 rows
Parsed 133952/194602 rows
Parsed 133984/194602 rows
Parsed 134016/194602 rows
Parsed 134048/194602 rows
Parsed 134080/194602 rows
Parsed 134112/194602 rows
Parsed 134144/194602 rows
Parsed 134176/194602 rows
Parsed 134208/194602 rows
Parsed 134240/194602 rows
Parsed 134272/194602 rows
Parsed 134304/194602 rows
Parsed 134336/194602 rows
Parsed 134368/194602 rows
Parsed 134400/194602 rows
Parsed 134432/194602 rows
Parsed 134464/194602 rows
Parsed 134496/194602 rows
Parsed 134528/194602 rows
Parsed 134560/194602 rows
Parsed 134592/194602 rows
Parsed 134624/194602 rows
Parsed 134656/194602 rows
Parsed 134688/194602 rows
Parsed 134720/194602 rows
Parsed 134752/194602 rows
Parsed 134784/194602 rows
Parsed 134816/194602 rows
Parsed 134848/194602 rows
Parsed 134880/194602 rows
Parsed 134912/194602 rows
Parsed 134944/194602 rows
Parsed 134976/194602 rows
Parsed 135008/194602 rows
Parsed 135040/194602 rows
Parsed 135072/194602 rows
Parsed 135104/194602 rows
Parsed 135136/194602 rows
Parsed 135168/194602 rows
Parsed 135200/194602 rows
Parsed 135232/194602 rows
Parsed 135264/194602 rows
Parsed 135296/194602 rows
Parsed 135328/194602 rows
Parsed 135360/194602 rows
Parsed 135392/194602 rows
Parsed 135424/194602 rows
Parsed 135456/194602 rows
Parsed 135488/194602 rows
Parsed 135520/194602 rows
Parsed 135552/194602 rows
Parsed 135584/194602 rows
Parsed 135616/194602 rows
Parsed 135648/194602 rows
Parsed 135680/194602 rows
Parsed 135712/194602 rows
Parsed 135744/194602 rows
Parsed 135776/194602 rows
Parsed 135808/194602 rows
Parsed 135840/194602 rows
Parsed 135872/194602 rows
Parsed 135904/194602 rows
Parsed 135936/194602 rows
Parsed 135968/194602 rows
Parsed 136000/194602 rows
Parsed 136032/194602 rows
Parsed 136064/194602 rows
Parsed 136096/194602 rows
Parsed 136128/194602 rows
Parsed 136160/194602 rows
Parsed 136192/194602 rows
Parsed 136224/194602 rows
Parsed 136256/194602 rows
Parsed 136288/194602 rows
Parsed 136320/194602 rows
Parsed 136352/194602 rows
Parsed 136384/194602 rows
Parsed 136416/194602 rows
Parsed 136448/194602 rows
Parsed 136480/194602 rows
Parsed 136512/194602 rows
Parsed 136544/194602 rows
Parsed 136576/194602 rows
Parsed 136608/194602 rows
Parsed 136640/194602 rows
Parsed 136672/194602 rows
Parsed 136704/194602 rows
Parsed 136736/194602 rows
Parsed 136768/194602 rows
Parsed 136800/194602 rows
Parsed 136832/194602 rows
Parsed 136864/194602 rows
Parsed 136896/194602 rows
Parsed 136928/194602 rows
Parsed 136960/194602 rows
Parsed 136992/194602 rows
Parsed 137024/194602 rows
Parsed 137056/194602 rows
Parsed 137088/194602 rows
Parsed 137120/194602 rows
Parsed 137152/194602 rows
Parsed 137184/194602 rows
Parsed 137216/194602 rows
Parsed 137248/194602 rows
Parsed 137280/194602 rows
Parsed 137312/194602 rows
Parsed 137344/194602 rows
Parsed 137376/194602 rows
Parsed 137408/194602 rows
Parsed 137440/194602 rows
Parsed 137472/194602 rows
Parsed 137504/194602 rows
Parsed 137536/194602 rows
Parsed 137568/194602 rows
Parsed 137600/194602 rows
Parsed 137632/194602 rows
Parsed 137664/194602 rows
Parsed 137696/194602 rows
Parsed 137728/194602 rows
Parsed 137760/194602 rows
Parsed 137792/194602 rows
Parsed 137824/194602 rows
Parsed 137856/194602 rows
Parsed 137888/194602 rows
Parsed 137920/194602 rows
Parsed 137952/194602 rows
Parsed 137984/194602 rows
Parsed 138016/194602 rows
Parsed 138048/194602 rows
Parsed 138080/194602 rows
Parsed 138112/194602 rows
Parsed 138144/194602 rows
Parsed 138176/194602 rows
Parsed 138208/194602 rows
Parsed 138240/194602 rows
Parsed 138272/194602 rows
Parsed 138304/194602 rows
Parsed 138336/194602 rows
Parsed 138368/194602 rows
Parsed 138400/194602 rows
Parsed 138432/194602 rows
Parsed 138464/194602 rows
Parsed 138496/194602 rows
Parsed 138528/194602 rows
Parsed 138560/194602 rows
Parsed 138592/194602 rows
Parsed 138624/194602 rows
Parsed 138656/194602 rows
Parsed 138688/194602 rows
Parsed 138720/194602 rows
Parsed 138752/194602 rows
Parsed 138784/194602 rows
Parsed 138816/194602 rows
Parsed 138848/194602 rows
Parsed 138880/194602 rows
Parsed 138912/194602 rows
Parsed 138944/194602 rows
Parsed 138976/194602 rows
Parsed 139008/194602 rows
Parsed 139040/194602 rows
Parsed 139072/194602 rows
Parsed 139104/194602 rows
Parsed 139136/194602 rows
Parsed 139168/194602 rows
Parsed 139200/194602 rows
Parsed 139232/194602 rows
Parsed 139264/194602 rows
Parsed 139296/194602 rows
Parsed 139328/194602 rows
Parsed 139360/194602 rows
Parsed 139392/194602 rows
Parsed 139424/194602 rows
Parsed 139456/194602 rows
Parsed 139488/194602 rows
Parsed 139520/194602 rows
Parsed 139552/194602 rows
Parsed 139584/194602 rows
Parsed 139616/194602 rows
Parsed 139648/194602 rows
Parsed 139680/194602 rows
Parsed 139712/194602 rows
Parsed 139744/194602 rows
Parsed 139776/194602 rows
Parsed 139808/194602 rows
Parsed 139840/194602 rows
Parsed 139872/194602 rows
Parsed 139904/194602 rows
Parsed 139936/194602 rows
Parsed 139968/194602 rows
Parsed 140000/194602 rows
Parsed 140032/194602 rows
Parsed 140064/194602 rows
Parsed 140096/194602 rows
Parsed 140128/194602 rows
Parsed 140160/194602 rows
Parsed 140192/194602 rows
Parsed 140224/194602 rows
Parsed 140256/194602 rows
Parsed 140288/194602 rows
Parsed 140320/194602 rows
Parsed 140352/194602 rows
Parsed 140384/194602 rows
Parsed 140416/194602 rows
Parsed 140448/194602 rows
Parsed 140480/194602 rows
Parsed 140512/194602 rows
Parsed 140544/194602 rows
Parsed 140576/194602 rows
Parsed 140608/194602 rows
Parsed 140640/194602 rows
Parsed 140672/194602 rows
Parsed 140704/194602 rows
Parsed 140736/194602 rows
Parsed 140768/194602 rows
Parsed 140800/194602 rows
Parsed 140832/194602 rows
Parsed 140864/194602 rows
Parsed 140896/194602 rows
Parsed 140928/194602 rows
Parsed 140960/194602 rows
Parsed 140992/194602 rows
Parsed 141024/194602 rows
Parsed 141056/194602 rows
Parsed 141088/194602 rows
Parsed 141120/194602 rows
Parsed 141152/194602 rows
Parsed 141184/194602 rows
Parsed 141216/194602 rows
Parsed 141248/194602 rows
Parsed 141280/194602 rows
Parsed 141312/194602 rows
Parsed 141344/194602 rows
Parsed 141376/194602 rows
Parsed 141408/194602 rows
Parsed 141440/194602 rows
Parsed 141472/194602 rows
Parsed 141504/194602 rows
Parsed 141536/194602 rows
Parsed 141568/194602 rows
Parsed 141600/194602 rows
Parsed 141632/194602 rows
Parsed 141664/194602 rows
Parsed 141696/194602 rows
Parsed 141728/194602 rows
Parsed 141760/194602 rows
Parsed 141792/194602 rows
Parsed 141824/194602 rows
Parsed 141856/194602 rows
Parsed 141888/194602 rows
Parsed 141920/194602 rows
Parsed 141952/194602 rows
Parsed 141984/194602 rows
Parsed 142016/194602 rows
Parsed 142048/194602 rows
Parsed 142080/194602 rows
Parsed 142112/194602 rows
Parsed 142144/194602 rows
Parsed 142176/194602 rows
Parsed 142208/194602 rows
Parsed 142240/194602 rows
Parsed 142272/194602 rows
Parsed 142304/194602 rows
Parsed 142336/194602 rows
Parsed 142368/194602 rows
Parsed 142400/194602 rows
Parsed 142432/194602 rows
Parsed 142464/194602 rows
Parsed 142496/194602 rows
Parsed 142528/194602 rows
Parsed 142560/194602 rows
Parsed 142592/194602 rows
Parsed 142624/194602 rows
Parsed 142656/194602 rows
Parsed 142688/194602 rows
Parsed 142720/194602 rows
Parsed 142752/194602 rows
Parsed 142784/194602 rows
Parsed 142816/194602 rows
Parsed 142848/194602 rows
Parsed 142880/194602 rows
Parsed 142912/194602 rows
Parsed 142944/194602 rows
Parsed 142976/194602 rows
Parsed 143008/194602 rows
Parsed 143040/194602 rows
Parsed 143072/194602 rows
Parsed 143104/194602 rows
Parsed 143136/194602 rows
Parsed 143168/194602 rows
Parsed 143200/194602 rows
Parsed 143232/194602 rows
Parsed 143264/194602 rows
Parsed 143296/194602 rows
Parsed 143328/194602 rows
Parsed 143360/194602 rows
Parsed 143392/194602 rows
Parsed 143424/194602 rows
Parsed 143456/194602 rows
Parsed 143488/194602 rows
Parsed 143520/194602 rows
Parsed 143552/194602 rows
Parsed 143584/194602 rows
Parsed 143616/194602 rows
Parsed 143648/194602 rows
Parsed 143680/194602 rows
Parsed 143712/194602 rows
Parsed 143744/194602 rows
Parsed 143776/194602 rows
Parsed 143808/194602 rows
Parsed 143840/194602 rows
Parsed 143872/194602 rows
Parsed 143904/194602 rows
Parsed 143936/194602 rows
Parsed 143968/194602 rows
Parsed 144000/194602 rows
Parsed 144032/194602 rows
Parsed 144064/194602 rows
Parsed 144096/194602 rows
Parsed 144128/194602 rows
Parsed 144160/194602 rows
Parsed 144192/194602 rows
Parsed 144224/194602 rows
Parsed 144256/194602 rows
Parsed 144288/194602 rows
Parsed 144320/194602 rows
Parsed 144352/194602 rows
Parsed 144384/194602 rows
Parsed 144416/194602 rows
Parsed 144448/194602 rows
Parsed 144480/194602 rows
Parsed 144512/194602 rows
Parsed 144544/194602 rows
Parsed 144576/194602 rows
Parsed 144608/194602 rows
Parsed 144640/194602 rows
Parsed 144672/194602 rows
Parsed 144704/194602 rows
Parsed 144736/194602 rows
Parsed 144768/194602 rows
Parsed 144800/194602 rows
Parsed 144832/194602 rows
Parsed 144864/194602 rows
Parsed 144896/194602 rows
Parsed 144928/194602 rows
Parsed 144960/194602 rows
Parsed 144992/194602 rows
Parsed 145024/194602 rows
Parsed 145056/194602 rows
Parsed 145088/194602 rows
Parsed 145120/194602 rows
Parsed 145152/194602 rows
Parsed 145184/194602 rows
Parsed 145216/194602 rows
Parsed 145248/194602 rows
Parsed 145280/194602 rows
Parsed 145312/194602 rows
Parsed 145344/194602 rows
Parsed 145376/194602 rows
Parsed 145408/194602 rows
Parsed 145440/194602 rows
Parsed 145472/194602 rows
Parsed 145504/194602 rows
Parsed 145536/194602 rows
Parsed 145568/194602 rows
Parsed 145600/194602 rows
Parsed 145632/194602 rows
Parsed 145664/194602 rows
Parsed 145696/194602 rows
Parsed 145728/194602 rows
Parsed 145760/194602 rows
Parsed 145792/194602 rows
Parsed 145824/194602 rows
Parsed 145856/194602 rows
Parsed 145888/194602 rows
Parsed 145920/194602 rows
Parsed 145952/194602 rows
Parsed 145984/194602 rows
Parsed 146016/194602 rows
Parsed 146048/194602 rows
Parsed 146080/194602 rows
Parsed 146112/194602 rows
Parsed 146144/194602 rows
Parsed 146176/194602 rows
Parsed 146208/194602 rows
Parsed 146240/194602 rows
Parsed 146272/194602 rows
Parsed 146304/194602 rows
Parsed 146336/194602 rows
Parsed 146368/194602 rows
Parsed 146400/194602 rows
Parsed 146432/194602 rows
Parsed 146464/194602 rows
Parsed 146496/194602 rows
Parsed 146528/194602 rows
Parsed 146560/194602 rows
Parsed 146592/194602 rows
Parsed 146624/194602 rows
Parsed 146656/194602 rows
Parsed 146688/194602 rows
Parsed 146720/194602 rows
Parsed 146752/194602 rows
Parsed 146784/194602 rows
Parsed 146816/194602 rows
Parsed 146848/194602 rows
Parsed 146880/194602 rows
Parsed 146912/194602 rows
Parsed 146944/194602 rows
Parsed 146976/194602 rows
Parsed 147008/194602 rows
Parsed 147040/194602 rows
Parsed 147072/194602 rows
Parsed 147104/194602 rows
Parsed 147136/194602 rows
Parsed 147168/194602 rows
Parsed 147200/194602 rows
Parsed 147232/194602 rows
Parsed 147264/194602 rows
Parsed 147296/194602 rows
Parsed 147328/194602 rows
Parsed 147360/194602 rows
Parsed 147392/194602 rows
Parsed 147424/194602 rows
Parsed 147456/194602 rows
Parsed 147488/194602 rows
Parsed 147520/194602 rows
Parsed 147552/194602 rows
Parsed 147584/194602 rows
Parsed 147616/194602 rows
Parsed 147648/194602 rows
Parsed 147680/194602 rows
Parsed 147712/194602 rows
Parsed 147744/194602 rows
Parsed 147776/194602 rows
Parsed 147808/194602 rows
Parsed 147840/194602 rows
Parsed 147872/194602 rows
Parsed 147904/194602 rows
Parsed 147936/194602 rows
Parsed 147968/194602 rows
Parsed 148000/194602 rows
Parsed 148032/194602 rows
Parsed 148064/194602 rows
Parsed 148096/194602 rows
Parsed 148128/194602 rows
Parsed 148160/194602 rows
Parsed 148192/194602 rows
Parsed 148224/194602 rows
Parsed 148256/194602 rows
Parsed 148288/194602 rows
Parsed 148320/194602 rows
Parsed 148352/194602 rows
Parsed 148384/194602 rows
Parsed 148416/194602 rows
Parsed 148448/194602 rows
Parsed 148480/194602 rows
Parsed 148512/194602 rows
Parsed 148544/194602 rows
Parsed 148576/194602 rows
Parsed 148608/194602 rows
Parsed 148640/194602 rows
Parsed 148672/194602 rows
Parsed 148704/194602 rows
Parsed 148736/194602 rows
Parsed 148768/194602 rows
Parsed 148800/194602 rows
Parsed 148832/194602 rows
Parsed 148864/194602 rows
Parsed 148896/194602 rows
Parsed 148928/194602 rows
Parsed 148960/194602 rows
Parsed 148992/194602 rows
Parsed 149024/194602 rows
Parsed 149056/194602 rows
Parsed 149088/194602 rows
Parsed 149120/194602 rows
Parsed 149152/194602 rows
Parsed 149184/194602 rows
Parsed 149216/194602 rows
Parsed 149248/194602 rows
Parsed 149280/194602 rows
Parsed 149312/194602 rows
Parsed 149344/194602 rows
Parsed 149376/194602 rows
Parsed 149408/194602 rows
Parsed 149440/194602 rows
Parsed 149472/194602 rows
Parsed 149504/194602 rows
Parsed 149536/194602 rows
Parsed 149568/194602 rows
Parsed 149600/194602 rows
Parsed 149632/194602 rows
Parsed 149664/194602 rows
Parsed 149696/194602 rows
Parsed 149728/194602 rows
Parsed 149760/194602 rows
Parsed 149792/194602 rows
Parsed 149824/194602 rows
Parsed 149856/194602 rows
Parsed 149888/194602 rows
Parsed 149920/194602 rows
Parsed 149952/194602 rows
Parsed 149984/194602 rows
Parsed 150016/194602 rows
Parsed 150048/194602 rows
Parsed 150080/194602 rows
Parsed 150112/194602 rows
Parsed 150144/194602 rows
Parsed 150176/194602 rows
Parsed 150208/194602 rows
Parsed 150240/194602 rows
Parsed 150272/194602 rows
Parsed 150304/194602 rows
Parsed 150336/194602 rows
Parsed 150368/194602 rows
Parsed 150400/194602 rows
Parsed 150432/194602 rows
Parsed 150464/194602 rows
Parsed 150496/194602 rows
Parsed 150528/194602 rows
Parsed 150560/194602 rows
Parsed 150592/194602 rows
Parsed 150624/194602 rows
Parsed 150656/194602 rows
Parsed 150688/194602 rows
Parsed 150720/194602 rows
Parsed 150752/194602 rows
Parsed 150784/194602 rows
Parsed 150816/194602 rows
Parsed 150848/194602 rows
Parsed 150880/194602 rows
Parsed 150912/194602 rows
Parsed 150944/194602 rows
Parsed 150976/194602 rows
Parsed 151008/194602 rows
Parsed 151040/194602 rows
Parsed 151072/194602 rows
Parsed 151104/194602 rows
Parsed 151136/194602 rows
Parsed 151168/194602 rows
Parsed 151200/194602 rows
Parsed 151232/194602 rows
Parsed 151264/194602 rows
Parsed 151296/194602 rows
Parsed 151328/194602 rows
Parsed 151360/194602 rows
Parsed 151392/194602 rows
Parsed 151424/194602 rows
Parsed 151456/194602 rows
Parsed 151488/194602 rows
Parsed 151520/194602 rows
Parsed 151552/194602 rows
Parsed 151584/194602 rows
Parsed 151616/194602 rows
Parsed 151648/194602 rows
Parsed 151680/194602 rows
Parsed 151712/194602 rows
Parsed 151744/194602 rows
Parsed 151776/194602 rows
Parsed 151808/194602 rows
Parsed 151840/194602 rows
Parsed 151872/194602 rows
Parsed 151904/194602 rows
Parsed 151936/194602 rows
Parsed 151968/194602 rows
Parsed 152000/194602 rows
Parsed 152032/194602 rows
Parsed 152064/194602 rows
Parsed 152096/194602 rows
Parsed 152128/194602 rows
Parsed 152160/194602 rows
Parsed 152192/194602 rows
Parsed 152224/194602 rows
Parsed 152256/194602 rows
Parsed 152288/194602 rows
Parsed 152320/194602 rows
Parsed 152352/194602 rows
Parsed 152384/194602 rows
Parsed 152416/194602 rows
Parsed 152448/194602 rows
Parsed 152480/194602 rows
Parsed 152512/194602 rows
Parsed 152544/194602 rows
Parsed 152576/194602 rows
Parsed 152608/194602 rows
Parsed 152640/194602 rows
Parsed 152672/194602 rows
Parsed 152704/194602 rows
Parsed 152736/194602 rows
Parsed 152768/194602 rows
Parsed 152800/194602 rows
Parsed 152832/194602 rows
Parsed 152864/194602 rows
Parsed 152896/194602 rows
Parsed 152928/194602 rows
Parsed 152960/194602 rows
Parsed 152992/194602 rows
Parsed 153024/194602 rows
Parsed 153056/194602 rows
Parsed 153088/194602 rows
Parsed 153120/194602 rows
Parsed 153152/194602 rows
Parsed 153184/194602 rows
Parsed 153216/194602 rows
Parsed 153248/194602 rows
Parsed 153280/194602 rows
Parsed 153312/194602 rows
Parsed 153344/194602 rows
Parsed 153376/194602 rows
Parsed 153408/194602 rows
Parsed 153440/194602 rows
Parsed 153472/194602 rows
Parsed 153504/194602 rows
Parsed 153536/194602 rows
Parsed 153568/194602 rows
Parsed 153600/194602 rows
Parsed 153632/194602 rows
Parsed 153664/194602 rows
Parsed 153696/194602 rows
Parsed 153728/194602 rows
Parsed 153760/194602 rows
Parsed 153792/194602 rows
Parsed 153824/194602 rows
Parsed 153856/194602 rows
Parsed 153888/194602 rows
Parsed 153920/194602 rows
Parsed 153952/194602 rows
Parsed 153984/194602 rows
Parsed 154016/194602 rows
Parsed 154048/194602 rows
Parsed 154080/194602 rows
Parsed 154112/194602 rows
Parsed 154144/194602 rows
Parsed 154176/194602 rows
Parsed 154208/194602 rows
Parsed 154240/194602 rows
Parsed 154272/194602 rows
Parsed 154304/194602 rows
Parsed 154336/194602 rows
Parsed 154368/194602 rows
Parsed 154400/194602 rows
Parsed 154432/194602 rows
Parsed 154464/194602 rows
Parsed 154496/194602 rows
Parsed 154528/194602 rows
Parsed 154560/194602 rows
Parsed 154592/194602 rows
Parsed 154624/194602 rows
Parsed 154656/194602 rows
Parsed 154688/194602 rows
Parsed 154720/194602 rows
Parsed 154752/194602 rows
Parsed 154784/194602 rows
Parsed 154816/194602 rows
Parsed 154848/194602 rows
Parsed 154880/194602 rows
Parsed 154912/194602 rows
Parsed 154944/194602 rows
Parsed 154976/194602 rows
Parsed 155008/194602 rows
Parsed 155040/194602 rows
Parsed 155072/194602 rows
Parsed 155104/194602 rows
Parsed 155136/194602 rows
Parsed 155168/194602 rows
Parsed 155200/194602 rows
Parsed 155232/194602 rows
Parsed 155264/194602 rows
Parsed 155296/194602 rows
Parsed 155328/194602 rows
Parsed 155360/194602 rows
Parsed 155392/194602 rows
Parsed 155424/194602 rows
Parsed 155456/194602 rows
Parsed 155488/194602 rows
Parsed 155520/194602 rows
Parsed 155552/194602 rows
Parsed 155584/194602 rows
Parsed 155616/194602 rows
Parsed 155648/194602 rows
Parsed 155680/194602 rows
Parsed 155712/194602 rows
Parsed 155744/194602 rows
Parsed 155776/194602 rows
Parsed 155808/194602 rows
Parsed 155840/194602 rows
Parsed 155872/194602 rows
Parsed 155904/194602 rows
Parsed 155936/194602 rows
Parsed 155968/194602 rows
Parsed 156000/194602 rows
Parsed 156032/194602 rows
Parsed 156064/194602 rows
Parsed 156096/194602 rows
Parsed 156128/194602 rows
Parsed 156160/194602 rows
Parsed 156192/194602 rows
Parsed 156224/194602 rows
Parsed 156256/194602 rows
Parsed 156288/194602 rows
Parsed 156320/194602 rows
Parsed 156352/194602 rows
Parsed 156384/194602 rows
Parsed 156416/194602 rows
Parsed 156448/194602 rows
Parsed 156480/194602 rows
Parsed 156512/194602 rows
Parsed 156544/194602 rows
Parsed 156576/194602 rows
Parsed 156608/194602 rows
Parsed 156640/194602 rows
Parsed 156672/194602 rows
Parsed 156704/194602 rows
Parsed 156736/194602 rows
Parsed 156768/194602 rows
Parsed 156800/194602 rows
Parsed 156832/194602 rows
Parsed 156864/194602 rows
Parsed 156896/194602 rows
Parsed 156928/194602 rows
Parsed 156960/194602 rows
Parsed 156992/194602 rows
Parsed 157024/194602 rows
Parsed 157056/194602 rows
Parsed 157088/194602 rows
Parsed 157120/194602 rows
Parsed 157152/194602 rows
Parsed 157184/194602 rows
Parsed 157216/194602 rows
Parsed 157248/194602 rows
Parsed 157280/194602 rows
Parsed 157312/194602 rows
Parsed 157344/194602 rows
Parsed 157376/194602 rows
Parsed 157408/194602 rows
Parsed 157440/194602 rows
Parsed 157472/194602 rows
Parsed 157504/194602 rows
Parsed 157536/194602 rows
Parsed 157568/194602 rows
Parsed 157600/194602 rows
Parsed 157632/194602 rows
Parsed 157664/194602 rows
Parsed 157696/194602 rows
Parsed 157728/194602 rows
Parsed 157760/194602 rows
Parsed 157792/194602 rows
Parsed 157824/194602 rows
Parsed 157856/194602 rows
Parsed 157888/194602 rows
Parsed 157920/194602 rows
Parsed 157952/194602 rows
Parsed 157984/194602 rows
Parsed 158016/194602 rows
Parsed 158048/194602 rows
Parsed 158080/194602 rows
Parsed 158112/194602 rows
Parsed 158144/194602 rows
Parsed 158176/194602 rows
Parsed 158208/194602 rows
Parsed 158240/194602 rows
Parsed 158272/194602 rows
Parsed 158304/194602 rows
Parsed 158336/194602 rows
Parsed 158368/194602 rows
Parsed 158400/194602 rows
Parsed 158432/194602 rows
Parsed 158464/194602 rows
Parsed 158496/194602 rows
Parsed 158528/194602 rows
Parsed 158560/194602 rows
Parsed 158592/194602 rows
Parsed 158624/194602 rows
Parsed 158656/194602 rows
Parsed 158688/194602 rows
Parsed 158720/194602 rows
Parsed 158752/194602 rows
Parsed 158784/194602 rows
Parsed 158816/194602 rows
Parsed 158848/194602 rows
Parsed 158880/194602 rows
Parsed 158912/194602 rows
Parsed 158944/194602 rows
Parsed 158976/194602 rows
Parsed 159008/194602 rows
Parsed 159040/194602 rows
Parsed 159072/194602 rows
Parsed 159104/194602 rows
Parsed 159136/194602 rows
Parsed 159168/194602 rows
Parsed 159200/194602 rows
Parsed 159232/194602 rows
Parsed 159264/194602 rows
Parsed 159296/194602 rows
Parsed 159328/194602 rows
Parsed 159360/194602 rows
Parsed 159392/194602 rows
Parsed 159424/194602 rows
Parsed 159456/194602 rows
Parsed 159488/194602 rows
Parsed 159520/194602 rows
Parsed 159552/194602 rows
Parsed 159584/194602 rows
Parsed 159616/194602 rows
Parsed 159648/194602 rows
Parsed 159680/194602 rows
Parsed 159712/194602 rows
Parsed 159744/194602 rows
Parsed 159776/194602 rows
Parsed 159808/194602 rows
Parsed 159840/194602 rows
Parsed 159872/194602 rows
Parsed 159904/194602 rows
Parsed 159936/194602 rows
Parsed 159968/194602 rows
Parsed 160000/194602 rows
Parsed 160032/194602 rows
Parsed 160064/194602 rows
Parsed 160096/194602 rows
Parsed 160128/194602 rows
Parsed 160160/194602 rows
Parsed 160192/194602 rows
Parsed 160224/194602 rows
Parsed 160256/194602 rows
Parsed 160288/194602 rows
Parsed 160320/194602 rows
Parsed 160352/194602 rows
Parsed 160384/194602 rows
Parsed 160416/194602 rows
Parsed 160448/194602 rows
Parsed 160480/194602 rows
Parsed 160512/194602 rows
Parsed 160544/194602 rows
Parsed 160576/194602 rows
Parsed 160608/194602 rows
Parsed 160640/194602 rows
Parsed 160672/194602 rows
Parsed 160704/194602 rows
Parsed 160736/194602 rows
Parsed 160768/194602 rows
Parsed 160800/194602 rows
Parsed 160832/194602 rows
Parsed 160864/194602 rows
Parsed 160896/194602 rows
Parsed 160928/194602 rows
Parsed 160960/194602 rows
Parsed 160992/194602 rows
Parsed 161024/194602 rows
Parsed 161056/194602 rows
Parsed 161088/194602 rows
Parsed 161120/194602 rows
Parsed 161152/194602 rows
Parsed 161184/194602 rows
Parsed 161216/194602 rows
Parsed 161248/194602 rows
Parsed 161280/194602 rows
Parsed 161312/194602 rows
Parsed 161344/194602 rows
Parsed 161376/194602 rows
Parsed 161408/194602 rows
Parsed 161440/194602 rows
Parsed 161472/194602 rows
Parsed 161504/194602 rows
Parsed 161536/194602 rows
Parsed 161568/194602 rows
Parsed 161600/194602 rows
Parsed 161632/194602 rows
Parsed 161664/194602 rows
Parsed 161696/194602 rows
Parsed 161728/194602 rows
Parsed 161760/194602 rows
Parsed 161792/194602 rows
Parsed 161824/194602 rows
Parsed 161856/194602 rows
Parsed 161888/194602 rows
Parsed 161920/194602 rows
Parsed 161952/194602 rows
Parsed 161984/194602 rows
Parsed 162016/194602 rows
Parsed 162048/194602 rows
Parsed 162080/194602 rows
Parsed 162112/194602 rows
Parsed 162144/194602 rows
Parsed 162176/194602 rows
Parsed 162208/194602 rows
Parsed 162240/194602 rows
Parsed 162272/194602 rows
Parsed 162304/194602 rows
Parsed 162336/194602 rows
Parsed 162368/194602 rows
Parsed 162400/194602 rows
Parsed 162432/194602 rows
Parsed 162464/194602 rows
Parsed 162496/194602 rows
Parsed 162528/194602 rows
Parsed 162560/194602 rows
Parsed 162592/194602 rows
Parsed 162624/194602 rows
Parsed 162656/194602 rows
Parsed 162688/194602 rows
Parsed 162720/194602 rows
Parsed 162752/194602 rows
Parsed 162784/194602 rows
Parsed 162816/194602 rows
Parsed 162848/194602 rows
Parsed 162880/194602 rows
Parsed 162912/194602 rows
Parsed 162944/194602 rows
Parsed 162976/194602 rows
Parsed 163008/194602 rows
Parsed 163040/194602 rows
Parsed 163072/194602 rows
Parsed 163104/194602 rows
Parsed 163136/194602 rows
Parsed 163168/194602 rows
Parsed 163200/194602 rows
Parsed 163232/194602 rows
Parsed 163264/194602 rows
Parsed 163296/194602 rows
Parsed 163328/194602 rows
Parsed 163360/194602 rows
Parsed 163392/194602 rows
Parsed 163424/194602 rows
Parsed 163456/194602 rows
Parsed 163488/194602 rows
Parsed 163520/194602 rows
Parsed 163552/194602 rows
Parsed 163584/194602 rows
Parsed 163616/194602 rows
Parsed 163648/194602 rows
Parsed 163680/194602 rows
Parsed 163712/194602 rows
Parsed 163744/194602 rows
Parsed 163776/194602 rows
Parsed 163808/194602 rows
Parsed 163840/194602 rows
Parsed 163872/194602 rows
Parsed 163904/194602 rows
Parsed 163936/194602 rows
Parsed 163968/194602 rows
Parsed 164000/194602 rows
Parsed 164032/194602 rows
Parsed 164064/194602 rows
Parsed 164096/194602 rows
Parsed 164128/194602 rows
Parsed 164160/194602 rows
Parsed 164192/194602 rows
Parsed 164224/194602 rows
Parsed 164256/194602 rows
Parsed 164288/194602 rows
Parsed 164320/194602 rows
Parsed 164352/194602 rows
Parsed 164384/194602 rows
Parsed 164416/194602 rows
Parsed 164448/194602 rows
Parsed 164480/194602 rows
Parsed 164512/194602 rows
Parsed 164544/194602 rows
Parsed 164576/194602 rows
Parsed 164608/194602 rows
Parsed 164640/194602 rows
Parsed 164672/194602 rows
Parsed 164704/194602 rows
Parsed 164736/194602 rows
Parsed 164768/194602 rows
Parsed 164800/194602 rows
Parsed 164832/194602 rows
Parsed 164864/194602 rows
Parsed 164896/194602 rows
Parsed 164928/194602 rows
Parsed 164960/194602 rows
Parsed 164992/194602 rows
Parsed 165024/194602 rows
Parsed 165056/194602 rows
Parsed 165088/194602 rows
Parsed 165120/194602 rows
Parsed 165152/194602 rows
Parsed 165184/194602 rows
Parsed 165216/194602 rows
Parsed 165248/194602 rows
Parsed 165280/194602 rows
Parsed 165312/194602 rows
Parsed 165344/194602 rows
Parsed 165376/194602 rows
Parsed 165408/194602 rows
Parsed 165440/194602 rows
Parsed 165472/194602 rows
Parsed 165504/194602 rows
Parsed 165536/194602 rows
Parsed 165568/194602 rows
Parsed 165600/194602 rows
Parsed 165632/194602 rows
Parsed 165664/194602 rows
Parsed 165696/194602 rows
Parsed 165728/194602 rows
Parsed 165760/194602 rows
Parsed 165792/194602 rows
Parsed 165824/194602 rows
Parsed 165856/194602 rows
Parsed 165888/194602 rows
Parsed 165920/194602 rows
Parsed 165952/194602 rows
Parsed 165984/194602 rows
Parsed 166016/194602 rows
Parsed 166048/194602 rows
Parsed 166080/194602 rows
Parsed 166112/194602 rows
Parsed 166144/194602 rows
Parsed 166176/194602 rows
Parsed 166208/194602 rows
Parsed 166240/194602 rows
Parsed 166272/194602 rows
Parsed 166304/194602 rows
Parsed 166336/194602 rows
Parsed 166368/194602 rows
Parsed 166400/194602 rows
Parsed 166432/194602 rows
Parsed 166464/194602 rows
Parsed 166496/194602 rows
Parsed 166528/194602 rows
Parsed 166560/194602 rows
Parsed 166592/194602 rows
Parsed 166624/194602 rows
Parsed 166656/194602 rows
Parsed 166688/194602 rows
Parsed 166720/194602 rows
Parsed 166752/194602 rows
Parsed 166784/194602 rows
Parsed 166816/194602 rows
Parsed 166848/194602 rows
Parsed 166880/194602 rows
Parsed 166912/194602 rows
Parsed 166944/194602 rows
Parsed 166976/194602 rows
Parsed 167008/194602 rows
Parsed 167040/194602 rows
Parsed 167072/194602 rows
Parsed 167104/194602 rows
Parsed 167136/194602 rows
Parsed 167168/194602 rows
Parsed 167200/194602 rows
Parsed 167232/194602 rows
Parsed 167264/194602 rows
Parsed 167296/194602 rows
Parsed 167328/194602 rows
Parsed 167360/194602 rows
Parsed 167392/194602 rows
Parsed 167424/194602 rows
Parsed 167456/194602 rows
Parsed 167488/194602 rows
Parsed 167520/194602 rows
Parsed 167552/194602 rows
Parsed 167584/194602 rows
Parsed 167616/194602 rows
Parsed 167648/194602 rows
Parsed 167680/194602 rows
Parsed 167712/194602 rows
Parsed 167744/194602 rows
Parsed 167776/194602 rows
Parsed 167808/194602 rows
Parsed 167840/194602 rows
Parsed 167872/194602 rows
Parsed 167904/194602 rows
Parsed 167936/194602 rows
Parsed 167968/194602 rows
Parsed 168000/194602 rows
Parsed 168032/194602 rows
Parsed 168064/194602 rows
Parsed 168096/194602 rows
Parsed 168128/194602 rows
Parsed 168160/194602 rows
Parsed 168192/194602 rows
Parsed 168224/194602 rows
Parsed 168256/194602 rows
Parsed 168288/194602 rows
Parsed 168320/194602 rows
Parsed 168352/194602 rows
Parsed 168384/194602 rows
Parsed 168416/194602 rows
Parsed 168448/194602 rows
Parsed 168480/194602 rows
Parsed 168512/194602 rows
Parsed 168544/194602 rows
Parsed 168576/194602 rows
Parsed 168608/194602 rows
Parsed 168640/194602 rows
Parsed 168672/194602 rows
Parsed 168704/194602 rows
Parsed 168736/194602 rows
Parsed 168768/194602 rows
Parsed 168800/194602 rows
Parsed 168832/194602 rows
Parsed 168864/194602 rows
Parsed 168896/194602 rows
Parsed 168928/194602 rows
Parsed 168960/194602 rows
Parsed 168992/194602 rows
Parsed 169024/194602 rows
Parsed 169056/194602 rows
Parsed 169088/194602 rows
Parsed 169120/194602 rows
Parsed 169152/194602 rows
Parsed 169184/194602 rows
Parsed 169216/194602 rows
Parsed 169248/194602 rows
Parsed 169280/194602 rows
Parsed 169312/194602 rows
Parsed 169344/194602 rows
Parsed 169376/194602 rows
Parsed 169408/194602 rows
Parsed 169440/194602 rows
Parsed 169472/194602 rows
Parsed 169504/194602 rows
Parsed 169536/194602 rows
Parsed 169568/194602 rows
Parsed 169600/194602 rows
Parsed 169632/194602 rows
Parsed 169664/194602 rows
Parsed 169696/194602 rows
Parsed 169728/194602 rows
Parsed 169760/194602 rows
Parsed 169792/194602 rows
Parsed 169824/194602 rows
Parsed 169856/194602 rows
Parsed 169888/194602 rows
Parsed 169920/194602 rows
Parsed 169952/194602 rows
Parsed 169984/194602 rows
Parsed 170016/194602 rows
Parsed 170048/194602 rows
Parsed 170080/194602 rows
Parsed 170112/194602 rows
Parsed 170144/194602 rows
Parsed 170176/194602 rows
Parsed 170208/194602 rows
Parsed 170240/194602 rows
Parsed 170272/194602 rows
Parsed 170304/194602 rows
Parsed 170336/194602 rows
Parsed 170368/194602 rows
Parsed 170400/194602 rows
Parsed 170432/194602 rows
Parsed 170464/194602 rows
Parsed 170496/194602 rows
Parsed 170528/194602 rows
Parsed 170560/194602 rows
Parsed 170592/194602 rows
Parsed 170624/194602 rows
Parsed 170656/194602 rows
Parsed 170688/194602 rows
Parsed 170720/194602 rows
Parsed 170752/194602 rows
Parsed 170784/194602 rows
Parsed 170816/194602 rows
Parsed 170848/194602 rows
Parsed 170880/194602 rows
Parsed 170912/194602 rows
Parsed 170944/194602 rows
Parsed 170976/194602 rows
Parsed 171008/194602 rows
Parsed 171040/194602 rows
Parsed 171072/194602 rows
Parsed 171104/194602 rows
Parsed 171136/194602 rows
Parsed 171168/194602 rows
Parsed 171200/194602 rows
Parsed 171232/194602 rows
Parsed 171264/194602 rows
Parsed 171296/194602 rows
Parsed 171328/194602 rows
Parsed 171360/194602 rows
Parsed 171392/194602 rows
Parsed 171424/194602 rows
Parsed 171456/194602 rows
Parsed 171488/194602 rows
Parsed 171520/194602 rows
Parsed 171552/194602 rows
Parsed 171584/194602 rows
Parsed 171616/194602 rows
Parsed 171648/194602 rows
Parsed 171680/194602 rows
Parsed 171712/194602 rows
Parsed 171744/194602 rows
Parsed 171776/194602 rows
Parsed 171808/194602 rows
Parsed 171840/194602 rows
Parsed 171872/194602 rows
Parsed 171904/194602 rows
Parsed 171936/194602 rows
Parsed 171968/194602 rows
Parsed 172000/194602 rows
Parsed 172032/194602 rows
Parsed 172064/194602 rows
Parsed 172096/194602 rows
Parsed 172128/194602 rows
Parsed 172160/194602 rows
Parsed 172192/194602 rows
Parsed 172224/194602 rows
Parsed 172256/194602 rows
Parsed 172288/194602 rows
Parsed 172320/194602 rows
Parsed 172352/194602 rows
Parsed 172384/194602 rows
Parsed 172416/194602 rows
Parsed 172448/194602 rows
Parsed 172480/194602 rows
Parsed 172512/194602 rows
Parsed 172544/194602 rows
Parsed 172576/194602 rows
Parsed 172608/194602 rows
Parsed 172640/194602 rows
Parsed 172672/194602 rows
Parsed 172704/194602 rows
Parsed 172736/194602 rows
Parsed 172768/194602 rows
Parsed 172800/194602 rows
Parsed 172832/194602 rows
Parsed 172864/194602 rows
Parsed 172896/194602 rows
Parsed 172928/194602 rows
Parsed 172960/194602 rows
Parsed 172992/194602 rows
Parsed 173024/194602 rows
Parsed 173056/194602 rows
Parsed 173088/194602 rows
Parsed 173120/194602 rows
Parsed 173152/194602 rows
Parsed 173184/194602 rows
Parsed 173216/194602 rows
Parsed 173248/194602 rows
Parsed 173280/194602 rows
Parsed 173312/194602 rows
Parsed 173344/194602 rows
Parsed 173376/194602 rows
Parsed 173408/194602 rows
Parsed 173440/194602 rows
Parsed 173472/194602 rows
Parsed 173504/194602 rows
Parsed 173536/194602 rows
Parsed 173568/194602 rows
Parsed 173600/194602 rows
Parsed 173632/194602 rows
Parsed 173664/194602 rows
Parsed 173696/194602 rows
Parsed 173728/194602 rows
Parsed 173760/194602 rows
Parsed 173792/194602 rows
Parsed 173824/194602 rows
Parsed 173856/194602 rows
Parsed 173888/194602 rows
Parsed 173920/194602 rows
Parsed 173952/194602 rows
Parsed 173984/194602 rows
Parsed 174016/194602 rows
Parsed 174048/194602 rows
Parsed 174080/194602 rows
Parsed 174112/194602 rows
Parsed 174144/194602 rows
Parsed 174176/194602 rows
Parsed 174208/194602 rows
Parsed 174240/194602 rows
Parsed 174272/194602 rows
Parsed 174304/194602 rows
Parsed 174336/194602 rows
Parsed 174368/194602 rows
Parsed 174400/194602 rows
Parsed 174432/194602 rows
Parsed 174464/194602 rows
Parsed 174496/194602 rows
Parsed 174528/194602 rows
Parsed 174560/194602 rows
Parsed 174592/194602 rows
Parsed 174624/194602 rows
Parsed 174656/194602 rows
Parsed 174688/194602 rows
Parsed 174720/194602 rows
Parsed 174752/194602 rows
Parsed 174784/194602 rows
Parsed 174816/194602 rows
Parsed 174848/194602 rows
Parsed 174880/194602 rows
Parsed 174912/194602 rows
Parsed 174944/194602 rows
Parsed 174976/194602 rows
Parsed 175008/194602 rows
Parsed 175040/194602 rows
Parsed 175072/194602 rows
Parsed 175104/194602 rows
Parsed 175136/194602 rows
Parsed 175168/194602 rows
Parsed 175200/194602 rows
Parsed 175232/194602 rows
Parsed 175264/194602 rows
Parsed 175296/194602 rows
Parsed 175328/194602 rows
Parsed 175360/194602 rows
Parsed 175392/194602 rows
Parsed 175424/194602 rows
Parsed 175456/194602 rows
Parsed 175488/194602 rows
Parsed 175520/194602 rows
Parsed 175552/194602 rows
Parsed 175584/194602 rows
Parsed 175616/194602 rows
Parsed 175648/194602 rows
Parsed 175680/194602 rows
Parsed 175712/194602 rows
Parsed 175744/194602 rows
Parsed 175776/194602 rows
Parsed 175808/194602 rows
Parsed 175840/194602 rows
Parsed 175872/194602 rows
Parsed 175904/194602 rows
Parsed 175936/194602 rows
Parsed 175968/194602 rows
Parsed 176000/194602 rows
Parsed 176032/194602 rows
Parsed 176064/194602 rows
Parsed 176096/194602 rows
Parsed 176128/194602 rows
Parsed 176160/194602 rows
Parsed 176192/194602 rows
Parsed 176224/194602 rows
Parsed 176256/194602 rows
Parsed 176288/194602 rows
Parsed 176320/194602 rows
Parsed 176352/194602 rows
Parsed 176384/194602 rows
Parsed 176416/194602 rows
Parsed 176448/194602 rows
Parsed 176480/194602 rows
Parsed 176512/194602 rows
Parsed 176544/194602 rows
Parsed 176576/194602 rows
Parsed 176608/194602 rows
Parsed 176640/194602 rows
Parsed 176672/194602 rows
Parsed 176704/194602 rows
Parsed 176736/194602 rows
Parsed 176768/194602 rows
Parsed 176800/194602 rows
Parsed 176832/194602 rows
Parsed 176864/194602 rows
Parsed 176896/194602 rows
Parsed 176928/194602 rows
Parsed 176960/194602 rows
Parsed 176992/194602 rows
Parsed 177024/194602 rows
Parsed 177056/194602 rows
Parsed 177088/194602 rows
Parsed 177120/194602 rows
Parsed 177152/194602 rows
Parsed 177184/194602 rows
Parsed 177216/194602 rows
Parsed 177248/194602 rows
Parsed 177280/194602 rows
Parsed 177312/194602 rows
Parsed 177344/194602 rows
Parsed 177376/194602 rows
Parsed 177408/194602 rows
Parsed 177440/194602 rows
Parsed 177472/194602 rows
Parsed 177504/194602 rows
Parsed 177536/194602 rows
Parsed 177568/194602 rows
Parsed 177600/194602 rows
Parsed 177632/194602 rows
Parsed 177664/194602 rows
Parsed 177696/194602 rows
Parsed 177728/194602 rows
Parsed 177760/194602 rows
Parsed 177792/194602 rows
Parsed 177824/194602 rows
Parsed 177856/194602 rows
Parsed 177888/194602 rows
Parsed 177920/194602 rows
Parsed 177952/194602 rows
Parsed 177984/194602 rows
Parsed 178016/194602 rows
Parsed 178048/194602 rows
Parsed 178080/194602 rows
Parsed 178112/194602 rows
Parsed 178144/194602 rows
Parsed 178176/194602 rows
Parsed 178208/194602 rows
Parsed 178240/194602 rows
Parsed 178272/194602 rows
Parsed 178304/194602 rows
Parsed 178336/194602 rows
Parsed 178368/194602 rows
Parsed 178400/194602 rows
Parsed 178432/194602 rows
Parsed 178464/194602 rows
Parsed 178496/194602 rows
Parsed 178528/194602 rows
Parsed 178560/194602 rows
Parsed 178592/194602 rows
Parsed 178624/194602 rows
Parsed 178656/194602 rows
Parsed 178688/194602 rows
Parsed 178720/194602 rows
Parsed 178752/194602 rows
Parsed 178784/194602 rows
Parsed 178816/194602 rows
Parsed 178848/194602 rows
Parsed 178880/194602 rows
Parsed 178912/194602 rows
Parsed 178944/194602 rows
Parsed 178976/194602 rows
Parsed 179008/194602 rows
Parsed 179040/194602 rows
Parsed 179072/194602 rows
Parsed 179104/194602 rows
Parsed 179136/194602 rows
Parsed 179168/194602 rows
Parsed 179200/194602 rows
Parsed 179232/194602 rows
Parsed 179264/194602 rows
Parsed 179296/194602 rows
Parsed 179328/194602 rows
Parsed 179360/194602 rows
Parsed 179392/194602 rows
Parsed 179424/194602 rows
Parsed 179456/194602 rows
Parsed 179488/194602 rows
Parsed 179520/194602 rows
Parsed 179552/194602 rows
Parsed 179584/194602 rows
Parsed 179616/194602 rows
Parsed 179648/194602 rows
Parsed 179680/194602 rows
Parsed 179712/194602 rows
Parsed 179744/194602 rows
Parsed 179776/194602 rows
Parsed 179808/194602 rows
Parsed 179840/194602 rows
Parsed 179872/194602 rows
Parsed 179904/194602 rows
Parsed 179936/194602 rows
Parsed 179968/194602 rows
Parsed 180000/194602 rows
Parsed 180032/194602 rows
Parsed 180064/194602 rows
Parsed 180096/194602 rows
Parsed 180128/194602 rows
Parsed 180160/194602 rows
Parsed 180192/194602 rows
Parsed 180224/194602 rows
Parsed 180256/194602 rows
Parsed 180288/194602 rows
Parsed 180320/194602 rows
Parsed 180352/194602 rows
Parsed 180384/194602 rows
Parsed 180416/194602 rows
Parsed 180448/194602 rows
Parsed 180480/194602 rows
Parsed 180512/194602 rows
Parsed 180544/194602 rows
Parsed 180576/194602 rows
Parsed 180608/194602 rows
Parsed 180640/194602 rows
Parsed 180672/194602 rows
Parsed 180704/194602 rows
Parsed 180736/194602 rows
Parsed 180768/194602 rows
Parsed 180800/194602 rows
Parsed 180832/194602 rows
Parsed 180864/194602 rows
Parsed 180896/194602 rows
Parsed 180928/194602 rows
Parsed 180960/194602 rows
Parsed 180992/194602 rows
Parsed 181024/194602 rows
Parsed 181056/194602 rows
Parsed 181088/194602 rows
Parsed 181120/194602 rows
Parsed 181152/194602 rows
Parsed 181184/194602 rows
Parsed 181216/194602 rows
Parsed 181248/194602 rows
Parsed 181280/194602 rows
Parsed 181312/194602 rows
Parsed 181344/194602 rows
Parsed 181376/194602 rows
Parsed 181408/194602 rows
Parsed 181440/194602 rows
Parsed 181472/194602 rows
Parsed 181504/194602 rows
Parsed 181536/194602 rows
Parsed 181568/194602 rows
Parsed 181600/194602 rows
Parsed 181632/194602 rows
Parsed 181664/194602 rows
Parsed 181696/194602 rows
Parsed 181728/194602 rows
Parsed 181760/194602 rows
Parsed 181792/194602 rows
Parsed 181824/194602 rows
Parsed 181856/194602 rows
Parsed 181888/194602 rows
Parsed 181920/194602 rows
Parsed 181952/194602 rows
Parsed 181984/194602 rows
Parsed 182016/194602 rows
Parsed 182048/194602 rows
Parsed 182080/194602 rows
Parsed 182112/194602 rows
Parsed 182144/194602 rows
Parsed 182176/194602 rows
Parsed 182208/194602 rows
Parsed 182240/194602 rows
Parsed 182272/194602 rows
Parsed 182304/194602 rows
Parsed 182336/194602 rows
Parsed 182368/194602 rows
Parsed 182400/194602 rows
Parsed 182432/194602 rows
Parsed 182464/194602 rows
Parsed 182496/194602 rows
Parsed 182528/194602 rows
Parsed 182560/194602 rows
Parsed 182592/194602 rows
Parsed 182624/194602 rows
Parsed 182656/194602 rows
Parsed 182688/194602 rows
Parsed 182720/194602 rows
Parsed 182752/194602 rows
Parsed 182784/194602 rows
Parsed 182816/194602 rows
Parsed 182848/194602 rows
Parsed 182880/194602 rows
Parsed 182912/194602 rows
Parsed 182944/194602 rows
Parsed 182976/194602 rows
Parsed 183008/194602 rows
Parsed 183040/194602 rows
Parsed 183072/194602 rows
Parsed 183104/194602 rows
Parsed 183136/194602 rows
Parsed 183168/194602 rows
Parsed 183200/194602 rows
Parsed 183232/194602 rows
Parsed 183264/194602 rows
Parsed 183296/194602 rows
Parsed 183328/194602 rows
Parsed 183360/194602 rows
Parsed 183392/194602 rows
Parsed 183424/194602 rows
Parsed 183456/194602 rows
Parsed 183488/194602 rows
Parsed 183520/194602 rows
Parsed 183552/194602 rows
Parsed 183584/194602 rows
Parsed 183616/194602 rows
Parsed 183648/194602 rows
Parsed 183680/194602 rows
Parsed 183712/194602 rows
Parsed 183744/194602 rows
Parsed 183776/194602 rows
Parsed 183808/194602 rows
Parsed 183840/194602 rows
Parsed 183872/194602 rows
Parsed 183904/194602 rows
Parsed 183936/194602 rows
Parsed 183968/194602 rows
Parsed 184000/194602 rows
Parsed 184032/194602 rows
Parsed 184064/194602 rows
Parsed 184096/194602 rows
Parsed 184128/194602 rows
Parsed 184160/194602 rows
Parsed 184192/194602 rows
Parsed 184224/194602 rows
Parsed 184256/194602 rows
Parsed 184288/194602 rows
Parsed 184320/194602 rows
Parsed 184352/194602 rows
Parsed 184384/194602 rows
Parsed 184416/194602 rows
Parsed 184448/194602 rows
Parsed 184480/194602 rows
Parsed 184512/194602 rows
Parsed 184544/194602 rows
Parsed 184576/194602 rows
Parsed 184608/194602 rows
Parsed 184640/194602 rows
Parsed 184672/194602 rows
Parsed 184704/194602 rows
Parsed 184736/194602 rows
Parsed 184768/194602 rows
Parsed 184800/194602 rows
Parsed 184832/194602 rows
Parsed 184864/194602 rows
Parsed 184896/194602 rows
Parsed 184928/194602 rows
Parsed 184960/194602 rows
Parsed 184992/194602 rows
Parsed 185024/194602 rows
Parsed 185056/194602 rows
Parsed 185088/194602 rows
Parsed 185120/194602 rows
Parsed 185152/194602 rows
Parsed 185184/194602 rows
Parsed 185216/194602 rows
Parsed 185248/194602 rows
Parsed 185280/194602 rows
Parsed 185312/194602 rows
Parsed 185344/194602 rows
Parsed 185376/194602 rows
Parsed 185408/194602 rows
Parsed 185440/194602 rows
Parsed 185472/194602 rows
Parsed 185504/194602 rows
Parsed 185536/194602 rows
Parsed 185568/194602 rows
Parsed 185600/194602 rows
Parsed 185632/194602 rows
Parsed 185664/194602 rows
Parsed 185696/194602 rows
Parsed 185728/194602 rows
Parsed 185760/194602 rows
Parsed 185792/194602 rows
Parsed 185824/194602 rows
Parsed 185856/194602 rows
Parsed 185888/194602 rows
Parsed 185920/194602 rows
Parsed 185952/194602 rows
Parsed 185984/194602 rows
Parsed 186016/194602 rows
Parsed 186048/194602 rows
Parsed 186080/194602 rows
Parsed 186112/194602 rows
Parsed 186144/194602 rows
Parsed 186176/194602 rows
Parsed 186208/194602 rows
Parsed 186240/194602 rows
Parsed 186272/194602 rows
Parsed 186304/194602 rows
Parsed 186336/194602 rows
Parsed 186368/194602 rows
Parsed 186400/194602 rows
Parsed 186432/194602 rows
Parsed 186464/194602 rows
Parsed 186496/194602 rows
Parsed 186528/194602 rows
Parsed 186560/194602 rows
Parsed 186592/194602 rows
Parsed 186624/194602 rows
Parsed 186656/194602 rows
Parsed 186688/194602 rows
Parsed 186720/194602 rows
Parsed 186752/194602 rows
Parsed 186784/194602 rows
Parsed 186816/194602 rows
Parsed 186848/194602 rows
Parsed 186880/194602 rows
Parsed 186912/194602 rows
Parsed 186944/194602 rows
Parsed 186976/194602 rows
Parsed 187008/194602 rows
Parsed 187040/194602 rows
Parsed 187072/194602 rows
Parsed 187104/194602 rows
Parsed 187136/194602 rows
Parsed 187168/194602 rows
Parsed 187200/194602 rows
Parsed 187232/194602 rows
Parsed 187264/194602 rows
Parsed 187296/194602 rows
Parsed 187328/194602 rows
Parsed 187360/194602 rows
Parsed 187392/194602 rows
Parsed 187424/194602 rows
Parsed 187456/194602 rows
Parsed 187488/194602 rows
Parsed 187520/194602 rows
Parsed 187552/194602 rows
Parsed 187584/194602 rows
Parsed 187616/194602 rows
Parsed 187648/194602 rows
Parsed 187680/194602 rows
Parsed 187712/194602 rows
Parsed 187744/194602 rows
Parsed 187776/194602 rows
Parsed 187808/194602 rows
Parsed 187840/194602 rows
Parsed 187872/194602 rows
Parsed 187904/194602 rows
Parsed 187936/194602 rows
Parsed 187968/194602 rows
Parsed 188000/194602 rows
Parsed 188032/194602 rows
Parsed 188064/194602 rows
Parsed 188096/194602 rows
Parsed 188128/194602 rows
Parsed 188160/194602 rows
Parsed 188192/194602 rows
Parsed 188224/194602 rows
Parsed 188256/194602 rows
Parsed 188288/194602 rows
Parsed 188320/194602 rows
Parsed 188352/194602 rows
Parsed 188384/194602 rows
Parsed 188416/194602 rows
Parsed 188448/194602 rows
Parsed 188480/194602 rows
Parsed 188512/194602 rows
Parsed 188544/194602 rows
Parsed 188576/194602 rows
Parsed 188608/194602 rows
Parsed 188640/194602 rows
Parsed 188672/194602 rows
Parsed 188704/194602 rows
Parsed 188736/194602 rows
Parsed 188768/194602 rows
Parsed 188800/194602 rows
Parsed 188832/194602 rows
Parsed 188864/194602 rows
Parsed 188896/194602 rows
Parsed 188928/194602 rows
Parsed 188960/194602 rows
Parsed 188992/194602 rows
Parsed 189024/194602 rows
Parsed 189056/194602 rows
Parsed 189088/194602 rows
Parsed 189120/194602 rows
Parsed 189152/194602 rows
Parsed 189184/194602 rows
Parsed 189216/194602 rows
Parsed 189248/194602 rows
Parsed 189280/194602 rows
Parsed 189312/194602 rows
Parsed 189344/194602 rows
Parsed 189376/194602 rows
Parsed 189408/194602 rows
Parsed 189440/194602 rows
Parsed 189472/194602 rows
Parsed 189504/194602 rows
Parsed 189536/194602 rows
Parsed 189568/194602 rows
Parsed 189600/194602 rows
Parsed 189632/194602 rows
Parsed 189664/194602 rows
Parsed 189696/194602 rows
Parsed 189728/194602 rows
Parsed 189760/194602 rows
Parsed 189792/194602 rows
Parsed 189824/194602 rows
Parsed 189856/194602 rows
Parsed 189888/194602 rows
Parsed 189920/194602 rows
Parsed 189952/194602 rows
Parsed 189984/194602 rows
Parsed 190016/194602 rows
Parsed 190048/194602 rows
Parsed 190080/194602 rows
Parsed 190112/194602 rows
Parsed 190144/194602 rows
Parsed 190176/194602 rows
Parsed 190208/194602 rows
Parsed 190240/194602 rows
Parsed 190272/194602 rows
Parsed 190304/194602 rows
Parsed 190336/194602 rows
Parsed 190368/194602 rows
Parsed 190400/194602 rows
Parsed 190432/194602 rows
Parsed 190464/194602 rows
Parsed 190496/194602 rows
Parsed 190528/194602 rows
Parsed 190560/194602 rows
Parsed 190592/194602 rows
Parsed 190624/194602 rows
Parsed 190656/194602 rows
Parsed 190688/194602 rows
Parsed 190720/194602 rows
Parsed 190752/194602 rows
Parsed 190784/194602 rows
Parsed 190816/194602 rows
Parsed 190848/194602 rows
Parsed 190880/194602 rows
Parsed 190912/194602 rows
Parsed 190944/194602 rows
Parsed 190976/194602 rows
Parsed 191008/194602 rows
Parsed 191040/194602 rows
Parsed 191072/194602 rows
Parsed 191104/194602 rows
Parsed 191136/194602 rows
Parsed 191168/194602 rows
Parsed 191200/194602 rows
Parsed 191232/194602 rows
Parsed 191264/194602 rows
Parsed 191296/194602 rows
Parsed 191328/194602 rows
Parsed 191360/194602 rows
Parsed 191392/194602 rows
Parsed 191424/194602 rows
Parsed 191456/194602 rows
Parsed 191488/194602 rows
Parsed 191520/194602 rows
Parsed 191552/194602 rows
Parsed 191584/194602 rows
Parsed 191616/194602 rows
Parsed 191648/194602 rows
Parsed 191680/194602 rows
Parsed 191712/194602 rows
Parsed 191744/194602 rows
Parsed 191776/194602 rows
Parsed 191808/194602 rows
Parsed 191840/194602 rows
Parsed 191872/194602 rows
Parsed 191904/194602 rows
Parsed 191936/194602 rows
Parsed 191968/194602 rows
Parsed 192000/194602 rows
Parsed 192032/194602 rows
Parsed 192064/194602 rows
Parsed 192096/194602 rows
Parsed 192128/194602 rows
Parsed 192160/194602 rows
Parsed 192192/194602 rows
Parsed 192224/194602 rows
Parsed 192256/194602 rows
Parsed 192288/194602 rows
Parsed 192320/194602 rows
Parsed 192352/194602 rows
Parsed 192384/194602 rows
Parsed 192416/194602 rows
Parsed 192448/194602 rows
Parsed 192480/194602 rows
Parsed 192512/194602 rows
Parsed 192544/194602 rows
Parsed 192576/194602 rows
Parsed 192608/194602 rows
Parsed 192640/194602 rows
Parsed 192672/194602 rows
Parsed 192704/194602 rows
Parsed 192736/194602 rows
Parsed 192768/194602 rows
Parsed 192800/194602 rows
Parsed 192832/194602 rows
Parsed 192864/194602 rows
Parsed 192896/194602 rows
Parsed 192928/194602 rows
Parsed 192960/194602 rows
Parsed 192992/194602 rows
Parsed 193024/194602 rows
Parsed 193056/194602 rows
Parsed 193088/194602 rows
Parsed 193120/194602 rows
Parsed 193152/194602 rows
Parsed 193184/194602 rows
Parsed 193216/194602 rows
Parsed 193248/194602 rows
Parsed 193280/194602 rows
Parsed 193312/194602 rows
Parsed 193344/194602 rows
Parsed 193376/194602 rows
Parsed 193408/194602 rows
Parsed 193440/194602 rows
Parsed 193472/194602 rows
Parsed 193504/194602 rows
Parsed 193536/194602 rows
Parsed 193568/194602 rows
Parsed 193600/194602 rows
Parsed 193632/194602 rows
Parsed 193664/194602 rows
Parsed 193696/194602 rows
Parsed 193728/194602 rows
Parsed 193760/194602 rows
Parsed 193792/194602 rows
Parsed 193824/194602 rows
Parsed 193856/194602 rows
Parsed 193888/194602 rows
Parsed 193920/194602 rows
Parsed 193952/194602 rows
Parsed 193984/194602 rows
Parsed 194016/194602 rows
Parsed 194048/194602 rows
Parsed 194080/194602 rows
Parsed 194112/194602 rows
Parsed 194144/194602 rows
Parsed 194176/194602 rows
Parsed 194208/194602 rows
Parsed 194240/194602 rows
Parsed 194272/194602 rows
Parsed 194304/194602 rows
Parsed 194336/194602 rows
Parsed 194368/194602 rows
Parsed 194400/194602 rows
Parsed 194432/194602 rows
Parsed 194464/194602 rows
Parsed 194496/194602 rows
Parsed 194528/194602 rows
Parsed 194560/194602 rows
Parsed 194592/194602 rows
Parsed 194602/194602 rows
Saved parsed results to: /projects/simlai1/Viberank/data/VibeRank/raw/hmls/VIFSPDAT/rc_responses/AIES_vifspdat_qwen_NewFixedLoggerRun1SeedFixed_parsed.csv

IN : /projects/simlai1/Viberank/data/VibeRank/raw/hmls/VIFSPDAT/rc_responses/AIES_vifspdat_llama7_NewFixedLoggerRun1SeedFixed.jsonl
OUT: /projects/simlai1/Viberank/data/VibeRank/raw/hmls/VIFSPDAT/rc_responses/AIES_vifspdat_llama7_NewFixedLoggerRun1SeedFixed_parsed.csv

Parsing
/projects/simlai1/Viberank/data/VibeRank/raw/hmls/VIFSPDAT/rc_responses/AIES_vifspdat_llama7_NewFixedLoggerRun1SeedFixed.jsonl
Loaded 188160 response rows
Parsed 32/188160 rows
Parsed 64/188160 rows
Parsed 96/188160 rows
Parsed 128/188160 rows
Parsed 160/188160 rows
Parsed 192/188160 rows
Parsed 224/188160 rows
Parsed 256/188160 rows
Parsed 288/188160 rows
Parsed 320/188160 rows
Parsed 352/188160 rows
Parsed 384/188160 rows
Parsed 416/188160 rows
Parsed 448/188160 rows
Parsed 480/188160 rows
Parsed 512/188160 rows
Parsed 544/188160 rows
Parsed 576/188160 rows
Parsed 608/188160 rows
Parsed 640/188160 rows
Parsed 672/188160 rows
Parsed 704/188160 rows
Parsed 736/188160 rows
Parsed 768/188160 rows
Parsed 800/188160 rows
Parsed 832/188160 rows
Parsed 864/188160 rows
Parsed 896/188160 rows
Parsed 928/188160 rows
Parsed 960/188160 rows
Parsed 992/188160 rows
Parsed 1024/188160 rows
Parsed 1056/188160 rows
Parsed 1088/188160 rows
Parsed 1120/188160 rows
Parsed 1152/188160 rows
Parsed 1184/188160 rows
Parsed 1216/188160 rows
Parsed 1248/188160 rows
Parsed 1280/188160 rows
Parsed 1312/188160 rows
Parsed 1344/188160 rows
Parsed 1376/188160 rows
Parsed 1408/188160 rows
Parsed 1440/188160 rows
Parsed 1472/188160 rows
Parsed 1504/188160 rows
Parsed 1536/188160 rows
Parsed 1568/188160 rows
Parsed 1600/188160 rows
Parsed 1632/188160 rows
Parsed 1664/188160 rows
Parsed 1696/188160 rows
Parsed 1728/188160 rows
Parsed 1760/188160 rows
Parsed 1792/188160 rows
Parsed 1824/188160 rows
Parsed 1856/188160 rows
Parsed 1888/188160 rows
Parsed 1920/188160 rows
Parsed 1952/188160 rows
Parsed 1984/188160 rows
Parsed 2016/188160 rows
Parsed 2048/188160 rows
Parsed 2080/188160 rows
Parsed 2112/188160 rows
Parsed 2144/188160 rows
Parsed 2176/188160 rows
Parsed 2208/188160 rows
Parsed 2240/188160 rows
Parsed 2272/188160 rows
Parsed 2304/188160 rows
Parsed 2336/188160 rows
Parsed 2368/188160 rows
Parsed 2400/188160 rows
Parsed 2432/188160 rows
Parsed 2464/188160 rows
Parsed 2496/188160 rows
Parsed 2528/188160 rows
Parsed 2560/188160 rows
Parsed 2592/188160 rows
Parsed 2624/188160 rows
Parsed 2656/188160 rows
Parsed 2688/188160 rows
Parsed 2720/188160 rows
Parsed 2752/188160 rows
Parsed 2784/188160 rows
Parsed 2816/188160 rows
Parsed 2848/188160 rows
Parsed 2880/188160 rows
Parsed 2912/188160 rows
Parsed 2944/188160 rows
Parsed 2976/188160 rows
Parsed 3008/188160 rows
Parsed 3040/188160 rows
Parsed 3072/188160 rows
Parsed 3104/188160 rows
Parsed 3136/188160 rows
Parsed 3168/188160 rows
Parsed 3200/188160 rows
Parsed 3232/188160 rows
Parsed 3264/188160 rows
Parsed 3296/188160 rows
Parsed 3328/188160 rows
Parsed 3360/188160 rows
Parsed 3392/188160 rows
Parsed 3424/188160 rows
Parsed 3456/188160 rows
Parsed 3488/188160 rows
Parsed 3520/188160 rows
Parsed 3552/188160 rows
Parsed 3584/188160 rows
Parsed 3616/188160 rows
Parsed 3648/188160 rows
Parsed 3680/188160 rows
Parsed 3712/188160 rows
Parsed 3744/188160 rows
Parsed 3776/188160 rows
Parsed 3808/188160 rows
Parsed 3840/188160 rows
Parsed 3872/188160 rows
Parsed 3904/188160 rows
Parsed 3936/188160 rows
Parsed 3968/188160 rows
Parsed 4000/188160 rows
Parsed 4032/188160 rows
Parsed 4064/188160 rows
Parsed 4096/188160 rows
Parsed 4128/188160 rows
Parsed 4160/188160 rows
Parsed 4192/188160 rows
Parsed 4224/188160 rows
Parsed 4256/188160 rows
Parsed 4288/188160 rows
Parsed 4320/188160 rows
Parsed 4352/188160 rows
Parsed 4384/188160 rows
Parsed 4416/188160 rows
Parsed 4448/188160 rows
Parsed 4480/188160 rows
Parsed 4512/188160 rows
Parsed 4544/188160 rows
Parsed 4576/188160 rows
Parsed 4608/188160 rows
Parsed 4640/188160 rows
Parsed 4672/188160 rows
Parsed 4704/188160 rows
Parsed 4736/188160 rows
Parsed 4768/188160 rows
Parsed 4800/188160 rows
Parsed 4832/188160 rows
Parsed 4864/188160 rows
Parsed 4896/188160 rows
Parsed 4928/188160 rows
Parsed 4960/188160 rows
Parsed 4992/188160 rows
Parsed 5024/188160 rows
Parsed 5056/188160 rows
Parsed 5088/188160 rows
Parsed 5120/188160 rows
Parsed 5152/188160 rows
Parsed 5184/188160 rows
Parsed 5216/188160 rows
Parsed 5248/188160 rows
Parsed 5280/188160 rows
Parsed 5312/188160 rows
Parsed 5344/188160 rows
Parsed 5376/188160 rows
Parsed 5408/188160 rows
Parsed 5440/188160 rows
Parsed 5472/188160 rows
Parsed 5504/188160 rows
Parsed 5536/188160 rows
Parsed 5568/188160 rows
Parsed 5600/188160 rows
Parsed 5632/188160 rows
Parsed 5664/188160 rows
Parsed 5696/188160 rows
Parsed 5728/188160 rows
Parsed 5760/188160 rows
Parsed 5792/188160 rows
Parsed 5824/188160 rows
Parsed 5856/188160 rows
Parsed 5888/188160 rows
Parsed 5920/188160 rows
Parsed 5952/188160 rows
Parsed 5984/188160 rows
Parsed 6016/188160 rows
Parsed 6048/188160 rows
Parsed 6080/188160 rows
Parsed 6112/188160 rows
Parsed 6144/188160 rows
Parsed 6176/188160 rows
Parsed 6208/188160 rows
Parsed 6240/188160 rows
Parsed 6272/188160 rows
Parsed 6304/188160 rows
Parsed 6336/188160 rows
Parsed 6368/188160 rows
Parsed 6400/188160 rows
Parsed 6432/188160 rows
Parsed 6464/188160 rows
Parsed 6496/188160 rows
Parsed 6528/188160 rows
Parsed 6560/188160 rows
Parsed 6592/188160 rows
Parsed 6624/188160 rows
Parsed 6656/188160 rows
Parsed 6688/188160 rows
Parsed 6720/188160 rows
Parsed 6752/188160 rows
Parsed 6784/188160 rows
Parsed 6816/188160 rows
Parsed 6848/188160 rows
Parsed 6880/188160 rows
Parsed 6912/188160 rows
Parsed 6944/188160 rows
Parsed 6976/188160 rows
Parsed 7008/188160 rows
Parsed 7040/188160 rows
Parsed 7072/188160 rows
Parsed 7104/188160 rows
Parsed 7136/188160 rows
Parsed 7168/188160 rows
Parsed 7200/188160 rows
Parsed 7232/188160 rows
Parsed 7264/188160 rows
Parsed 7296/188160 rows
Parsed 7328/188160 rows
Parsed 7360/188160 rows
Parsed 7392/188160 rows
Parsed 7424/188160 rows
Parsed 7456/188160 rows
Parsed 7488/188160 rows
Parsed 7520/188160 rows
Parsed 7552/188160 rows
Parsed 7584/188160 rows
Parsed 7616/188160 rows
Parsed 7648/188160 rows
Parsed 7680/188160 rows
Parsed 7712/188160 rows
Parsed 7744/188160 rows
Parsed 7776/188160 rows
Parsed 7808/188160 rows
Parsed 7840/188160 rows
Parsed 7872/188160 rows
Parsed 7904/188160 rows
Parsed 7936/188160 rows
Parsed 7968/188160 rows
Parsed 8000/188160 rows
Parsed 8032/188160 rows
Parsed 8064/188160 rows
Parsed 8096/188160 rows
Parsed 8128/188160 rows
Parsed 8160/188160 rows
Parsed 8192/188160 rows
Parsed 8224/188160 rows
Parsed 8256/188160 rows
Parsed 8288/188160 rows
Parsed 8320/188160 rows
Parsed 8352/188160 rows
Parsed 8384/188160 rows
Parsed 8416/188160 rows
Parsed 8448/188160 rows
Parsed 8480/188160 rows
Parsed 8512/188160 rows
Parsed 8544/188160 rows
Parsed 8576/188160 rows
Parsed 8608/188160 rows
Parsed 8640/188160 rows
Parsed 8672/188160 rows
Parsed 8704/188160 rows
Parsed 8736/188160 rows
Parsed 8768/188160 rows
Parsed 8800/188160 rows
Parsed 8832/188160 rows
Parsed 8864/188160 rows
Parsed 8896/188160 rows
Parsed 8928/188160 rows
Parsed 8960/188160 rows
Parsed 8992/188160 rows
Parsed 9024/188160 rows
Parsed 9056/188160 rows
Parsed 9088/188160 rows
Parsed 9120/188160 rows
Parsed 9152/188160 rows
Parsed 9184/188160 rows
Parsed 9216/188160 rows
Parsed 9248/188160 rows
Parsed 9280/188160 rows
Parsed 9312/188160 rows
Parsed 9344/188160 rows
Parsed 9376/188160 rows
Parsed 9408/188160 rows
Parsed 9440/188160 rows
Parsed 9472/188160 rows
Parsed 9504/188160 rows
Parsed 9536/188160 rows
Parsed 9568/188160 rows
Parsed 9600/188160 rows
Parsed 9632/188160 rows
Parsed 9664/188160 rows
Parsed 9696/188160 rows
Parsed 9728/188160 rows
Parsed 9760/188160 rows
Parsed 9792/188160 rows
Parsed 9824/188160 rows
Parsed 9856/188160 rows
Parsed 9888/188160 rows
Parsed 9920/188160 rows
Parsed 9952/188160 rows
Parsed 9984/188160 rows
Parsed 10016/188160 rows
Parsed 10048/188160 rows
Parsed 10080/188160 rows
Parsed 10112/188160 rows
Parsed 10144/188160 rows
Parsed 10176/188160 rows
Parsed 10208/188160 rows
Parsed 10240/188160 rows
Parsed 10272/188160 rows
Parsed 10304/188160 rows
Parsed 10336/188160 rows
Parsed 10368/188160 rows
Parsed 10400/188160 rows
Parsed 10432/188160 rows
Parsed 10464/188160 rows
Parsed 10496/188160 rows
Parsed 10528/188160 rows
Parsed 10560/188160 rows
Parsed 10592/188160 rows
Parsed 10624/188160 rows
Parsed 10656/188160 rows
Parsed 10688/188160 rows
Parsed 10720/188160 rows
Parsed 10752/188160 rows
Parsed 10784/188160 rows
Parsed 10816/188160 rows
Parsed 10848/188160 rows
Parsed 10880/188160 rows
Parsed 10912/188160 rows
Parsed 10944/188160 rows
Parsed 10976/188160 rows
Parsed 11008/188160 rows
Parsed 11040/188160 rows
Parsed 11072/188160 rows
Parsed 11104/188160 rows
Parsed 11136/188160 rows
Parsed 11168/188160 rows
Parsed 11200/188160 rows
Parsed 11232/188160 rows
Parsed 11264/188160 rows
Parsed 11296/188160 rows
Parsed 11328/188160 rows
Parsed 11360/188160 rows
Parsed 11392/188160 rows
Parsed 11424/188160 rows
Parsed 11456/188160 rows
Parsed 11488/188160 rows
Parsed 11520/188160 rows
Parsed 11552/188160 rows
Parsed 11584/188160 rows
Parsed 11616/188160 rows
Parsed 11648/188160 rows
Parsed 11680/188160 rows
Parsed 11712/188160 rows
Parsed 11744/188160 rows
Parsed 11776/188160 rows
Parsed 11808/188160 rows
Parsed 11840/188160 rows
Parsed 11872/188160 rows
Parsed 11904/188160 rows
Parsed 11936/188160 rows
Parsed 11968/188160 rows
Parsed 12000/188160 rows
Parsed 12032/188160 rows
Parsed 12064/188160 rows
Parsed 12096/188160 rows
Parsed 12128/188160 rows
Parsed 12160/188160 rows
Parsed 12192/188160 rows
Parsed 12224/188160 rows
Parsed 12256/188160 rows
Parsed 12288/188160 rows
Parsed 12320/188160 rows
Parsed 12352/188160 rows
Parsed 12384/188160 rows
Parsed 12416/188160 rows
Parsed 12448/188160 rows
Parsed 12480/188160 rows
Parsed 12512/188160 rows
Parsed 12544/188160 rows
Parsed 12576/188160 rows
Parsed 12608/188160 rows
Parsed 12640/188160 rows
Parsed 12672/188160 rows
Parsed 12704/188160 rows
Parsed 12736/188160 rows
Parsed 12768/188160 rows
Parsed 12800/188160 rows
Parsed 12832/188160 rows
Parsed 12864/188160 rows
Parsed 12896/188160 rows
Parsed 12928/188160 rows
Parsed 12960/188160 rows
Parsed 12992/188160 rows
Parsed 13024/188160 rows
Parsed 13056/188160 rows
Parsed 13088/188160 rows
Parsed 13120/188160 rows
Parsed 13152/188160 rows
Parsed 13184/188160 rows
Parsed 13216/188160 rows
Parsed 13248/188160 rows
Parsed 13280/188160 rows
Parsed 13312/188160 rows
Parsed 13344/188160 rows
Parsed 13376/188160 rows
Parsed 13408/188160 rows
Parsed 13440/188160 rows
Parsed 13472/188160 rows
Parsed 13504/188160 rows
Parsed 13536/188160 rows
Parsed 13568/188160 rows
Parsed 13600/188160 rows
Parsed 13632/188160 rows
Parsed 13664/188160 rows
Parsed 13696/188160 rows
Parsed 13728/188160 rows
Parsed 13760/188160 rows
Parsed 13792/188160 rows
Parsed 13824/188160 rows
Parsed 13856/188160 rows
Parsed 13888/188160 rows
Parsed 13920/188160 rows
Parsed 13952/188160 rows
Parsed 13984/188160 rows
Parsed 14016/188160 rows
Parsed 14048/188160 rows
Parsed 14080/188160 rows
Parsed 14112/188160 rows
Parsed 14144/188160 rows
Parsed 14176/188160 rows
Parsed 14208/188160 rows
Parsed 14240/188160 rows
Parsed 14272/188160 rows
Parsed 14304/188160 rows
Parsed 14336/188160 rows
Parsed 14368/188160 rows
Parsed 14400/188160 rows
Parsed 14432/188160 rows
Parsed 14464/188160 rows
Parsed 14496/188160 rows
Parsed 14528/188160 rows
Parsed 14560/188160 rows
Parsed 14592/188160 rows
Parsed 14624/188160 rows
Parsed 14656/188160 rows
Parsed 14688/188160 rows
Parsed 14720/188160 rows
Parsed 14752/188160 rows
Parsed 14784/188160 rows
Parsed 14816/188160 rows
Parsed 14848/188160 rows
Parsed 14880/188160 rows
Parsed 14912/188160 rows
Parsed 14944/188160 rows
Parsed 14976/188160 rows
Parsed 15008/188160 rows
Parsed 15040/188160 rows
Parsed 15072/188160 rows
Parsed 15104/188160 rows
Parsed 15136/188160 rows
Parsed 15168/188160 rows
Parsed 15200/188160 rows
Parsed 15232/188160 rows
Parsed 15264/188160 rows
Parsed 15296/188160 rows
Parsed 15328/188160 rows
Parsed 15360/188160 rows
Parsed 15392/188160 rows
Parsed 15424/188160 rows
Parsed 15456/188160 rows
Parsed 15488/188160 rows
Parsed 15520/188160 rows
Parsed 15552/188160 rows
Parsed 15584/188160 rows
Parsed 15616/188160 rows
Parsed 15648/188160 rows
Parsed 15680/188160 rows
Parsed 15712/188160 rows
Parsed 15744/188160 rows
Parsed 15776/188160 rows
Parsed 15808/188160 rows
Parsed 15840/188160 rows
Parsed 15872/188160 rows
Parsed 15904/188160 rows
Parsed 15936/188160 rows
Parsed 15968/188160 rows
Parsed 16000/188160 rows
Parsed 16032/188160 rows
Parsed 16064/188160 rows
Parsed 16096/188160 rows
Parsed 16128/188160 rows
Parsed 16160/188160 rows
Parsed 16192/188160 rows
Parsed 16224/188160 rows
Parsed 16256/188160 rows
Parsed 16288/188160 rows
Parsed 16320/188160 rows
Parsed 16352/188160 rows
Parsed 16384/188160 rows
Parsed 16416/188160 rows
Parsed 16448/188160 rows
Parsed 16480/188160 rows
Parsed 16512/188160 rows
Parsed 16544/188160 rows
Parsed 16576/188160 rows
Parsed 16608/188160 rows
Parsed 16640/188160 rows
Parsed 16672/188160 rows
Parsed 16704/188160 rows
Parsed 16736/188160 rows
Parsed 16768/188160 rows
Parsed 16800/188160 rows
Parsed 16832/188160 rows
Parsed 16864/188160 rows
Parsed 16896/188160 rows
Parsed 16928/188160 rows
Parsed 16960/188160 rows
Parsed 16992/188160 rows
Parsed 17024/188160 rows
Parsed 17056/188160 rows
Parsed 17088/188160 rows
Parsed 17120/188160 rows
Parsed 17152/188160 rows
Parsed 17184/188160 rows
Parsed 17216/188160 rows
Parsed 17248/188160 rows
Parsed 17280/188160 rows
Parsed 17312/188160 rows
Parsed 17344/188160 rows
Parsed 17376/188160 rows
Parsed 17408/188160 rows
Parsed 17440/188160 rows
Parsed 17472/188160 rows
Parsed 17504/188160 rows
Parsed 17536/188160 rows
Parsed 17568/188160 rows
Parsed 17600/188160 rows
Parsed 17632/188160 rows
Parsed 17664/188160 rows
Parsed 17696/188160 rows
Parsed 17728/188160 rows
Parsed 17760/188160 rows
Parsed 17792/188160 rows
Parsed 17824/188160 rows
Parsed 17856/188160 rows
Parsed 17888/188160 rows
Parsed 17920/188160 rows
Parsed 17952/188160 rows
Parsed 17984/188160 rows
Parsed 18016/188160 rows
Parsed 18048/188160 rows
Parsed 18080/188160 rows
Parsed 18112/188160 rows
Parsed 18144/188160 rows
Parsed 18176/188160 rows
Parsed 18208/188160 rows
Parsed 18240/188160 rows
Parsed 18272/188160 rows
Parsed 18304/188160 rows
Parsed 18336/188160 rows
Parsed 18368/188160 rows
Parsed 18400/188160 rows
Parsed 18432/188160 rows
Parsed 18464/188160 rows
Parsed 18496/188160 rows
Parsed 18528/188160 rows
Parsed 18560/188160 rows
Parsed 18592/188160 rows
Parsed 18624/188160 rows
Parsed 18656/188160 rows
Parsed 18688/188160 rows
Parsed 18720/188160 rows
Parsed 18752/188160 rows
Parsed 18784/188160 rows
Parsed 18816/188160 rows
Parsed 18848/188160 rows
Parsed 18880/188160 rows
Parsed 18912/188160 rows
Parsed 18944/188160 rows
Parsed 18976/188160 rows
Parsed 19008/188160 rows
Parsed 19040/188160 rows
Parsed 19072/188160 rows
Parsed 19104/188160 rows
Parsed 19136/188160 rows
Parsed 19168/188160 rows
Parsed 19200/188160 rows
Parsed 19232/188160 rows
Parsed 19264/188160 rows
Parsed 19296/188160 rows
Parsed 19328/188160 rows
Parsed 19360/188160 rows
Parsed 19392/188160 rows
Parsed 19424/188160 rows
Parsed 19456/188160 rows
Parsed 19488/188160 rows
Parsed 19520/188160 rows
Parsed 19552/188160 rows
Parsed 19584/188160 rows
Parsed 19616/188160 rows
Parsed 19648/188160 rows
Parsed 19680/188160 rows
Parsed 19712/188160 rows
Parsed 19744/188160 rows
Parsed 19776/188160 rows
Parsed 19808/188160 rows
Parsed 19840/188160 rows
Parsed 19872/188160 rows
Parsed 19904/188160 rows
Parsed 19936/188160 rows
Parsed 19968/188160 rows
Parsed 20000/188160 rows
Parsed 20032/188160 rows
Parsed 20064/188160 rows
Parsed 20096/188160 rows
Parsed 20128/188160 rows
Parsed 20160/188160 rows
Parsed 20192/188160 rows
Parsed 20224/188160 rows
Parsed 20256/188160 rows
Parsed 20288/188160 rows
Parsed 20320/188160 rows
Parsed 20352/188160 rows
Parsed 20384/188160 rows
Parsed 20416/188160 rows
Parsed 20448/188160 rows
Parsed 20480/188160 rows
Parsed 20512/188160 rows
Parsed 20544/188160 rows
Parsed 20576/188160 rows
Parsed 20608/188160 rows
Parsed 20640/188160 rows
Parsed 20672/188160 rows
Parsed 20704/188160 rows
Parsed 20736/188160 rows
Parsed 20768/188160 rows
Parsed 20800/188160 rows
Parsed 20832/188160 rows
Parsed 20864/188160 rows
Parsed 20896/188160 rows
Parsed 20928/188160 rows
Parsed 20960/188160 rows
Parsed 20992/188160 rows
Parsed 21024/188160 rows
Parsed 21056/188160 rows
Parsed 21088/188160 rows
Parsed 21120/188160 rows
Parsed 21152/188160 rows
Parsed 21184/188160 rows
Parsed 21216/188160 rows
Parsed 21248/188160 rows
Parsed 21280/188160 rows
Parsed 21312/188160 rows
Parsed 21344/188160 rows
Parsed 21376/188160 rows
Parsed 21408/188160 rows
Parsed 21440/188160 rows
Parsed 21472/188160 rows
Parsed 21504/188160 rows
Parsed 21536/188160 rows
Parsed 21568/188160 rows
Parsed 21600/188160 rows
Parsed 21632/188160 rows
Parsed 21664/188160 rows
Parsed 21696/188160 rows
Parsed 21728/188160 rows
Parsed 21760/188160 rows
Parsed 21792/188160 rows
Parsed 21824/188160 rows
Parsed 21856/188160 rows
Parsed 21888/188160 rows
Parsed 21920/188160 rows
Parsed 21952/188160 rows
Parsed 21984/188160 rows
Parsed 22016/188160 rows
Parsed 22048/188160 rows
Parsed 22080/188160 rows
Parsed 22112/188160 rows
Parsed 22144/188160 rows
Parsed 22176/188160 rows
Parsed 22208/188160 rows
Parsed 22240/188160 rows
Parsed 22272/188160 rows
Parsed 22304/188160 rows
Parsed 22336/188160 rows
Parsed 22368/188160 rows
Parsed 22400/188160 rows
Parsed 22432/188160 rows
Parsed 22464/188160 rows
Parsed 22496/188160 rows
Parsed 22528/188160 rows
Parsed 22560/188160 rows
Parsed 22592/188160 rows
Parsed 22624/188160 rows
Parsed 22656/188160 rows
Parsed 22688/188160 rows
Parsed 22720/188160 rows
Parsed 22752/188160 rows
Parsed 22784/188160 rows
Parsed 22816/188160 rows
Parsed 22848/188160 rows
Parsed 22880/188160 rows
Parsed 22912/188160 rows
Parsed 22944/188160 rows
Parsed 22976/188160 rows
Parsed 23008/188160 rows
Parsed 23040/188160 rows
Parsed 23072/188160 rows
Parsed 23104/188160 rows
Parsed 23136/188160 rows
Parsed 23168/188160 rows
Parsed 23200/188160 rows
Parsed 23232/188160 rows
Parsed 23264/188160 rows
Parsed 23296/188160 rows
Parsed 23328/188160 rows
Parsed 23360/188160 rows
Parsed 23392/188160 rows
Parsed 23424/188160 rows
Parsed 23456/188160 rows
Parsed 23488/188160 rows
Parsed 23520/188160 rows
Parsed 23552/188160 rows
Parsed 23584/188160 rows
Parsed 23616/188160 rows
Parsed 23648/188160 rows
Parsed 23680/188160 rows
Parsed 23712/188160 rows
Parsed 23744/188160 rows
Parsed 23776/188160 rows
Parsed 23808/188160 rows
Parsed 23840/188160 rows
Parsed 23872/188160 rows
Parsed 23904/188160 rows
Parsed 23936/188160 rows
Parsed 23968/188160 rows
Parsed 24000/188160 rows
Parsed 24032/188160 rows
Parsed 24064/188160 rows
Parsed 24096/188160 rows
Parsed 24128/188160 rows
Parsed 24160/188160 rows
Parsed 24192/188160 rows
Parsed 24224/188160 rows
Parsed 24256/188160 rows
Parsed 24288/188160 rows
Parsed 24320/188160 rows
Parsed 24352/188160 rows
Parsed 24384/188160 rows
Parsed 24416/188160 rows
Parsed 24448/188160 rows
Parsed 24480/188160 rows
Parsed 24512/188160 rows
Parsed 24544/188160 rows
Parsed 24576/188160 rows
Parsed 24608/188160 rows
Parsed 24640/188160 rows
Parsed 24672/188160 rows
Parsed 24704/188160 rows
Parsed 24736/188160 rows
Parsed 24768/188160 rows
Parsed 24800/188160 rows
Parsed 24832/188160 rows
Parsed 24864/188160 rows
Parsed 24896/188160 rows
Parsed 24928/188160 rows
Parsed 24960/188160 rows
Parsed 24992/188160 rows
Parsed 25024/188160 rows
Parsed 25056/188160 rows
Parsed 25088/188160 rows
Parsed 25120/188160 rows
Parsed 25152/188160 rows
Parsed 25184/188160 rows
Parsed 25216/188160 rows
Parsed 25248/188160 rows
Parsed 25280/188160 rows
Parsed 25312/188160 rows
Parsed 25344/188160 rows
Parsed 25376/188160 rows
Parsed 25408/188160 rows
Parsed 25440/188160 rows
Parsed 25472/188160 rows
Parsed 25504/188160 rows
Parsed 25536/188160 rows
Parsed 25568/188160 rows
Parsed 25600/188160 rows
Parsed 25632/188160 rows
Parsed 25664/188160 rows
Parsed 25696/188160 rows
Parsed 25728/188160 rows
Parsed 25760/188160 rows
Parsed 25792/188160 rows
Parsed 25824/188160 rows
Parsed 25856/188160 rows
Parsed 25888/188160 rows
Parsed 25920/188160 rows
Parsed 25952/188160 rows
Parsed 25984/188160 rows
Parsed 26016/188160 rows
Parsed 26048/188160 rows
Parsed 26080/188160 rows
Parsed 26112/188160 rows
Parsed 26144/188160 rows
Parsed 26176/188160 rows
Parsed 26208/188160 rows
Parsed 26240/188160 rows
Parsed 26272/188160 rows
Parsed 26304/188160 rows
Parsed 26336/188160 rows
Parsed 26368/188160 rows
Parsed 26400/188160 rows
Parsed 26432/188160 rows
Parsed 26464/188160 rows
Parsed 26496/188160 rows
Parsed 26528/188160 rows
Parsed 26560/188160 rows
Parsed 26592/188160 rows
Parsed 26624/188160 rows
Parsed 26656/188160 rows
Parsed 26688/188160 rows
Parsed 26720/188160 rows
Parsed 26752/188160 rows
Parsed 26784/188160 rows
Parsed 26816/188160 rows
Parsed 26848/188160 rows
Parsed 26880/188160 rows
Parsed 26912/188160 rows
Parsed 26944/188160 rows
Parsed 26976/188160 rows
Parsed 27008/188160 rows
Parsed 27040/188160 rows
Parsed 27072/188160 rows
Parsed 27104/188160 rows
Parsed 27136/188160 rows
Parsed 27168/188160 rows
Parsed 27200/188160 rows
Parsed 27232/188160 rows
Parsed 27264/188160 rows
Parsed 27296/188160 rows
Parsed 27328/188160 rows
Parsed 27360/188160 rows
Parsed 27392/188160 rows
Parsed 27424/188160 rows
Parsed 27456/188160 rows
Parsed 27488/188160 rows
Parsed 27520/188160 rows
Parsed 27552/188160 rows
Parsed 27584/188160 rows
Parsed 27616/188160 rows
Parsed 27648/188160 rows
Parsed 27680/188160 rows
Parsed 27712/188160 rows
Parsed 27744/188160 rows
Parsed 27776/188160 rows
Parsed 27808/188160 rows
Parsed 27840/188160 rows
Parsed 27872/188160 rows
Parsed 27904/188160 rows
Parsed 27936/188160 rows
Parsed 27968/188160 rows
Parsed 28000/188160 rows
Parsed 28032/188160 rows
Parsed 28064/188160 rows
Parsed 28096/188160 rows
Parsed 28128/188160 rows
Parsed 28160/188160 rows
Parsed 28192/188160 rows
Parsed 28224/188160 rows
Parsed 28256/188160 rows
Parsed 28288/188160 rows
Parsed 28320/188160 rows
Parsed 28352/188160 rows
Parsed 28384/188160 rows
Parsed 28416/188160 rows
Parsed 28448/188160 rows
Parsed 28480/188160 rows
Parsed 28512/188160 rows
Parsed 28544/188160 rows
Parsed 28576/188160 rows
Parsed 28608/188160 rows
Parsed 28640/188160 rows
Parsed 28672/188160 rows
Parsed 28704/188160 rows
Parsed 28736/188160 rows
Parsed 28768/188160 rows
Parsed 28800/188160 rows
Parsed 28832/188160 rows
Parsed 28864/188160 rows
Parsed 28896/188160 rows
Parsed 28928/188160 rows
Parsed 28960/188160 rows
Parsed 28992/188160 rows
Parsed 29024/188160 rows
Parsed 29056/188160 rows
Parsed 29088/188160 rows
Parsed 29120/188160 rows
Parsed 29152/188160 rows
Parsed 29184/188160 rows
Parsed 29216/188160 rows
Parsed 29248/188160 rows
Parsed 29280/188160 rows
Parsed 29312/188160 rows
Parsed 29344/188160 rows
Parsed 29376/188160 rows
Parsed 29408/188160 rows
Parsed 29440/188160 rows
Parsed 29472/188160 rows
Parsed 29504/188160 rows
Parsed 29536/188160 rows
Parsed 29568/188160 rows
Parsed 29600/188160 rows
Parsed 29632/188160 rows
Parsed 29664/188160 rows
Parsed 29696/188160 rows
Parsed 29728/188160 rows
Parsed 29760/188160 rows
Parsed 29792/188160 rows
Parsed 29824/188160 rows
Parsed 29856/188160 rows
Parsed 29888/188160 rows
Parsed 29920/188160 rows
Parsed 29952/188160 rows
Parsed 29984/188160 rows
Parsed 30016/188160 rows
Parsed 30048/188160 rows
Parsed 30080/188160 rows
Parsed 30112/188160 rows
Parsed 30144/188160 rows
Parsed 30176/188160 rows
Parsed 30208/188160 rows
Parsed 30240/188160 rows
Parsed 30272/188160 rows
Parsed 30304/188160 rows
Parsed 30336/188160 rows
Parsed 30368/188160 rows
Parsed 30400/188160 rows
Parsed 30432/188160 rows
Parsed 30464/188160 rows
Parsed 30496/188160 rows
Parsed 30528/188160 rows
Parsed 30560/188160 rows
Parsed 30592/188160 rows
Parsed 30624/188160 rows
Parsed 30656/188160 rows
Parsed 30688/188160 rows
Parsed 30720/188160 rows
Parsed 30752/188160 rows
Parsed 30784/188160 rows
Parsed 30816/188160 rows
Parsed 30848/188160 rows
Parsed 30880/188160 rows
Parsed 30912/188160 rows
Parsed 30944/188160 rows
Parsed 30976/188160 rows
Parsed 31008/188160 rows
Parsed 31040/188160 rows
Parsed 31072/188160 rows
Parsed 31104/188160 rows
Parsed 31136/188160 rows
Parsed 31168/188160 rows
Parsed 31200/188160 rows
Parsed 31232/188160 rows
Parsed 31264/188160 rows
Parsed 31296/188160 rows
Parsed 31328/188160 rows
Parsed 31360/188160 rows
Parsed 31392/188160 rows
Parsed 31424/188160 rows
Parsed 31456/188160 rows
Parsed 31488/188160 rows
Parsed 31520/188160 rows
Parsed 31552/188160 rows
Parsed 31584/188160 rows
Parsed 31616/188160 rows
Parsed 31648/188160 rows
Parsed 31680/188160 rows
Parsed 31712/188160 rows
Parsed 31744/188160 rows
Parsed 31776/188160 rows
Parsed 31808/188160 rows
Parsed 31840/188160 rows
Parsed 31872/188160 rows
Parsed 31904/188160 rows
Parsed 31936/188160 rows
Parsed 31968/188160 rows
Parsed 32000/188160 rows
Parsed 32032/188160 rows
Parsed 32064/188160 rows
Parsed 32096/188160 rows
Parsed 32128/188160 rows
Parsed 32160/188160 rows
Parsed 32192/188160 rows
Parsed 32224/188160 rows
Parsed 32256/188160 rows
Parsed 32288/188160 rows
Parsed 32320/188160 rows
Parsed 32352/188160 rows
Parsed 32384/188160 rows
Parsed 32416/188160 rows
Parsed 32448/188160 rows
Parsed 32480/188160 rows
Parsed 32512/188160 rows
Parsed 32544/188160 rows
Parsed 32576/188160 rows
Parsed 32608/188160 rows
Parsed 32640/188160 rows
Parsed 32672/188160 rows
Parsed 32704/188160 rows
Parsed 32736/188160 rows
Parsed 32768/188160 rows
Parsed 32800/188160 rows
Parsed 32832/188160 rows
Parsed 32864/188160 rows
Parsed 32896/188160 rows
Parsed 32928/188160 rows
Parsed 32960/188160 rows
Parsed 32992/188160 rows
Parsed 33024/188160 rows
Parsed 33056/188160 rows
Parsed 33088/188160 rows
Parsed 33120/188160 rows
Parsed 33152/188160 rows
Parsed 33184/188160 rows
Parsed 33216/188160 rows
Parsed 33248/188160 rows
Parsed 33280/188160 rows
Parsed 33312/188160 rows
Parsed 33344/188160 rows
Parsed 33376/188160 rows
Parsed 33408/188160 rows
Parsed 33440/188160 rows
Parsed 33472/188160 rows
Parsed 33504/188160 rows
Parsed 33536/188160 rows
Parsed 33568/188160 rows
Parsed 33600/188160 rows
Parsed 33632/188160 rows
Parsed 33664/188160 rows
Parsed 33696/188160 rows
Parsed 33728/188160 rows
Parsed 33760/188160 rows
Parsed 33792/188160 rows
Parsed 33824/188160 rows
Parsed 33856/188160 rows
Parsed 33888/188160 rows
Parsed 33920/188160 rows
Parsed 33952/188160 rows
Parsed 33984/188160 rows
Parsed 34016/188160 rows
Parsed 34048/188160 rows
Parsed 34080/188160 rows
Parsed 34112/188160 rows
Parsed 34144/188160 rows
Parsed 34176/188160 rows
Parsed 34208/188160 rows
Parsed 34240/188160 rows
Parsed 34272/188160 rows
Parsed 34304/188160 rows
Parsed 34336/188160 rows
Parsed 34368/188160 rows
Parsed 34400/188160 rows
Parsed 34432/188160 rows
Parsed 34464/188160 rows
Parsed 34496/188160 rows
Parsed 34528/188160 rows
Parsed 34560/188160 rows
Parsed 34592/188160 rows
Parsed 34624/188160 rows
Parsed 34656/188160 rows
Parsed 34688/188160 rows
Parsed 34720/188160 rows
Parsed 34752/188160 rows
Parsed 34784/188160 rows
Parsed 34816/188160 rows
Parsed 34848/188160 rows
Parsed 34880/188160 rows
Parsed 34912/188160 rows
Parsed 34944/188160 rows
Parsed 34976/188160 rows
Parsed 35008/188160 rows
Parsed 35040/188160 rows
Parsed 35072/188160 rows
Parsed 35104/188160 rows
Parsed 35136/188160 rows
Parsed 35168/188160 rows
Parsed 35200/188160 rows
Parsed 35232/188160 rows
Parsed 35264/188160 rows
Parsed 35296/188160 rows
Parsed 35328/188160 rows
Parsed 35360/188160 rows
Parsed 35392/188160 rows
Parsed 35424/188160 rows
Parsed 35456/188160 rows
Parsed 35488/188160 rows
Parsed 35520/188160 rows
Parsed 35552/188160 rows
Parsed 35584/188160 rows
Parsed 35616/188160 rows
Parsed 35648/188160 rows
Parsed 35680/188160 rows
Parsed 35712/188160 rows
Parsed 35744/188160 rows
Parsed 35776/188160 rows
Parsed 35808/188160 rows
Parsed 35840/188160 rows
Parsed 35872/188160 rows
Parsed 35904/188160 rows
Parsed 35936/188160 rows
Parsed 35968/188160 rows
Parsed 36000/188160 rows
Parsed 36032/188160 rows
Parsed 36064/188160 rows
Parsed 36096/188160 rows
Parsed 36128/188160 rows
Parsed 36160/188160 rows
Parsed 36192/188160 rows
Parsed 36224/188160 rows
Parsed 36256/188160 rows
Parsed 36288/188160 rows
Parsed 36320/188160 rows
Parsed 36352/188160 rows
Parsed 36384/188160 rows
Parsed 36416/188160 rows
Parsed 36448/188160 rows
Parsed 36480/188160 rows
Parsed 36512/188160 rows
Parsed 36544/188160 rows
Parsed 36576/188160 rows
Parsed 36608/188160 rows
Parsed 36640/188160 rows
Parsed 36672/188160 rows
Parsed 36704/188160 rows
Parsed 36736/188160 rows
Parsed 36768/188160 rows
Parsed 36800/188160 rows
Parsed 36832/188160 rows
Parsed 36864/188160 rows
Parsed 36896/188160 rows
Parsed 36928/188160 rows
Parsed 36960/188160 rows
Parsed 36992/188160 rows
Parsed 37024/188160 rows
Parsed 37056/188160 rows
Parsed 37088/188160 rows
Parsed 37120/188160 rows
Parsed 37152/188160 rows
Parsed 37184/188160 rows
Parsed 37216/188160 rows
Parsed 37248/188160 rows
Parsed 37280/188160 rows
Parsed 37312/188160 rows
Parsed 37344/188160 rows
Parsed 37376/188160 rows
Parsed 37408/188160 rows
Parsed 37440/188160 rows
Parsed 37472/188160 rows
Parsed 37504/188160 rows
Parsed 37536/188160 rows
Parsed 37568/188160 rows
Parsed 37600/188160 rows
Parsed 37632/188160 rows
Parsed 37664/188160 rows
Parsed 37696/188160 rows
Parsed 37728/188160 rows
Parsed 37760/188160 rows
Parsed 37792/188160 rows
Parsed 37824/188160 rows
Parsed 37856/188160 rows
Parsed 37888/188160 rows
Parsed 37920/188160 rows
Parsed 37952/188160 rows
Parsed 37984/188160 rows
Parsed 38016/188160 rows
Parsed 38048/188160 rows
Parsed 38080/188160 rows
Parsed 38112/188160 rows
Parsed 38144/188160 rows
Parsed 38176/188160 rows
Parsed 38208/188160 rows
Parsed 38240/188160 rows
Parsed 38272/188160 rows
Parsed 38304/188160 rows
Parsed 38336/188160 rows
Parsed 38368/188160 rows
Parsed 38400/188160 rows
Parsed 38432/188160 rows
Parsed 38464/188160 rows
Parsed 38496/188160 rows
Parsed 38528/188160 rows
Parsed 38560/188160 rows
Parsed 38592/188160 rows
Parsed 38624/188160 rows
Parsed 38656/188160 rows
Parsed 38688/188160 rows
Parsed 38720/188160 rows
Parsed 38752/188160 rows
Parsed 38784/188160 rows
Parsed 38816/188160 rows
Parsed 38848/188160 rows
Parsed 38880/188160 rows
Parsed 38912/188160 rows
Parsed 38944/188160 rows
Parsed 38976/188160 rows
Parsed 39008/188160 rows
Parsed 39040/188160 rows
Parsed 39072/188160 rows
Parsed 39104/188160 rows
Parsed 39136/188160 rows
Parsed 39168/188160 rows
Parsed 39200/188160 rows
Parsed 39232/188160 rows
Parsed 39264/188160 rows
Parsed 39296/188160 rows
Parsed 39328/188160 rows
Parsed 39360/188160 rows
Parsed 39392/188160 rows
Parsed 39424/188160 rows
Parsed 39456/188160 rows
Parsed 39488/188160 rows
Parsed 39520/188160 rows
Parsed 39552/188160 rows
Parsed 39584/188160 rows
Parsed 39616/188160 rows
Parsed 39648/188160 rows
Parsed 39680/188160 rows
Parsed 39712/188160 rows
Parsed 39744/188160 rows
Parsed 39776/188160 rows
Parsed 39808/188160 rows
Parsed 39840/188160 rows
Parsed 39872/188160 rows
Parsed 39904/188160 rows
Parsed 39936/188160 rows
Parsed 39968/188160 rows
Parsed 40000/188160 rows
Parsed 40032/188160 rows
Parsed 40064/188160 rows
Parsed 40096/188160 rows
Parsed 40128/188160 rows
Parsed 40160/188160 rows
Parsed 40192/188160 rows
Parsed 40224/188160 rows
Parsed 40256/188160 rows
Parsed 40288/188160 rows
Parsed 40320/188160 rows
Parsed 40352/188160 rows
Parsed 40384/188160 rows
Parsed 40416/188160 rows
Parsed 40448/188160 rows
Parsed 40480/188160 rows
Parsed 40512/188160 rows
Parsed 40544/188160 rows
Parsed 40576/188160 rows
Parsed 40608/188160 rows
Parsed 40640/188160 rows
Parsed 40672/188160 rows
Parsed 40704/188160 rows
Parsed 40736/188160 rows
Parsed 40768/188160 rows
Parsed 40800/188160 rows
Parsed 40832/188160 rows
Parsed 40864/188160 rows
Parsed 40896/188160 rows
Parsed 40928/188160 rows
Parsed 40960/188160 rows
Parsed 40992/188160 rows
Parsed 41024/188160 rows
Parsed 41056/188160 rows
Parsed 41088/188160 rows
Parsed 41120/188160 rows
Parsed 41152/188160 rows
Parsed 41184/188160 rows
Parsed 41216/188160 rows
Parsed 41248/188160 rows
Parsed 41280/188160 rows
Parsed 41312/188160 rows
Parsed 41344/188160 rows
Parsed 41376/188160 rows
Parsed 41408/188160 rows
Parsed 41440/188160 rows
Parsed 41472/188160 rows
Parsed 41504/188160 rows
Parsed 41536/188160 rows
Parsed 41568/188160 rows
Parsed 41600/188160 rows
Parsed 41632/188160 rows
Parsed 41664/188160 rows
Parsed 41696/188160 rows
Parsed 41728/188160 rows
Parsed 41760/188160 rows
Parsed 41792/188160 rows
Parsed 41824/188160 rows
Parsed 41856/188160 rows
Parsed 41888/188160 rows
Parsed 41920/188160 rows
Parsed 41952/188160 rows
Parsed 41984/188160 rows
Parsed 42016/188160 rows
Parsed 42048/188160 rows
Parsed 42080/188160 rows
Parsed 42112/188160 rows
Parsed 42144/188160 rows
Parsed 42176/188160 rows
Parsed 42208/188160 rows
Parsed 42240/188160 rows
Parsed 42272/188160 rows
Parsed 42304/188160 rows
Parsed 42336/188160 rows
Parsed 42368/188160 rows
Parsed 42400/188160 rows
Parsed 42432/188160 rows
Parsed 42464/188160 rows
Parsed 42496/188160 rows
Parsed 42528/188160 rows
Parsed 42560/188160 rows
Parsed 42592/188160 rows
Parsed 42624/188160 rows
Parsed 42656/188160 rows
Parsed 42688/188160 rows
Parsed 42720/188160 rows
Parsed 42752/188160 rows
Parsed 42784/188160 rows
Parsed 42816/188160 rows
Parsed 42848/188160 rows
Parsed 42880/188160 rows
Parsed 42912/188160 rows
Parsed 42944/188160 rows
Parsed 42976/188160 rows
Parsed 43008/188160 rows
Parsed 43040/188160 rows
Parsed 43072/188160 rows
Parsed 43104/188160 rows
Parsed 43136/188160 rows
Parsed 43168/188160 rows
Parsed 43200/188160 rows
Parsed 43232/188160 rows
Parsed 43264/188160 rows
Parsed 43296/188160 rows
Parsed 43328/188160 rows
Parsed 43360/188160 rows
Parsed 43392/188160 rows
Parsed 43424/188160 rows
Parsed 43456/188160 rows
Parsed 43488/188160 rows
Parsed 43520/188160 rows
Parsed 43552/188160 rows
Parsed 43584/188160 rows
Parsed 43616/188160 rows
Parsed 43648/188160 rows
Parsed 43680/188160 rows
Parsed 43712/188160 rows
Parsed 43744/188160 rows
Parsed 43776/188160 rows
Parsed 43808/188160 rows
Parsed 43840/188160 rows
Parsed 43872/188160 rows
Parsed 43904/188160 rows
Parsed 43936/188160 rows
Parsed 43968/188160 rows
Parsed 44000/188160 rows
Parsed 44032/188160 rows
Parsed 44064/188160 rows
Parsed 44096/188160 rows
Parsed 44128/188160 rows
Parsed 44160/188160 rows
Parsed 44192/188160 rows
Parsed 44224/188160 rows
Parsed 44256/188160 rows
Parsed 44288/188160 rows
Parsed 44320/188160 rows
Parsed 44352/188160 rows
Parsed 44384/188160 rows
Parsed 44416/188160 rows
Parsed 44448/188160 rows
Parsed 44480/188160 rows
Parsed 44512/188160 rows
Parsed 44544/188160 rows
Parsed 44576/188160 rows
Parsed 44608/188160 rows
Parsed 44640/188160 rows
Parsed 44672/188160 rows
Parsed 44704/188160 rows
Parsed 44736/188160 rows
Parsed 44768/188160 rows
Parsed 44800/188160 rows
Parsed 44832/188160 rows
Parsed 44864/188160 rows
Parsed 44896/188160 rows
Parsed 44928/188160 rows
Parsed 44960/188160 rows
Parsed 44992/188160 rows
Parsed 45024/188160 rows
Parsed 45056/188160 rows
Parsed 45088/188160 rows
Parsed 45120/188160 rows
Parsed 45152/188160 rows
Parsed 45184/188160 rows
Parsed 45216/188160 rows
Parsed 45248/188160 rows
Parsed 45280/188160 rows
Parsed 45312/188160 rows
Parsed 45344/188160 rows
Parsed 45376/188160 rows
Parsed 45408/188160 rows
Parsed 45440/188160 rows
Parsed 45472/188160 rows
Parsed 45504/188160 rows
Parsed 45536/188160 rows
Parsed 45568/188160 rows
Parsed 45600/188160 rows
Parsed 45632/188160 rows
Parsed 45664/188160 rows
Parsed 45696/188160 rows
Parsed 45728/188160 rows
Parsed 45760/188160 rows
Parsed 45792/188160 rows
Parsed 45824/188160 rows
Parsed 45856/188160 rows
Parsed 45888/188160 rows
Parsed 45920/188160 rows
Parsed 45952/188160 rows
Parsed 45984/188160 rows
Parsed 46016/188160 rows
Parsed 46048/188160 rows
Parsed 46080/188160 rows
Parsed 46112/188160 rows
Parsed 46144/188160 rows
Parsed 46176/188160 rows
Parsed 46208/188160 rows
Parsed 46240/188160 rows
Parsed 46272/188160 rows
Parsed 46304/188160 rows
Parsed 46336/188160 rows
Parsed 46368/188160 rows
Parsed 46400/188160 rows
Parsed 46432/188160 rows
Parsed 46464/188160 rows
Parsed 46496/188160 rows
Parsed 46528/188160 rows
Parsed 46560/188160 rows
Parsed 46592/188160 rows
Parsed 46624/188160 rows
Parsed 46656/188160 rows
Parsed 46688/188160 rows
Parsed 46720/188160 rows
Parsed 46752/188160 rows
Parsed 46784/188160 rows
Parsed 46816/188160 rows
Parsed 46848/188160 rows
Parsed 46880/188160 rows
Parsed 46912/188160 rows
Parsed 46944/188160 rows
Parsed 46976/188160 rows
Parsed 47008/188160 rows
Parsed 47040/188160 rows
Parsed 47072/188160 rows
Parsed 47104/188160 rows
Parsed 47136/188160 rows
Parsed 47168/188160 rows
Parsed 47200/188160 rows
Parsed 47232/188160 rows
Parsed 47264/188160 rows
Parsed 47296/188160 rows
Parsed 47328/188160 rows
Parsed 47360/188160 rows
Parsed 47392/188160 rows
Parsed 47424/188160 rows
Parsed 47456/188160 rows
Parsed 47488/188160 rows
Parsed 47520/188160 rows
Parsed 47552/188160 rows
Parsed 47584/188160 rows
Parsed 47616/188160 rows
Parsed 47648/188160 rows
Parsed 47680/188160 rows
Parsed 47712/188160 rows
Parsed 47744/188160 rows
Parsed 47776/188160 rows
Parsed 47808/188160 rows
Parsed 47840/188160 rows
Parsed 47872/188160 rows
Parsed 47904/188160 rows
Parsed 47936/188160 rows
Parsed 47968/188160 rows
Parsed 48000/188160 rows
Parsed 48032/188160 rows
Parsed 48064/188160 rows
Parsed 48096/188160 rows
Parsed 48128/188160 rows
Parsed 48160/188160 rows
Parsed 48192/188160 rows
Parsed 48224/188160 rows
Parsed 48256/188160 rows
Parsed 48288/188160 rows
Parsed 48320/188160 rows
Parsed 48352/188160 rows
Parsed 48384/188160 rows
Parsed 48416/188160 rows
Parsed 48448/188160 rows
Parsed 48480/188160 rows
Parsed 48512/188160 rows
Parsed 48544/188160 rows
Parsed 48576/188160 rows
Parsed 48608/188160 rows
Parsed 48640/188160 rows
Parsed 48672/188160 rows
Parsed 48704/188160 rows
Parsed 48736/188160 rows
Parsed 48768/188160 rows
Parsed 48800/188160 rows
Parsed 48832/188160 rows
Parsed 48864/188160 rows
Parsed 48896/188160 rows
Parsed 48928/188160 rows
Parsed 48960/188160 rows
Parsed 48992/188160 rows
Parsed 49024/188160 rows
Parsed 49056/188160 rows
Parsed 49088/188160 rows
Parsed 49120/188160 rows
Parsed 49152/188160 rows
Parsed 49184/188160 rows
Parsed 49216/188160 rows
Parsed 49248/188160 rows
Parsed 49280/188160 rows
Parsed 49312/188160 rows
Parsed 49344/188160 rows
Parsed 49376/188160 rows
Parsed 49408/188160 rows
Parsed 49440/188160 rows
Parsed 49472/188160 rows
Parsed 49504/188160 rows
Parsed 49536/188160 rows
Parsed 49568/188160 rows
Parsed 49600/188160 rows
Parsed 49632/188160 rows
Parsed 49664/188160 rows
Parsed 49696/188160 rows
Parsed 49728/188160 rows
Parsed 49760/188160 rows
Parsed 49792/188160 rows
Parsed 49824/188160 rows
Parsed 49856/188160 rows
Parsed 49888/188160 rows
Parsed 49920/188160 rows
Parsed 49952/188160 rows
Parsed 49984/188160 rows
Parsed 50016/188160 rows
Parsed 50048/188160 rows
Parsed 50080/188160 rows
Parsed 50112/188160 rows
Parsed 50144/188160 rows
Parsed 50176/188160 rows
Parsed 50208/188160 rows
Parsed 50240/188160 rows
Parsed 50272/188160 rows
Parsed 50304/188160 rows
Parsed 50336/188160 rows
Parsed 50368/188160 rows
Parsed 50400/188160 rows
Parsed 50432/188160 rows
Parsed 50464/188160 rows
Parsed 50496/188160 rows
Parsed 50528/188160 rows
Parsed 50560/188160 rows
Parsed 50592/188160 rows
Parsed 50624/188160 rows
Parsed 50656/188160 rows
Parsed 50688/188160 rows
Parsed 50720/188160 rows
Parsed 50752/188160 rows
Parsed 50784/188160 rows
Parsed 50816/188160 rows
Parsed 50848/188160 rows
Parsed 50880/188160 rows
Parsed 50912/188160 rows
Parsed 50944/188160 rows
Parsed 50976/188160 rows
Parsed 51008/188160 rows
Parsed 51040/188160 rows
Parsed 51072/188160 rows
Parsed 51104/188160 rows
Parsed 51136/188160 rows
Parsed 51168/188160 rows
Parsed 51200/188160 rows
Parsed 51232/188160 rows
Parsed 51264/188160 rows
Parsed 51296/188160 rows
Parsed 51328/188160 rows
Parsed 51360/188160 rows
Parsed 51392/188160 rows
Parsed 51424/188160 rows
Parsed 51456/188160 rows
Parsed 51488/188160 rows
Parsed 51520/188160 rows
Parsed 51552/188160 rows
Parsed 51584/188160 rows
Parsed 51616/188160 rows
Parsed 51648/188160 rows
Parsed 51680/188160 rows
Parsed 51712/188160 rows
Parsed 51744/188160 rows
Parsed 51776/188160 rows
Parsed 51808/188160 rows
Parsed 51840/188160 rows
Parsed 51872/188160 rows
Parsed 51904/188160 rows
Parsed 51936/188160 rows
Parsed 51968/188160 rows
Parsed 52000/188160 rows
Parsed 52032/188160 rows
Parsed 52064/188160 rows
Parsed 52096/188160 rows
Parsed 52128/188160 rows
Parsed 52160/188160 rows
Parsed 52192/188160 rows
Parsed 52224/188160 rows
Parsed 52256/188160 rows
Parsed 52288/188160 rows
Parsed 52320/188160 rows
Parsed 52352/188160 rows
Parsed 52384/188160 rows
Parsed 52416/188160 rows
Parsed 52448/188160 rows
Parsed 52480/188160 rows
Parsed 52512/188160 rows
Parsed 52544/188160 rows
Parsed 52576/188160 rows
Parsed 52608/188160 rows
Parsed 52640/188160 rows
Parsed 52672/188160 rows
Parsed 52704/188160 rows
Parsed 52736/188160 rows
Parsed 52768/188160 rows
Parsed 52800/188160 rows
Parsed 52832/188160 rows
Parsed 52864/188160 rows
Parsed 52896/188160 rows
Parsed 52928/188160 rows
Parsed 52960/188160 rows
Parsed 52992/188160 rows
Parsed 53024/188160 rows
Parsed 53056/188160 rows
Parsed 53088/188160 rows
Parsed 53120/188160 rows
Parsed 53152/188160 rows
Parsed 53184/188160 rows
Parsed 53216/188160 rows
Parsed 53248/188160 rows
Parsed 53280/188160 rows
Parsed 53312/188160 rows
Parsed 53344/188160 rows
Parsed 53376/188160 rows
Parsed 53408/188160 rows
Parsed 53440/188160 rows
Parsed 53472/188160 rows
Parsed 53504/188160 rows
Parsed 53536/188160 rows
Parsed 53568/188160 rows
Parsed 53600/188160 rows
Parsed 53632/188160 rows
Parsed 53664/188160 rows
Parsed 53696/188160 rows
Parsed 53728/188160 rows
Parsed 53760/188160 rows
Parsed 53792/188160 rows
Parsed 53824/188160 rows
Parsed 53856/188160 rows
Parsed 53888/188160 rows
Parsed 53920/188160 rows
Parsed 53952/188160 rows
Parsed 53984/188160 rows
Parsed 54016/188160 rows
Parsed 54048/188160 rows
Parsed 54080/188160 rows
Parsed 54112/188160 rows
Parsed 54144/188160 rows
Parsed 54176/188160 rows
Parsed 54208/188160 rows
Parsed 54240/188160 rows
Parsed 54272/188160 rows
Parsed 54304/188160 rows
Parsed 54336/188160 rows
Parsed 54368/188160 rows
Parsed 54400/188160 rows
Parsed 54432/188160 rows
Parsed 54464/188160 rows
Parsed 54496/188160 rows
Parsed 54528/188160 rows
Parsed 54560/188160 rows
Parsed 54592/188160 rows
Parsed 54624/188160 rows
Parsed 54656/188160 rows
Parsed 54688/188160 rows
Parsed 54720/188160 rows
Parsed 54752/188160 rows
Parsed 54784/188160 rows
Parsed 54816/188160 rows
Parsed 54848/188160 rows
Parsed 54880/188160 rows
Parsed 54912/188160 rows
Parsed 54944/188160 rows
Parsed 54976/188160 rows
Parsed 55008/188160 rows
Parsed 55040/188160 rows
Parsed 55072/188160 rows
Parsed 55104/188160 rows
Parsed 55136/188160 rows
Parsed 55168/188160 rows
Parsed 55200/188160 rows
Parsed 55232/188160 rows
Parsed 55264/188160 rows
Parsed 55296/188160 rows
Parsed 55328/188160 rows
Parsed 55360/188160 rows
Parsed 55392/188160 rows
Parsed 55424/188160 rows
Parsed 55456/188160 rows
Parsed 55488/188160 rows
Parsed 55520/188160 rows
Parsed 55552/188160 rows
Parsed 55584/188160 rows
Parsed 55616/188160 rows
Parsed 55648/188160 rows
Parsed 55680/188160 rows
Parsed 55712/188160 rows
Parsed 55744/188160 rows
Parsed 55776/188160 rows
Parsed 55808/188160 rows
Parsed 55840/188160 rows
Parsed 55872/188160 rows
Parsed 55904/188160 rows
Parsed 55936/188160 rows
Parsed 55968/188160 rows
Parsed 56000/188160 rows
Parsed 56032/188160 rows
Parsed 56064/188160 rows
Parsed 56096/188160 rows
Parsed 56128/188160 rows
Parsed 56160/188160 rows
Parsed 56192/188160 rows
Parsed 56224/188160 rows
Parsed 56256/188160 rows
Parsed 56288/188160 rows
Parsed 56320/188160 rows
Parsed 56352/188160 rows
Parsed 56384/188160 rows
Parsed 56416/188160 rows
Parsed 56448/188160 rows
Parsed 56480/188160 rows
Parsed 56512/188160 rows
Parsed 56544/188160 rows
Parsed 56576/188160 rows
Parsed 56608/188160 rows
Parsed 56640/188160 rows
Parsed 56672/188160 rows
Parsed 56704/188160 rows
Parsed 56736/188160 rows
Parsed 56768/188160 rows
Parsed 56800/188160 rows
Parsed 56832/188160 rows
Parsed 56864/188160 rows
Parsed 56896/188160 rows
Parsed 56928/188160 rows
Parsed 56960/188160 rows
Parsed 56992/188160 rows
Parsed 57024/188160 rows
Parsed 57056/188160 rows
Parsed 57088/188160 rows
Parsed 57120/188160 rows
Parsed 57152/188160 rows
Parsed 57184/188160 rows
Parsed 57216/188160 rows
Parsed 57248/188160 rows
Parsed 57280/188160 rows
Parsed 57312/188160 rows
Parsed 57344/188160 rows
Parsed 57376/188160 rows
Parsed 57408/188160 rows
Parsed 57440/188160 rows
Parsed 57472/188160 rows
Parsed 57504/188160 rows
Parsed 57536/188160 rows
Parsed 57568/188160 rows
Parsed 57600/188160 rows
Parsed 57632/188160 rows
Parsed 57664/188160 rows
Parsed 57696/188160 rows
Parsed 57728/188160 rows
Parsed 57760/188160 rows
Parsed 57792/188160 rows
Parsed 57824/188160 rows
Parsed 57856/188160 rows
Parsed 57888/188160 rows
Parsed 57920/188160 rows
Parsed 57952/188160 rows
Parsed 57984/188160 rows
Parsed 58016/188160 rows
Parsed 58048/188160 rows
Parsed 58080/188160 rows
Parsed 58112/188160 rows
Parsed 58144/188160 rows
Parsed 58176/188160 rows
Parsed 58208/188160 rows
Parsed 58240/188160 rows
Parsed 58272/188160 rows
Parsed 58304/188160 rows
Parsed 58336/188160 rows
Parsed 58368/188160 rows
Parsed 58400/188160 rows
Parsed 58432/188160 rows
Parsed 58464/188160 rows
Parsed 58496/188160 rows
Parsed 58528/188160 rows
Parsed 58560/188160 rows
Parsed 58592/188160 rows
Parsed 58624/188160 rows
Parsed 58656/188160 rows
Parsed 58688/188160 rows
Parsed 58720/188160 rows
Parsed 58752/188160 rows
Parsed 58784/188160 rows
Parsed 58816/188160 rows
Parsed 58848/188160 rows
Parsed 58880/188160 rows
Parsed 58912/188160 rows
Parsed 58944/188160 rows
Parsed 58976/188160 rows
Parsed 59008/188160 rows
Parsed 59040/188160 rows
Parsed 59072/188160 rows
Parsed 59104/188160 rows
Parsed 59136/188160 rows
Parsed 59168/188160 rows
Parsed 59200/188160 rows
Parsed 59232/188160 rows
Parsed 59264/188160 rows
Parsed 59296/188160 rows
Parsed 59328/188160 rows
Parsed 59360/188160 rows
Parsed 59392/188160 rows
Parsed 59424/188160 rows
Parsed 59456/188160 rows
Parsed 59488/188160 rows
Parsed 59520/188160 rows
Parsed 59552/188160 rows
Parsed 59584/188160 rows
Parsed 59616/188160 rows
Parsed 59648/188160 rows
Parsed 59680/188160 rows
Parsed 59712/188160 rows
Parsed 59744/188160 rows
Parsed 59776/188160 rows
Parsed 59808/188160 rows
Parsed 59840/188160 rows
Parsed 59872/188160 rows
Parsed 59904/188160 rows
Parsed 59936/188160 rows
Parsed 59968/188160 rows
Parsed 60000/188160 rows
Parsed 60032/188160 rows
Parsed 60064/188160 rows
Parsed 60096/188160 rows
Parsed 60128/188160 rows
Parsed 60160/188160 rows
Parsed 60192/188160 rows
Parsed 60224/188160 rows
Parsed 60256/188160 rows
Parsed 60288/188160 rows
Parsed 60320/188160 rows
Parsed 60352/188160 rows
Parsed 60384/188160 rows
Parsed 60416/188160 rows
Parsed 60448/188160 rows
Parsed 60480/188160 rows
Parsed 60512/188160 rows
Parsed 60544/188160 rows
Parsed 60576/188160 rows
Parsed 60608/188160 rows
Parsed 60640/188160 rows
Parsed 60672/188160 rows
Parsed 60704/188160 rows
Parsed 60736/188160 rows
Parsed 60768/188160 rows
Parsed 60800/188160 rows
Parsed 60832/188160 rows
Parsed 60864/188160 rows
Parsed 60896/188160 rows
Parsed 60928/188160 rows
Parsed 60960/188160 rows
Parsed 60992/188160 rows
Parsed 61024/188160 rows
Parsed 61056/188160 rows
Parsed 61088/188160 rows
Parsed 61120/188160 rows
Parsed 61152/188160 rows
Parsed 61184/188160 rows
Parsed 61216/188160 rows
Parsed 61248/188160 rows
Parsed 61280/188160 rows
Parsed 61312/188160 rows
Parsed 61344/188160 rows
Parsed 61376/188160 rows
Parsed 61408/188160 rows
Parsed 61440/188160 rows
Parsed 61472/188160 rows
Parsed 61504/188160 rows
Parsed 61536/188160 rows
Parsed 61568/188160 rows
Parsed 61600/188160 rows
Parsed 61632/188160 rows
Parsed 61664/188160 rows
Parsed 61696/188160 rows
Parsed 61728/188160 rows
Parsed 61760/188160 rows
Parsed 61792/188160 rows
Parsed 61824/188160 rows
Parsed 61856/188160 rows
Parsed 61888/188160 rows
Parsed 61920/188160 rows
Parsed 61952/188160 rows
Parsed 61984/188160 rows
Parsed 62016/188160 rows
Parsed 62048/188160 rows
Parsed 62080/188160 rows
Parsed 62112/188160 rows
Parsed 62144/188160 rows
Parsed 62176/188160 rows
Parsed 62208/188160 rows
Parsed 62240/188160 rows
Parsed 62272/188160 rows
Parsed 62304/188160 rows
Parsed 62336/188160 rows
Parsed 62368/188160 rows
Parsed 62400/188160 rows
Parsed 62432/188160 rows
Parsed 62464/188160 rows
Parsed 62496/188160 rows
Parsed 62528/188160 rows
Parsed 62560/188160 rows
Parsed 62592/188160 rows
Parsed 62624/188160 rows
Parsed 62656/188160 rows
Parsed 62688/188160 rows
Parsed 62720/188160 rows
Parsed 62752/188160 rows
Parsed 62784/188160 rows
Parsed 62816/188160 rows
Parsed 62848/188160 rows
Parsed 62880/188160 rows
Parsed 62912/188160 rows
Parsed 62944/188160 rows
Parsed 62976/188160 rows
Parsed 63008/188160 rows
Parsed 63040/188160 rows
Parsed 63072/188160 rows
Parsed 63104/188160 rows
Parsed 63136/188160 rows
Parsed 63168/188160 rows
Parsed 63200/188160 rows
Parsed 63232/188160 rows
Parsed 63264/188160 rows
Parsed 63296/188160 rows
Parsed 63328/188160 rows
Parsed 63360/188160 rows
Parsed 63392/188160 rows
Parsed 63424/188160 rows
Parsed 63456/188160 rows
Parsed 63488/188160 rows
Parsed 63520/188160 rows
Parsed 63552/188160 rows
Parsed 63584/188160 rows
Parsed 63616/188160 rows
Parsed 63648/188160 rows
Parsed 63680/188160 rows
Parsed 63712/188160 rows
Parsed 63744/188160 rows
Parsed 63776/188160 rows
Parsed 63808/188160 rows
Parsed 63840/188160 rows
Parsed 63872/188160 rows
Parsed 63904/188160 rows
Parsed 63936/188160 rows
Parsed 63968/188160 rows
Parsed 64000/188160 rows
Parsed 64032/188160 rows
Parsed 64064/188160 rows
Parsed 64096/188160 rows
Parsed 64128/188160 rows
Parsed 64160/188160 rows
Parsed 64192/188160 rows
Parsed 64224/188160 rows
Parsed 64256/188160 rows
Parsed 64288/188160 rows
Parsed 64320/188160 rows
Parsed 64352/188160 rows
Parsed 64384/188160 rows
Parsed 64416/188160 rows
Parsed 64448/188160 rows
Parsed 64480/188160 rows
Parsed 64512/188160 rows
Parsed 64544/188160 rows
Parsed 64576/188160 rows
Parsed 64608/188160 rows
Parsed 64640/188160 rows
Parsed 64672/188160 rows
Parsed 64704/188160 rows
Parsed 64736/188160 rows
Parsed 64768/188160 rows
Parsed 64800/188160 rows
Parsed 64832/188160 rows
Parsed 64864/188160 rows
Parsed 64896/188160 rows
Parsed 64928/188160 rows
Parsed 64960/188160 rows
Parsed 64992/188160 rows
Parsed 65024/188160 rows
Parsed 65056/188160 rows
Parsed 65088/188160 rows
Parsed 65120/188160 rows
Parsed 65152/188160 rows
Parsed 65184/188160 rows
Parsed 65216/188160 rows
Parsed 65248/188160 rows
Parsed 65280/188160 rows
Parsed 65312/188160 rows
Parsed 65344/188160 rows
Parsed 65376/188160 rows
Parsed 65408/188160 rows
Parsed 65440/188160 rows
Parsed 65472/188160 rows
Parsed 65504/188160 rows
Parsed 65536/188160 rows
Parsed 65568/188160 rows
Parsed 65600/188160 rows
Parsed 65632/188160 rows
Parsed 65664/188160 rows
Parsed 65696/188160 rows
Parsed 65728/188160 rows
Parsed 65760/188160 rows
Parsed 65792/188160 rows
Parsed 65824/188160 rows
Parsed 65856/188160 rows
Parsed 65888/188160 rows
Parsed 65920/188160 rows
Parsed 65952/188160 rows
Parsed 65984/188160 rows
Parsed 66016/188160 rows
Parsed 66048/188160 rows
Parsed 66080/188160 rows
Parsed 66112/188160 rows
Parsed 66144/188160 rows
Parsed 66176/188160 rows
Parsed 66208/188160 rows
Parsed 66240/188160 rows
Parsed 66272/188160 rows
Parsed 66304/188160 rows
Parsed 66336/188160 rows
Parsed 66368/188160 rows
Parsed 66400/188160 rows
Parsed 66432/188160 rows
Parsed 66464/188160 rows
Parsed 66496/188160 rows
Parsed 66528/188160 rows
Parsed 66560/188160 rows
Parsed 66592/188160 rows
Parsed 66624/188160 rows
Parsed 66656/188160 rows
Parsed 66688/188160 rows
Parsed 66720/188160 rows
Parsed 66752/188160 rows
Parsed 66784/188160 rows
Parsed 66816/188160 rows
Parsed 66848/188160 rows
Parsed 66880/188160 rows
Parsed 66912/188160 rows
Parsed 66944/188160 rows
Parsed 66976/188160 rows
Parsed 67008/188160 rows
Parsed 67040/188160 rows
Parsed 67072/188160 rows
Parsed 67104/188160 rows
Parsed 67136/188160 rows
Parsed 67168/188160 rows
Parsed 67200/188160 rows
Parsed 67232/188160 rows
Parsed 67264/188160 rows
Parsed 67296/188160 rows
Parsed 67328/188160 rows
Parsed 67360/188160 rows
Parsed 67392/188160 rows
Parsed 67424/188160 rows
Parsed 67456/188160 rows
Parsed 67488/188160 rows
Parsed 67520/188160 rows
Parsed 67552/188160 rows
Parsed 67584/188160 rows
Parsed 67616/188160 rows
Parsed 67648/188160 rows
Parsed 67680/188160 rows
Parsed 67712/188160 rows
Parsed 67744/188160 rows
Parsed 67776/188160 rows
Parsed 67808/188160 rows
Parsed 67840/188160 rows
Parsed 67872/188160 rows
Parsed 67904/188160 rows
Parsed 67936/188160 rows
Parsed 67968/188160 rows
Parsed 68000/188160 rows
Parsed 68032/188160 rows
Parsed 68064/188160 rows
Parsed 68096/188160 rows
Parsed 68128/188160 rows
Parsed 68160/188160 rows
Parsed 68192/188160 rows
Parsed 68224/188160 rows
Parsed 68256/188160 rows
Parsed 68288/188160 rows
Parsed 68320/188160 rows
Parsed 68352/188160 rows
Parsed 68384/188160 rows
Parsed 68416/188160 rows
Parsed 68448/188160 rows
Parsed 68480/188160 rows
Parsed 68512/188160 rows
Parsed 68544/188160 rows
Parsed 68576/188160 rows
Parsed 68608/188160 rows
Parsed 68640/188160 rows
Parsed 68672/188160 rows
Parsed 68704/188160 rows
Parsed 68736/188160 rows
Parsed 68768/188160 rows
Parsed 68800/188160 rows
Parsed 68832/188160 rows
Parsed 68864/188160 rows
Parsed 68896/188160 rows
Parsed 68928/188160 rows
Parsed 68960/188160 rows
Parsed 68992/188160 rows
Parsed 69024/188160 rows
Parsed 69056/188160 rows
Parsed 69088/188160 rows
Parsed 69120/188160 rows
Parsed 69152/188160 rows
Parsed 69184/188160 rows
Parsed 69216/188160 rows
Parsed 69248/188160 rows
Parsed 69280/188160 rows
Parsed 69312/188160 rows
Parsed 69344/188160 rows
Parsed 69376/188160 rows
Parsed 69408/188160 rows
Parsed 69440/188160 rows
Parsed 69472/188160 rows
Parsed 69504/188160 rows
Parsed 69536/188160 rows
Parsed 69568/188160 rows
Parsed 69600/188160 rows
Parsed 69632/188160 rows
Parsed 69664/188160 rows
Parsed 69696/188160 rows
Parsed 69728/188160 rows
Parsed 69760/188160 rows
Parsed 69792/188160 rows
Parsed 69824/188160 rows
Parsed 69856/188160 rows
Parsed 69888/188160 rows
Parsed 69920/188160 rows
Parsed 69952/188160 rows
Parsed 69984/188160 rows
Parsed 70016/188160 rows
Parsed 70048/188160 rows
Parsed 70080/188160 rows
Parsed 70112/188160 rows
Parsed 70144/188160 rows
Parsed 70176/188160 rows
Parsed 70208/188160 rows
Parsed 70240/188160 rows
Parsed 70272/188160 rows
Parsed 70304/188160 rows
Parsed 70336/188160 rows
Parsed 70368/188160 rows
Parsed 70400/188160 rows
Parsed 70432/188160 rows
Parsed 70464/188160 rows
Parsed 70496/188160 rows
Parsed 70528/188160 rows
Parsed 70560/188160 rows
Parsed 70592/188160 rows
Parsed 70624/188160 rows
Parsed 70656/188160 rows
Parsed 70688/188160 rows
Parsed 70720/188160 rows
Parsed 70752/188160 rows
Parsed 70784/188160 rows
Parsed 70816/188160 rows
Parsed 70848/188160 rows
Parsed 70880/188160 rows
Parsed 70912/188160 rows
Parsed 70944/188160 rows
Parsed 70976/188160 rows
Parsed 71008/188160 rows
Parsed 71040/188160 rows
Parsed 71072/188160 rows
Parsed 71104/188160 rows
Parsed 71136/188160 rows
Parsed 71168/188160 rows
Parsed 71200/188160 rows
Parsed 71232/188160 rows
Parsed 71264/188160 rows
Parsed 71296/188160 rows
Parsed 71328/188160 rows
Parsed 71360/188160 rows
Parsed 71392/188160 rows
Parsed 71424/188160 rows
Parsed 71456/188160 rows
Parsed 71488/188160 rows
Parsed 71520/188160 rows
Parsed 71552/188160 rows
Parsed 71584/188160 rows
Parsed 71616/188160 rows
Parsed 71648/188160 rows
Parsed 71680/188160 rows
Parsed 71712/188160 rows
Parsed 71744/188160 rows
Parsed 71776/188160 rows
Parsed 71808/188160 rows
Parsed 71840/188160 rows
Parsed 71872/188160 rows
Parsed 71904/188160 rows
Parsed 71936/188160 rows
Parsed 71968/188160 rows
Parsed 72000/188160 rows
Parsed 72032/188160 rows
Parsed 72064/188160 rows
Parsed 72096/188160 rows
Parsed 72128/188160 rows
Parsed 72160/188160 rows
Parsed 72192/188160 rows
Parsed 72224/188160 rows
Parsed 72256/188160 rows
Parsed 72288/188160 rows
Parsed 72320/188160 rows
Parsed 72352/188160 rows
Parsed 72384/188160 rows
Parsed 72416/188160 rows
Parsed 72448/188160 rows
Parsed 72480/188160 rows
Parsed 72512/188160 rows
Parsed 72544/188160 rows
Parsed 72576/188160 rows
Parsed 72608/188160 rows
Parsed 72640/188160 rows
Parsed 72672/188160 rows
Parsed 72704/188160 rows
Parsed 72736/188160 rows
Parsed 72768/188160 rows
Parsed 72800/188160 rows
Parsed 72832/188160 rows
Parsed 72864/188160 rows
Parsed 72896/188160 rows
Parsed 72928/188160 rows
Parsed 72960/188160 rows
Parsed 72992/188160 rows
Parsed 73024/188160 rows
Parsed 73056/188160 rows
Parsed 73088/188160 rows
Parsed 73120/188160 rows
Parsed 73152/188160 rows
Parsed 73184/188160 rows
Parsed 73216/188160 rows
Parsed 73248/188160 rows
Parsed 73280/188160 rows
Parsed 73312/188160 rows
Parsed 73344/188160 rows
Parsed 73376/188160 rows
Parsed 73408/188160 rows
Parsed 73440/188160 rows
Parsed 73472/188160 rows
Parsed 73504/188160 rows
Parsed 73536/188160 rows
Parsed 73568/188160 rows
Parsed 73600/188160 rows
Parsed 73632/188160 rows
Parsed 73664/188160 rows
Parsed 73696/188160 rows
Parsed 73728/188160 rows
Parsed 73760/188160 rows
Parsed 73792/188160 rows
Parsed 73824/188160 rows
Parsed 73856/188160 rows
Parsed 73888/188160 rows
Parsed 73920/188160 rows
Parsed 73952/188160 rows
Parsed 73984/188160 rows
Parsed 74016/188160 rows
Parsed 74048/188160 rows
Parsed 74080/188160 rows
Parsed 74112/188160 rows
Parsed 74144/188160 rows
Parsed 74176/188160 rows
Parsed 74208/188160 rows
Parsed 74240/188160 rows
Parsed 74272/188160 rows
Parsed 74304/188160 rows
Parsed 74336/188160 rows
Parsed 74368/188160 rows
Parsed 74400/188160 rows
Parsed 74432/188160 rows
Parsed 74464/188160 rows
Parsed 74496/188160 rows
Parsed 74528/188160 rows
Parsed 74560/188160 rows
Parsed 74592/188160 rows
Parsed 74624/188160 rows
Parsed 74656/188160 rows
Parsed 74688/188160 rows
Parsed 74720/188160 rows
Parsed 74752/188160 rows
Parsed 74784/188160 rows
Parsed 74816/188160 rows
Parsed 74848/188160 rows
Parsed 74880/188160 rows
Parsed 74912/188160 rows
Parsed 74944/188160 rows
Parsed 74976/188160 rows
Parsed 75008/188160 rows
Parsed 75040/188160 rows
Parsed 75072/188160 rows
Parsed 75104/188160 rows
Parsed 75136/188160 rows
Parsed 75168/188160 rows
Parsed 75200/188160 rows
Parsed 75232/188160 rows
Parsed 75264/188160 rows
Parsed 75296/188160 rows
Parsed 75328/188160 rows
Parsed 75360/188160 rows
Parsed 75392/188160 rows
Parsed 75424/188160 rows
Parsed 75456/188160 rows
Parsed 75488/188160 rows
Parsed 75520/188160 rows
Parsed 75552/188160 rows
Parsed 75584/188160 rows
Parsed 75616/188160 rows
Parsed 75648/188160 rows
Parsed 75680/188160 rows
Parsed 75712/188160 rows
Parsed 75744/188160 rows
Parsed 75776/188160 rows
Parsed 75808/188160 rows
Parsed 75840/188160 rows
Parsed 75872/188160 rows
Parsed 75904/188160 rows
Parsed 75936/188160 rows
Parsed 75968/188160 rows
Parsed 76000/188160 rows
Parsed 76032/188160 rows
Parsed 76064/188160 rows
Parsed 76096/188160 rows
Parsed 76128/188160 rows
Parsed 76160/188160 rows
Parsed 76192/188160 rows
Parsed 76224/188160 rows
Parsed 76256/188160 rows
Parsed 76288/188160 rows
Parsed 76320/188160 rows
Parsed 76352/188160 rows
Parsed 76384/188160 rows
Parsed 76416/188160 rows
Parsed 76448/188160 rows
Parsed 76480/188160 rows
Parsed 76512/188160 rows
Parsed 76544/188160 rows
Parsed 76576/188160 rows
Parsed 76608/188160 rows
Parsed 76640/188160 rows
Parsed 76672/188160 rows
Parsed 76704/188160 rows
Parsed 76736/188160 rows
Parsed 76768/188160 rows
Parsed 76800/188160 rows
Parsed 76832/188160 rows
Parsed 76864/188160 rows
Parsed 76896/188160 rows
Parsed 76928/188160 rows
Parsed 76960/188160 rows
Parsed 76992/188160 rows
Parsed 77024/188160 rows
Parsed 77056/188160 rows
Parsed 77088/188160 rows
Parsed 77120/188160 rows
Parsed 77152/188160 rows
Parsed 77184/188160 rows
Parsed 77216/188160 rows
Parsed 77248/188160 rows
Parsed 77280/188160 rows
Parsed 77312/188160 rows
Parsed 77344/188160 rows
Parsed 77376/188160 rows
Parsed 77408/188160 rows
Parsed 77440/188160 rows
Parsed 77472/188160 rows
Parsed 77504/188160 rows
Parsed 77536/188160 rows
Parsed 77568/188160 rows
Parsed 77600/188160 rows
Parsed 77632/188160 rows
Parsed 77664/188160 rows
Parsed 77696/188160 rows
Parsed 77728/188160 rows
Parsed 77760/188160 rows
Parsed 77792/188160 rows
Parsed 77824/188160 rows
Parsed 77856/188160 rows
Parsed 77888/188160 rows
Parsed 77920/188160 rows
Parsed 77952/188160 rows
Parsed 77984/188160 rows
Parsed 78016/188160 rows
Parsed 78048/188160 rows
Parsed 78080/188160 rows
Parsed 78112/188160 rows
Parsed 78144/188160 rows
Parsed 78176/188160 rows
Parsed 78208/188160 rows
Parsed 78240/188160 rows
Parsed 78272/188160 rows
Parsed 78304/188160 rows
Parsed 78336/188160 rows
Parsed 78368/188160 rows
Parsed 78400/188160 rows
Parsed 78432/188160 rows
Parsed 78464/188160 rows
Parsed 78496/188160 rows
Parsed 78528/188160 rows
Parsed 78560/188160 rows
Parsed 78592/188160 rows
Parsed 78624/188160 rows
Parsed 78656/188160 rows
Parsed 78688/188160 rows
Parsed 78720/188160 rows
Parsed 78752/188160 rows
Parsed 78784/188160 rows
Parsed 78816/188160 rows
Parsed 78848/188160 rows
Parsed 78880/188160 rows
Parsed 78912/188160 rows
Parsed 78944/188160 rows
Parsed 78976/188160 rows
Parsed 79008/188160 rows
Parsed 79040/188160 rows
Parsed 79072/188160 rows
Parsed 79104/188160 rows
Parsed 79136/188160 rows
Parsed 79168/188160 rows
Parsed 79200/188160 rows
Parsed 79232/188160 rows
Parsed 79264/188160 rows
Parsed 79296/188160 rows
Parsed 79328/188160 rows
Parsed 79360/188160 rows
Parsed 79392/188160 rows
Parsed 79424/188160 rows
Parsed 79456/188160 rows
Parsed 79488/188160 rows
Parsed 79520/188160 rows
Parsed 79552/188160 rows
Parsed 79584/188160 rows
Parsed 79616/188160 rows
Parsed 79648/188160 rows
Parsed 79680/188160 rows
Parsed 79712/188160 rows
Parsed 79744/188160 rows
Parsed 79776/188160 rows
Parsed 79808/188160 rows
Parsed 79840/188160 rows
Parsed 79872/188160 rows
Parsed 79904/188160 rows
Parsed 79936/188160 rows
Parsed 79968/188160 rows
Parsed 80000/188160 rows
Parsed 80032/188160 rows
Parsed 80064/188160 rows
Parsed 80096/188160 rows
Parsed 80128/188160 rows
Parsed 80160/188160 rows
Parsed 80192/188160 rows
Parsed 80224/188160 rows
Parsed 80256/188160 rows
Parsed 80288/188160 rows
Parsed 80320/188160 rows
Parsed 80352/188160 rows
Parsed 80384/188160 rows
Parsed 80416/188160 rows
Parsed 80448/188160 rows
Parsed 80480/188160 rows
Parsed 80512/188160 rows
Parsed 80544/188160 rows
Parsed 80576/188160 rows
Parsed 80608/188160 rows
Parsed 80640/188160 rows
Parsed 80672/188160 rows
Parsed 80704/188160 rows
Parsed 80736/188160 rows
Parsed 80768/188160 rows
Parsed 80800/188160 rows
Parsed 80832/188160 rows
Parsed 80864/188160 rows
Parsed 80896/188160 rows
Parsed 80928/188160 rows
Parsed 80960/188160 rows
Parsed 80992/188160 rows
Parsed 81024/188160 rows
Parsed 81056/188160 rows
Parsed 81088/188160 rows
Parsed 81120/188160 rows
Parsed 81152/188160 rows
Parsed 81184/188160 rows
Parsed 81216/188160 rows
Parsed 81248/188160 rows
Parsed 81280/188160 rows
Parsed 81312/188160 rows
Parsed 81344/188160 rows
Parsed 81376/188160 rows
Parsed 81408/188160 rows
Parsed 81440/188160 rows
Parsed 81472/188160 rows
Parsed 81504/188160 rows
Parsed 81536/188160 rows
Parsed 81568/188160 rows
Parsed 81600/188160 rows
Parsed 81632/188160 rows
Parsed 81664/188160 rows
Parsed 81696/188160 rows
Parsed 81728/188160 rows
Parsed 81760/188160 rows
Parsed 81792/188160 rows
Parsed 81824/188160 rows
Parsed 81856/188160 rows
Parsed 81888/188160 rows
Parsed 81920/188160 rows
Parsed 81952/188160 rows
Parsed 81984/188160 rows
Parsed 82016/188160 rows
Parsed 82048/188160 rows
Parsed 82080/188160 rows
Parsed 82112/188160 rows
Parsed 82144/188160 rows
Parsed 82176/188160 rows
Parsed 82208/188160 rows
Parsed 82240/188160 rows
Parsed 82272/188160 rows
Parsed 82304/188160 rows
Parsed 82336/188160 rows
Parsed 82368/188160 rows
Parsed 82400/188160 rows
Parsed 82432/188160 rows
Parsed 82464/188160 rows
Parsed 82496/188160 rows
Parsed 82528/188160 rows
Parsed 82560/188160 rows
Parsed 82592/188160 rows
Parsed 82624/188160 rows
Parsed 82656/188160 rows
Parsed 82688/188160 rows
Parsed 82720/188160 rows
Parsed 82752/188160 rows
Parsed 82784/188160 rows
Parsed 82816/188160 rows
Parsed 82848/188160 rows
Parsed 82880/188160 rows
Parsed 82912/188160 rows
Parsed 82944/188160 rows
Parsed 82976/188160 rows
Parsed 83008/188160 rows
Parsed 83040/188160 rows
Parsed 83072/188160 rows
Parsed 83104/188160 rows
Parsed 83136/188160 rows
Parsed 83168/188160 rows
Parsed 83200/188160 rows
Parsed 83232/188160 rows
Parsed 83264/188160 rows
Parsed 83296/188160 rows
Parsed 83328/188160 rows
Parsed 83360/188160 rows
Parsed 83392/188160 rows
Parsed 83424/188160 rows
Parsed 83456/188160 rows
Parsed 83488/188160 rows
Parsed 83520/188160 rows
Parsed 83552/188160 rows
Parsed 83584/188160 rows
Parsed 83616/188160 rows
Parsed 83648/188160 rows
Parsed 83680/188160 rows
Parsed 83712/188160 rows
Parsed 83744/188160 rows
Parsed 83776/188160 rows
Parsed 83808/188160 rows
Parsed 83840/188160 rows
Parsed 83872/188160 rows
Parsed 83904/188160 rows
Parsed 83936/188160 rows
Parsed 83968/188160 rows
Parsed 84000/188160 rows
Parsed 84032/188160 rows
Parsed 84064/188160 rows
Parsed 84096/188160 rows
Parsed 84128/188160 rows
Parsed 84160/188160 rows
Parsed 84192/188160 rows
Parsed 84224/188160 rows
Parsed 84256/188160 rows
Parsed 84288/188160 rows
Parsed 84320/188160 rows
Parsed 84352/188160 rows
Parsed 84384/188160 rows
Parsed 84416/188160 rows
Parsed 84448/188160 rows
Parsed 84480/188160 rows
Parsed 84512/188160 rows
Parsed 84544/188160 rows
Parsed 84576/188160 rows
Parsed 84608/188160 rows
Parsed 84640/188160 rows
Parsed 84672/188160 rows
Parsed 84704/188160 rows
Parsed 84736/188160 rows
Parsed 84768/188160 rows
Parsed 84800/188160 rows
Parsed 84832/188160 rows
Parsed 84864/188160 rows
Parsed 84896/188160 rows
Parsed 84928/188160 rows
Parsed 84960/188160 rows
Parsed 84992/188160 rows
Parsed 85024/188160 rows
Parsed 85056/188160 rows
Parsed 85088/188160 rows
Parsed 85120/188160 rows
Parsed 85152/188160 rows
Parsed 85184/188160 rows
Parsed 85216/188160 rows
Parsed 85248/188160 rows
Parsed 85280/188160 rows
Parsed 85312/188160 rows
Parsed 85344/188160 rows
Parsed 85376/188160 rows
Parsed 85408/188160 rows
Parsed 85440/188160 rows
Parsed 85472/188160 rows
Parsed 85504/188160 rows
Parsed 85536/188160 rows
Parsed 85568/188160 rows
Parsed 85600/188160 rows
Parsed 85632/188160 rows
Parsed 85664/188160 rows
Parsed 85696/188160 rows
Parsed 85728/188160 rows
Parsed 85760/188160 rows
Parsed 85792/188160 rows
Parsed 85824/188160 rows
Parsed 85856/188160 rows
Parsed 85888/188160 rows
Parsed 85920/188160 rows
Parsed 85952/188160 rows
Parsed 85984/188160 rows
Parsed 86016/188160 rows
Parsed 86048/188160 rows
Parsed 86080/188160 rows
Parsed 86112/188160 rows
Parsed 86144/188160 rows
Parsed 86176/188160 rows
Parsed 86208/188160 rows
Parsed 86240/188160 rows
Parsed 86272/188160 rows
Parsed 86304/188160 rows
Parsed 86336/188160 rows
Parsed 86368/188160 rows
Parsed 86400/188160 rows
Parsed 86432/188160 rows
Parsed 86464/188160 rows
Parsed 86496/188160 rows
Parsed 86528/188160 rows
Parsed 86560/188160 rows
Parsed 86592/188160 rows
Parsed 86624/188160 rows
Parsed 86656/188160 rows
Parsed 86688/188160 rows
Parsed 86720/188160 rows
Parsed 86752/188160 rows
Parsed 86784/188160 rows
Parsed 86816/188160 rows
Parsed 86848/188160 rows
Parsed 86880/188160 rows
Parsed 86912/188160 rows
Parsed 86944/188160 rows
Parsed 86976/188160 rows
Parsed 87008/188160 rows
Parsed 87040/188160 rows
Parsed 87072/188160 rows
Parsed 87104/188160 rows
Parsed 87136/188160 rows
Parsed 87168/188160 rows
Parsed 87200/188160 rows
Parsed 87232/188160 rows
Parsed 87264/188160 rows
Parsed 87296/188160 rows
Parsed 87328/188160 rows
Parsed 87360/188160 rows
Parsed 87392/188160 rows
Parsed 87424/188160 rows
Parsed 87456/188160 rows
Parsed 87488/188160 rows
Parsed 87520/188160 rows
Parsed 87552/188160 rows
Parsed 87584/188160 rows
Parsed 87616/188160 rows
Parsed 87648/188160 rows
Parsed 87680/188160 rows
Parsed 87712/188160 rows
Parsed 87744/188160 rows
Parsed 87776/188160 rows
Parsed 87808/188160 rows
Parsed 87840/188160 rows
Parsed 87872/188160 rows
Parsed 87904/188160 rows
Parsed 87936/188160 rows
Parsed 87968/188160 rows
Parsed 88000/188160 rows
Parsed 88032/188160 rows
Parsed 88064/188160 rows
Parsed 88096/188160 rows
Parsed 88128/188160 rows
Parsed 88160/188160 rows
Parsed 88192/188160 rows
Parsed 88224/188160 rows
Parsed 88256/188160 rows
Parsed 88288/188160 rows
Parsed 88320/188160 rows
Parsed 88352/188160 rows
Parsed 88384/188160 rows
Parsed 88416/188160 rows
Parsed 88448/188160 rows
Parsed 88480/188160 rows
Parsed 88512/188160 rows
Parsed 88544/188160 rows
Parsed 88576/188160 rows
Parsed 88608/188160 rows
Parsed 88640/188160 rows
Parsed 88672/188160 rows
Parsed 88704/188160 rows
Parsed 88736/188160 rows
Parsed 88768/188160 rows
Parsed 88800/188160 rows
Parsed 88832/188160 rows
Parsed 88864/188160 rows
Parsed 88896/188160 rows
Parsed 88928/188160 rows
Parsed 88960/188160 rows
Parsed 88992/188160 rows
Parsed 89024/188160 rows
Parsed 89056/188160 rows
Parsed 89088/188160 rows
Parsed 89120/188160 rows
Parsed 89152/188160 rows
Parsed 89184/188160 rows
Parsed 89216/188160 rows
Parsed 89248/188160 rows
Parsed 89280/188160 rows
Parsed 89312/188160 rows
Parsed 89344/188160 rows
Parsed 89376/188160 rows
Parsed 89408/188160 rows
Parsed 89440/188160 rows
Parsed 89472/188160 rows
Parsed 89504/188160 rows
Parsed 89536/188160 rows
Parsed 89568/188160 rows
Parsed 89600/188160 rows
Parsed 89632/188160 rows
Parsed 89664/188160 rows
Parsed 89696/188160 rows
Parsed 89728/188160 rows
Parsed 89760/188160 rows
Parsed 89792/188160 rows
Parsed 89824/188160 rows
Parsed 89856/188160 rows
Parsed 89888/188160 rows
Parsed 89920/188160 rows
Parsed 89952/188160 rows
Parsed 89984/188160 rows
Parsed 90016/188160 rows
Parsed 90048/188160 rows
Parsed 90080/188160 rows
Parsed 90112/188160 rows
Parsed 90144/188160 rows
Parsed 90176/188160 rows
Parsed 90208/188160 rows
Parsed 90240/188160 rows
Parsed 90272/188160 rows
Parsed 90304/188160 rows
Parsed 90336/188160 rows
Parsed 90368/188160 rows
Parsed 90400/188160 rows
Parsed 90432/188160 rows
Parsed 90464/188160 rows
Parsed 90496/188160 rows
Parsed 90528/188160 rows
Parsed 90560/188160 rows
Parsed 90592/188160 rows
Parsed 90624/188160 rows
Parsed 90656/188160 rows
Parsed 90688/188160 rows
Parsed 90720/188160 rows
Parsed 90752/188160 rows
Parsed 90784/188160 rows
Parsed 90816/188160 rows
Parsed 90848/188160 rows
Parsed 90880/188160 rows
Parsed 90912/188160 rows
Parsed 90944/188160 rows
Parsed 90976/188160 rows
Parsed 91008/188160 rows
Parsed 91040/188160 rows
Parsed 91072/188160 rows
Parsed 91104/188160 rows
Parsed 91136/188160 rows
Parsed 91168/188160 rows
Parsed 91200/188160 rows
Parsed 91232/188160 rows
Parsed 91264/188160 rows
Parsed 91296/188160 rows
Parsed 91328/188160 rows
Parsed 91360/188160 rows
Parsed 91392/188160 rows
Parsed 91424/188160 rows
Parsed 91456/188160 rows
Parsed 91488/188160 rows
Parsed 91520/188160 rows
Parsed 91552/188160 rows
Parsed 91584/188160 rows
Parsed 91616/188160 rows
Parsed 91648/188160 rows
Parsed 91680/188160 rows
Parsed 91712/188160 rows
Parsed 91744/188160 rows
Parsed 91776/188160 rows
Parsed 91808/188160 rows
Parsed 91840/188160 rows
Parsed 91872/188160 rows
Parsed 91904/188160 rows
Parsed 91936/188160 rows
Parsed 91968/188160 rows
Parsed 92000/188160 rows
Parsed 92032/188160 rows
Parsed 92064/188160 rows
Parsed 92096/188160 rows
Parsed 92128/188160 rows
Parsed 92160/188160 rows
Parsed 92192/188160 rows
Parsed 92224/188160 rows
Parsed 92256/188160 rows
Parsed 92288/188160 rows
Parsed 92320/188160 rows
Parsed 92352/188160 rows
Parsed 92384/188160 rows
Parsed 92416/188160 rows
Parsed 92448/188160 rows
Parsed 92480/188160 rows
Parsed 92512/188160 rows
Parsed 92544/188160 rows
Parsed 92576/188160 rows
Parsed 92608/188160 rows
Parsed 92640/188160 rows
Parsed 92672/188160 rows
Parsed 92704/188160 rows
Parsed 92736/188160 rows
Parsed 92768/188160 rows
Parsed 92800/188160 rows
Parsed 92832/188160 rows
Parsed 92864/188160 rows
Parsed 92896/188160 rows
Parsed 92928/188160 rows
Parsed 92960/188160 rows
Parsed 92992/188160 rows
Parsed 93024/188160 rows
Parsed 93056/188160 rows
Parsed 93088/188160 rows
Parsed 93120/188160 rows
Parsed 93152/188160 rows
Parsed 93184/188160 rows
Parsed 93216/188160 rows
Parsed 93248/188160 rows
Parsed 93280/188160 rows
Parsed 93312/188160 rows
Parsed 93344/188160 rows
Parsed 93376/188160 rows
Parsed 93408/188160 rows
Parsed 93440/188160 rows
Parsed 93472/188160 rows
Parsed 93504/188160 rows
Parsed 93536/188160 rows
Parsed 93568/188160 rows
Parsed 93600/188160 rows
Parsed 93632/188160 rows
Parsed 93664/188160 rows
Parsed 93696/188160 rows
Parsed 93728/188160 rows
Parsed 93760/188160 rows
Parsed 93792/188160 rows
Parsed 93824/188160 rows
Parsed 93856/188160 rows
Parsed 93888/188160 rows
Parsed 93920/188160 rows
Parsed 93952/188160 rows
Parsed 93984/188160 rows
Parsed 94016/188160 rows
Parsed 94048/188160 rows
Parsed 94080/188160 rows
Parsed 94112/188160 rows
Parsed 94144/188160 rows
Parsed 94176/188160 rows
Parsed 94208/188160 rows
Parsed 94240/188160 rows
Parsed 94272/188160 rows
Parsed 94304/188160 rows
Parsed 94336/188160 rows
Parsed 94368/188160 rows
Parsed 94400/188160 rows
Parsed 94432/188160 rows
Parsed 94464/188160 rows
Parsed 94496/188160 rows
Parsed 94528/188160 rows
Parsed 94560/188160 rows
Parsed 94592/188160 rows
Parsed 94624/188160 rows
Parsed 94656/188160 rows
Parsed 94688/188160 rows
Parsed 94720/188160 rows
Parsed 94752/188160 rows
Parsed 94784/188160 rows
Parsed 94816/188160 rows
Parsed 94848/188160 rows
Parsed 94880/188160 rows
Parsed 94912/188160 rows
Parsed 94944/188160 rows
Parsed 94976/188160 rows
Parsed 95008/188160 rows
Parsed 95040/188160 rows
Parsed 95072/188160 rows
Parsed 95104/188160 rows
Parsed 95136/188160 rows
Parsed 95168/188160 rows
Parsed 95200/188160 rows
Parsed 95232/188160 rows
Parsed 95264/188160 rows
Parsed 95296/188160 rows
Parsed 95328/188160 rows
Parsed 95360/188160 rows
Parsed 95392/188160 rows
Parsed 95424/188160 rows
Parsed 95456/188160 rows
Parsed 95488/188160 rows
Parsed 95520/188160 rows
Parsed 95552/188160 rows
Parsed 95584/188160 rows
Parsed 95616/188160 rows
Parsed 95648/188160 rows
Parsed 95680/188160 rows
Parsed 95712/188160 rows
Parsed 95744/188160 rows
Parsed 95776/188160 rows
Parsed 95808/188160 rows
Parsed 95840/188160 rows
Parsed 95872/188160 rows
Parsed 95904/188160 rows
Parsed 95936/188160 rows
Parsed 95968/188160 rows
Parsed 96000/188160 rows
Parsed 96032/188160 rows
Parsed 96064/188160 rows
Parsed 96096/188160 rows
Parsed 96128/188160 rows
Parsed 96160/188160 rows
Parsed 96192/188160 rows
Parsed 96224/188160 rows
Parsed 96256/188160 rows
Parsed 96288/188160 rows
Parsed 96320/188160 rows
Parsed 96352/188160 rows
Parsed 96384/188160 rows
Parsed 96416/188160 rows
Parsed 96448/188160 rows
Parsed 96480/188160 rows
Parsed 96512/188160 rows
Parsed 96544/188160 rows
Parsed 96576/188160 rows
Parsed 96608/188160 rows
Parsed 96640/188160 rows
Parsed 96672/188160 rows
Parsed 96704/188160 rows
Parsed 96736/188160 rows
Parsed 96768/188160 rows
Parsed 96800/188160 rows
Parsed 96832/188160 rows
Parsed 96864/188160 rows
Parsed 96896/188160 rows
Parsed 96928/188160 rows
Parsed 96960/188160 rows
Parsed 96992/188160 rows
Parsed 97024/188160 rows
Parsed 97056/188160 rows
Parsed 97088/188160 rows
Parsed 97120/188160 rows
Parsed 97152/188160 rows
Parsed 97184/188160 rows
Parsed 97216/188160 rows
Parsed 97248/188160 rows
Parsed 97280/188160 rows
Parsed 97312/188160 rows
Parsed 97344/188160 rows
Parsed 97376/188160 rows
Parsed 97408/188160 rows
Parsed 97440/188160 rows
Parsed 97472/188160 rows
Parsed 97504/188160 rows
Parsed 97536/188160 rows
Parsed 97568/188160 rows
Parsed 97600/188160 rows
Parsed 97632/188160 rows
Parsed 97664/188160 rows
Parsed 97696/188160 rows
Parsed 97728/188160 rows
Parsed 97760/188160 rows
Parsed 97792/188160 rows
Parsed 97824/188160 rows
Parsed 97856/188160 rows
Parsed 97888/188160 rows
Parsed 97920/188160 rows
Parsed 97952/188160 rows
Parsed 97984/188160 rows
Parsed 98016/188160 rows
Parsed 98048/188160 rows
Parsed 98080/188160 rows
Parsed 98112/188160 rows
Parsed 98144/188160 rows
Parsed 98176/188160 rows
Parsed 98208/188160 rows
Parsed 98240/188160 rows
Parsed 98272/188160 rows
Parsed 98304/188160 rows
Parsed 98336/188160 rows
Parsed 98368/188160 rows
Parsed 98400/188160 rows
Parsed 98432/188160 rows
Parsed 98464/188160 rows
Parsed 98496/188160 rows
Parsed 98528/188160 rows
Parsed 98560/188160 rows
Parsed 98592/188160 rows
Parsed 98624/188160 rows
Parsed 98656/188160 rows
Parsed 98688/188160 rows
Parsed 98720/188160 rows
Parsed 98752/188160 rows
Parsed 98784/188160 rows
Parsed 98816/188160 rows
Parsed 98848/188160 rows
Parsed 98880/188160 rows
Parsed 98912/188160 rows
Parsed 98944/188160 rows
Parsed 98976/188160 rows
Parsed 99008/188160 rows
Parsed 99040/188160 rows
Parsed 99072/188160 rows
Parsed 99104/188160 rows
Parsed 99136/188160 rows
Parsed 99168/188160 rows
Parsed 99200/188160 rows
Parsed 99232/188160 rows
Parsed 99264/188160 rows
Parsed 99296/188160 rows
Parsed 99328/188160 rows
Parsed 99360/188160 rows
Parsed 99392/188160 rows
Parsed 99424/188160 rows
Parsed 99456/188160 rows
Parsed 99488/188160 rows
Parsed 99520/188160 rows
Parsed 99552/188160 rows
Parsed 99584/188160 rows
Parsed 99616/188160 rows
Parsed 99648/188160 rows
Parsed 99680/188160 rows
Parsed 99712/188160 rows
Parsed 99744/188160 rows
Parsed 99776/188160 rows
Parsed 99808/188160 rows
Parsed 99840/188160 rows
Parsed 99872/188160 rows
Parsed 99904/188160 rows
Parsed 99936/188160 rows
Parsed 99968/188160 rows
Parsed 100000/188160 rows
Parsed 100032/188160 rows
Parsed 100064/188160 rows
Parsed 100096/188160 rows
Parsed 100128/188160 rows
Parsed 100160/188160 rows
Parsed 100192/188160 rows
Parsed 100224/188160 rows
Parsed 100256/188160 rows
Parsed 100288/188160 rows
Parsed 100320/188160 rows
Parsed 100352/188160 rows
Parsed 100384/188160 rows
Parsed 100416/188160 rows
Parsed 100448/188160 rows
Parsed 100480/188160 rows
Parsed 100512/188160 rows
Parsed 100544/188160 rows
Parsed 100576/188160 rows
Parsed 100608/188160 rows
Parsed 100640/188160 rows
Parsed 100672/188160 rows
Parsed 100704/188160 rows
Parsed 100736/188160 rows
Parsed 100768/188160 rows
Parsed 100800/188160 rows
Parsed 100832/188160 rows
Parsed 100864/188160 rows
Parsed 100896/188160 rows
Parsed 100928/188160 rows
Parsed 100960/188160 rows
Parsed 100992/188160 rows
Parsed 101024/188160 rows
Parsed 101056/188160 rows
Parsed 101088/188160 rows
Parsed 101120/188160 rows
Parsed 101152/188160 rows
Parsed 101184/188160 rows
Parsed 101216/188160 rows
Parsed 101248/188160 rows
Parsed 101280/188160 rows
Parsed 101312/188160 rows
Parsed 101344/188160 rows
Parsed 101376/188160 rows
Parsed 101408/188160 rows
Parsed 101440/188160 rows
Parsed 101472/188160 rows
Parsed 101504/188160 rows
Parsed 101536/188160 rows
Parsed 101568/188160 rows
Parsed 101600/188160 rows
Parsed 101632/188160 rows
Parsed 101664/188160 rows
Parsed 101696/188160 rows
Parsed 101728/188160 rows
Parsed 101760/188160 rows
Parsed 101792/188160 rows
Parsed 101824/188160 rows
Parsed 101856/188160 rows
Parsed 101888/188160 rows
Parsed 101920/188160 rows
Parsed 101952/188160 rows
Parsed 101984/188160 rows
Parsed 102016/188160 rows
Parsed 102048/188160 rows
Parsed 102080/188160 rows
Parsed 102112/188160 rows
Parsed 102144/188160 rows
Parsed 102176/188160 rows
Parsed 102208/188160 rows
Parsed 102240/188160 rows
Parsed 102272/188160 rows
Parsed 102304/188160 rows
Parsed 102336/188160 rows
Parsed 102368/188160 rows
Parsed 102400/188160 rows
Parsed 102432/188160 rows
Parsed 102464/188160 rows
Parsed 102496/188160 rows
Parsed 102528/188160 rows
Parsed 102560/188160 rows
Parsed 102592/188160 rows
Parsed 102624/188160 rows
Parsed 102656/188160 rows
Parsed 102688/188160 rows
Parsed 102720/188160 rows
Parsed 102752/188160 rows
Parsed 102784/188160 rows
Parsed 102816/188160 rows
Parsed 102848/188160 rows
Parsed 102880/188160 rows
Parsed 102912/188160 rows
Parsed 102944/188160 rows
Parsed 102976/188160 rows
Parsed 103008/188160 rows
Parsed 103040/188160 rows
Parsed 103072/188160 rows
Parsed 103104/188160 rows
Parsed 103136/188160 rows
Parsed 103168/188160 rows
Parsed 103200/188160 rows
Parsed 103232/188160 rows
Parsed 103264/188160 rows
Parsed 103296/188160 rows
Parsed 103328/188160 rows
Parsed 103360/188160 rows
Parsed 103392/188160 rows
Parsed 103424/188160 rows
Parsed 103456/188160 rows
Parsed 103488/188160 rows
Parsed 103520/188160 rows
Parsed 103552/188160 rows
Parsed 103584/188160 rows
Parsed 103616/188160 rows
Parsed 103648/188160 rows
Parsed 103680/188160 rows
Parsed 103712/188160 rows
Parsed 103744/188160 rows
Parsed 103776/188160 rows
Parsed 103808/188160 rows
Parsed 103840/188160 rows
Parsed 103872/188160 rows
Parsed 103904/188160 rows
Parsed 103936/188160 rows
Parsed 103968/188160 rows
Parsed 104000/188160 rows
Parsed 104032/188160 rows
Parsed 104064/188160 rows
Parsed 104096/188160 rows
Parsed 104128/188160 rows
Parsed 104160/188160 rows
Parsed 104192/188160 rows
Parsed 104224/188160 rows
Parsed 104256/188160 rows
Parsed 104288/188160 rows
Parsed 104320/188160 rows
Parsed 104352/188160 rows
Parsed 104384/188160 rows
Parsed 104416/188160 rows
Parsed 104448/188160 rows
Parsed 104480/188160 rows
Parsed 104512/188160 rows
Parsed 104544/188160 rows
Parsed 104576/188160 rows
Parsed 104608/188160 rows
Parsed 104640/188160 rows
Parsed 104672/188160 rows
Parsed 104704/188160 rows
Parsed 104736/188160 rows
Parsed 104768/188160 rows
Parsed 104800/188160 rows
Parsed 104832/188160 rows
Parsed 104864/188160 rows
Parsed 104896/188160 rows
Parsed 104928/188160 rows
Parsed 104960/188160 rows
Parsed 104992/188160 rows
Parsed 105024/188160 rows
Parsed 105056/188160 rows
Parsed 105088/188160 rows
Parsed 105120/188160 rows
Parsed 105152/188160 rows
Parsed 105184/188160 rows
Parsed 105216/188160 rows
Parsed 105248/188160 rows
Parsed 105280/188160 rows
Parsed 105312/188160 rows
Parsed 105344/188160 rows
Parsed 105376/188160 rows
Parsed 105408/188160 rows
Parsed 105440/188160 rows
Parsed 105472/188160 rows
Parsed 105504/188160 rows
Parsed 105536/188160 rows
Parsed 105568/188160 rows
Parsed 105600/188160 rows
Parsed 105632/188160 rows
Parsed 105664/188160 rows
Parsed 105696/188160 rows
Parsed 105728/188160 rows
Parsed 105760/188160 rows
Parsed 105792/188160 rows
Parsed 105824/188160 rows
Parsed 105856/188160 rows
Parsed 105888/188160 rows
Parsed 105920/188160 rows
Parsed 105952/188160 rows
Parsed 105984/188160 rows
Parsed 106016/188160 rows
Parsed 106048/188160 rows
Parsed 106080/188160 rows
Parsed 106112/188160 rows
Parsed 106144/188160 rows
Parsed 106176/188160 rows
Parsed 106208/188160 rows
Parsed 106240/188160 rows
Parsed 106272/188160 rows
Parsed 106304/188160 rows
Parsed 106336/188160 rows
Parsed 106368/188160 rows
Parsed 106400/188160 rows
Parsed 106432/188160 rows
Parsed 106464/188160 rows
Parsed 106496/188160 rows
Parsed 106528/188160 rows
Parsed 106560/188160 rows
Parsed 106592/188160 rows
Parsed 106624/188160 rows
Parsed 106656/188160 rows
Parsed 106688/188160 rows
Parsed 106720/188160 rows
Parsed 106752/188160 rows
Parsed 106784/188160 rows
Parsed 106816/188160 rows
Parsed 106848/188160 rows
Parsed 106880/188160 rows
Parsed 106912/188160 rows
Parsed 106944/188160 rows
Parsed 106976/188160 rows
Parsed 107008/188160 rows
Parsed 107040/188160 rows
Parsed 107072/188160 rows
Parsed 107104/188160 rows
Parsed 107136/188160 rows
Parsed 107168/188160 rows
Parsed 107200/188160 rows
Parsed 107232/188160 rows
Parsed 107264/188160 rows
Parsed 107296/188160 rows
Parsed 107328/188160 rows
Parsed 107360/188160 rows
Parsed 107392/188160 rows
Parsed 107424/188160 rows
Parsed 107456/188160 rows
Parsed 107488/188160 rows
Parsed 107520/188160 rows
Parsed 107552/188160 rows
Parsed 107584/188160 rows
Parsed 107616/188160 rows
Parsed 107648/188160 rows
Parsed 107680/188160 rows
Parsed 107712/188160 rows
Parsed 107744/188160 rows
Parsed 107776/188160 rows
Parsed 107808/188160 rows
Parsed 107840/188160 rows
Parsed 107872/188160 rows
Parsed 107904/188160 rows
Parsed 107936/188160 rows
Parsed 107968/188160 rows
Parsed 108000/188160 rows
Parsed 108032/188160 rows
Parsed 108064/188160 rows
Parsed 108096/188160 rows
Parsed 108128/188160 rows
Parsed 108160/188160 rows
Parsed 108192/188160 rows
Parsed 108224/188160 rows
Parsed 108256/188160 rows
Parsed 108288/188160 rows
Parsed 108320/188160 rows
Parsed 108352/188160 rows
Parsed 108384/188160 rows
Parsed 108416/188160 rows
Parsed 108448/188160 rows
Parsed 108480/188160 rows
Parsed 108512/188160 rows
Parsed 108544/188160 rows
Parsed 108576/188160 rows
Parsed 108608/188160 rows
Parsed 108640/188160 rows
Parsed 108672/188160 rows
Parsed 108704/188160 rows
Parsed 108736/188160 rows
Parsed 108768/188160 rows
Parsed 108800/188160 rows
Parsed 108832/188160 rows
Parsed 108864/188160 rows
Parsed 108896/188160 rows
Parsed 108928/188160 rows
Parsed 108960/188160 rows
Parsed 108992/188160 rows
Parsed 109024/188160 rows
Parsed 109056/188160 rows
Parsed 109088/188160 rows
Parsed 109120/188160 rows
Parsed 109152/188160 rows
Parsed 109184/188160 rows
Parsed 109216/188160 rows
Parsed 109248/188160 rows
Parsed 109280/188160 rows
Parsed 109312/188160 rows
Parsed 109344/188160 rows
Parsed 109376/188160 rows
Parsed 109408/188160 rows
Parsed 109440/188160 rows
Parsed 109472/188160 rows
Parsed 109504/188160 rows
Parsed 109536/188160 rows
Parsed 109568/188160 rows
Parsed 109600/188160 rows
Parsed 109632/188160 rows
Parsed 109664/188160 rows
Parsed 109696/188160 rows
Parsed 109728/188160 rows
Parsed 109760/188160 rows
Parsed 109792/188160 rows
Parsed 109824/188160 rows
Parsed 109856/188160 rows
Parsed 109888/188160 rows
Parsed 109920/188160 rows
Parsed 109952/188160 rows
Parsed 109984/188160 rows
Parsed 110016/188160 rows
Parsed 110048/188160 rows
Parsed 110080/188160 rows
Parsed 110112/188160 rows
Parsed 110144/188160 rows
Parsed 110176/188160 rows
Parsed 110208/188160 rows
Parsed 110240/188160 rows
Parsed 110272/188160 rows
Parsed 110304/188160 rows
Parsed 110336/188160 rows
Parsed 110368/188160 rows
Parsed 110400/188160 rows
Parsed 110432/188160 rows
Parsed 110464/188160 rows
Parsed 110496/188160 rows
Parsed 110528/188160 rows
Parsed 110560/188160 rows
Parsed 110592/188160 rows
Parsed 110624/188160 rows
Parsed 110656/188160 rows
Parsed 110688/188160 rows
Parsed 110720/188160 rows
Parsed 110752/188160 rows
Parsed 110784/188160 rows
Parsed 110816/188160 rows
Parsed 110848/188160 rows
Parsed 110880/188160 rows
Parsed 110912/188160 rows
Parsed 110944/188160 rows
Parsed 110976/188160 rows
Parsed 111008/188160 rows
Parsed 111040/188160 rows
Parsed 111072/188160 rows
Parsed 111104/188160 rows
Parsed 111136/188160 rows
Parsed 111168/188160 rows
Parsed 111200/188160 rows
Parsed 111232/188160 rows
Parsed 111264/188160 rows
Parsed 111296/188160 rows
Parsed 111328/188160 rows
Parsed 111360/188160 rows
Parsed 111392/188160 rows
Parsed 111424/188160 rows
Parsed 111456/188160 rows
Parsed 111488/188160 rows
Parsed 111520/188160 rows
Parsed 111552/188160 rows
Parsed 111584/188160 rows
Parsed 111616/188160 rows
Parsed 111648/188160 rows
Parsed 111680/188160 rows
Parsed 111712/188160 rows
Parsed 111744/188160 rows
Parsed 111776/188160 rows
Parsed 111808/188160 rows
Parsed 111840/188160 rows
Parsed 111872/188160 rows
Parsed 111904/188160 rows
Parsed 111936/188160 rows
Parsed 111968/188160 rows
Parsed 112000/188160 rows
Parsed 112032/188160 rows
Parsed 112064/188160 rows
Parsed 112096/188160 rows
Parsed 112128/188160 rows
Parsed 112160/188160 rows
Parsed 112192/188160 rows
Parsed 112224/188160 rows
Parsed 112256/188160 rows
Parsed 112288/188160 rows
Parsed 112320/188160 rows
Parsed 112352/188160 rows
Parsed 112384/188160 rows
Parsed 112416/188160 rows
Parsed 112448/188160 rows
Parsed 112480/188160 rows
Parsed 112512/188160 rows
Parsed 112544/188160 rows
Parsed 112576/188160 rows
Parsed 112608/188160 rows
Parsed 112640/188160 rows
Parsed 112672/188160 rows
Parsed 112704/188160 rows
Parsed 112736/188160 rows
Parsed 112768/188160 rows
Parsed 112800/188160 rows
Parsed 112832/188160 rows
Parsed 112864/188160 rows
Parsed 112896/188160 rows
Parsed 112928/188160 rows
Parsed 112960/188160 rows
Parsed 112992/188160 rows
Parsed 113024/188160 rows
Parsed 113056/188160 rows
Parsed 113088/188160 rows
Parsed 113120/188160 rows
Parsed 113152/188160 rows
Parsed 113184/188160 rows
Parsed 113216/188160 rows
Parsed 113248/188160 rows
Parsed 113280/188160 rows
Parsed 113312/188160 rows
Parsed 113344/188160 rows
Parsed 113376/188160 rows
Parsed 113408/188160 rows
Parsed 113440/188160 rows
Parsed 113472/188160 rows
Parsed 113504/188160 rows
Parsed 113536/188160 rows
Parsed 113568/188160 rows
Parsed 113600/188160 rows
Parsed 113632/188160 rows
Parsed 113664/188160 rows
Parsed 113696/188160 rows
Parsed 113728/188160 rows
Parsed 113760/188160 rows
Parsed 113792/188160 rows
Parsed 113824/188160 rows
Parsed 113856/188160 rows
Parsed 113888/188160 rows
Parsed 113920/188160 rows
Parsed 113952/188160 rows
Parsed 113984/188160 rows
Parsed 114016/188160 rows
Parsed 114048/188160 rows
Parsed 114080/188160 rows
Parsed 114112/188160 rows
Parsed 114144/188160 rows
Parsed 114176/188160 rows
Parsed 114208/188160 rows
Parsed 114240/188160 rows
Parsed 114272/188160 rows
Parsed 114304/188160 rows
Parsed 114336/188160 rows
Parsed 114368/188160 rows
Parsed 114400/188160 rows
Parsed 114432/188160 rows
Parsed 114464/188160 rows
Parsed 114496/188160 rows
Parsed 114528/188160 rows
Parsed 114560/188160 rows
Parsed 114592/188160 rows
Parsed 114624/188160 rows
Parsed 114656/188160 rows
Parsed 114688/188160 rows
Parsed 114720/188160 rows
Parsed 114752/188160 rows
Parsed 114784/188160 rows
Parsed 114816/188160 rows
Parsed 114848/188160 rows
Parsed 114880/188160 rows
Parsed 114912/188160 rows
Parsed 114944/188160 rows
Parsed 114976/188160 rows
Parsed 115008/188160 rows
Parsed 115040/188160 rows
Parsed 115072/188160 rows
Parsed 115104/188160 rows
Parsed 115136/188160 rows
Parsed 115168/188160 rows
Parsed 115200/188160 rows
Parsed 115232/188160 rows
Parsed 115264/188160 rows
Parsed 115296/188160 rows
Parsed 115328/188160 rows
Parsed 115360/188160 rows
Parsed 115392/188160 rows
Parsed 115424/188160 rows
Parsed 115456/188160 rows
Parsed 115488/188160 rows
Parsed 115520/188160 rows
Parsed 115552/188160 rows
Parsed 115584/188160 rows
Parsed 115616/188160 rows
Parsed 115648/188160 rows
Parsed 115680/188160 rows
Parsed 115712/188160 rows
Parsed 115744/188160 rows
Parsed 115776/188160 rows
Parsed 115808/188160 rows
Parsed 115840/188160 rows
Parsed 115872/188160 rows
Parsed 115904/188160 rows
Parsed 115936/188160 rows
Parsed 115968/188160 rows
Parsed 116000/188160 rows
Parsed 116032/188160 rows
Parsed 116064/188160 rows
Parsed 116096/188160 rows
Parsed 116128/188160 rows
Parsed 116160/188160 rows
Parsed 116192/188160 rows
Parsed 116224/188160 rows
Parsed 116256/188160 rows
Parsed 116288/188160 rows
Parsed 116320/188160 rows
Parsed 116352/188160 rows
Parsed 116384/188160 rows
Parsed 116416/188160 rows
Parsed 116448/188160 rows
Parsed 116480/188160 rows
Parsed 116512/188160 rows
Parsed 116544/188160 rows
Parsed 116576/188160 rows
Parsed 116608/188160 rows
Parsed 116640/188160 rows
Parsed 116672/188160 rows
Parsed 116704/188160 rows
Parsed 116736/188160 rows
Parsed 116768/188160 rows
Parsed 116800/188160 rows
Parsed 116832/188160 rows
Parsed 116864/188160 rows
Parsed 116896/188160 rows
Parsed 116928/188160 rows
Parsed 116960/188160 rows
Parsed 116992/188160 rows
Parsed 117024/188160 rows
Parsed 117056/188160 rows
Parsed 117088/188160 rows
Parsed 117120/188160 rows
Parsed 117152/188160 rows
Parsed 117184/188160 rows
Parsed 117216/188160 rows
Parsed 117248/188160 rows
Parsed 117280/188160 rows
Parsed 117312/188160 rows
Parsed 117344/188160 rows
Parsed 117376/188160 rows
Parsed 117408/188160 rows
Parsed 117440/188160 rows
Parsed 117472/188160 rows
Parsed 117504/188160 rows
Parsed 117536/188160 rows
Parsed 117568/188160 rows
Parsed 117600/188160 rows
Parsed 117632/188160 rows
Parsed 117664/188160 rows
Parsed 117696/188160 rows
Parsed 117728/188160 rows
Parsed 117760/188160 rows
Parsed 117792/188160 rows
Parsed 117824/188160 rows
Parsed 117856/188160 rows
Parsed 117888/188160 rows
Parsed 117920/188160 rows
Parsed 117952/188160 rows
Parsed 117984/188160 rows
Parsed 118016/188160 rows
Parsed 118048/188160 rows
Parsed 118080/188160 rows
Parsed 118112/188160 rows
Parsed 118144/188160 rows
Parsed 118176/188160 rows
Parsed 118208/188160 rows
Parsed 118240/188160 rows
Parsed 118272/188160 rows
Parsed 118304/188160 rows
Parsed 118336/188160 rows
Parsed 118368/188160 rows
Parsed 118400/188160 rows
Parsed 118432/188160 rows
Parsed 118464/188160 rows
Parsed 118496/188160 rows
Parsed 118528/188160 rows
Parsed 118560/188160 rows
Parsed 118592/188160 rows
Parsed 118624/188160 rows
Parsed 118656/188160 rows
Parsed 118688/188160 rows
Parsed 118720/188160 rows
Parsed 118752/188160 rows
Parsed 118784/188160 rows
Parsed 118816/188160 rows
Parsed 118848/188160 rows
Parsed 118880/188160 rows
Parsed 118912/188160 rows
Parsed 118944/188160 rows
Parsed 118976/188160 rows
Parsed 119008/188160 rows
Parsed 119040/188160 rows
Parsed 119072/188160 rows
Parsed 119104/188160 rows
Parsed 119136/188160 rows
Parsed 119168/188160 rows
Parsed 119200/188160 rows
Parsed 119232/188160 rows
Parsed 119264/188160 rows
Parsed 119296/188160 rows
Parsed 119328/188160 rows
Parsed 119360/188160 rows
Parsed 119392/188160 rows
Parsed 119424/188160 rows
Parsed 119456/188160 rows
Parsed 119488/188160 rows
Parsed 119520/188160 rows
Parsed 119552/188160 rows
Parsed 119584/188160 rows
Parsed 119616/188160 rows
Parsed 119648/188160 rows
Parsed 119680/188160 rows
Parsed 119712/188160 rows
Parsed 119744/188160 rows
Parsed 119776/188160 rows
Parsed 119808/188160 rows
Parsed 119840/188160 rows
Parsed 119872/188160 rows
Parsed 119904/188160 rows
Parsed 119936/188160 rows
Parsed 119968/188160 rows
Parsed 120000/188160 rows
Parsed 120032/188160 rows
Parsed 120064/188160 rows
Parsed 120096/188160 rows
Parsed 120128/188160 rows
Parsed 120160/188160 rows
Parsed 120192/188160 rows
Parsed 120224/188160 rows
Parsed 120256/188160 rows
Parsed 120288/188160 rows
Parsed 120320/188160 rows
Parsed 120352/188160 rows
Parsed 120384/188160 rows
Parsed 120416/188160 rows
Parsed 120448/188160 rows
Parsed 120480/188160 rows
Parsed 120512/188160 rows
Parsed 120544/188160 rows
Parsed 120576/188160 rows
Parsed 120608/188160 rows
Parsed 120640/188160 rows
Parsed 120672/188160 rows
Parsed 120704/188160 rows
Parsed 120736/188160 rows
Parsed 120768/188160 rows
Parsed 120800/188160 rows
Parsed 120832/188160 rows
Parsed 120864/188160 rows
Parsed 120896/188160 rows
Parsed 120928/188160 rows
Parsed 120960/188160 rows
Parsed 120992/188160 rows
Parsed 121024/188160 rows
Parsed 121056/188160 rows
Parsed 121088/188160 rows
Parsed 121120/188160 rows
Parsed 121152/188160 rows
Parsed 121184/188160 rows
Parsed 121216/188160 rows
Parsed 121248/188160 rows
Parsed 121280/188160 rows
Parsed 121312/188160 rows
Parsed 121344/188160 rows
Parsed 121376/188160 rows
Parsed 121408/188160 rows
Parsed 121440/188160 rows
Parsed 121472/188160 rows
Parsed 121504/188160 rows
Parsed 121536/188160 rows
Parsed 121568/188160 rows
Parsed 121600/188160 rows
Parsed 121632/188160 rows
Parsed 121664/188160 rows
Parsed 121696/188160 rows
Parsed 121728/188160 rows
Parsed 121760/188160 rows
Parsed 121792/188160 rows
Parsed 121824/188160 rows
Parsed 121856/188160 rows
Parsed 121888/188160 rows
Parsed 121920/188160 rows
Parsed 121952/188160 rows
Parsed 121984/188160 rows
Parsed 122016/188160 rows
Parsed 122048/188160 rows
Parsed 122080/188160 rows
Parsed 122112/188160 rows
Parsed 122144/188160 rows
Parsed 122176/188160 rows
Parsed 122208/188160 rows
Parsed 122240/188160 rows
Parsed 122272/188160 rows
Parsed 122304/188160 rows
Parsed 122336/188160 rows
Parsed 122368/188160 rows
Parsed 122400/188160 rows
Parsed 122432/188160 rows
Parsed 122464/188160 rows
Parsed 122496/188160 rows
Parsed 122528/188160 rows
Parsed 122560/188160 rows
Parsed 122592/188160 rows
Parsed 122624/188160 rows
Parsed 122656/188160 rows
Parsed 122688/188160 rows
Parsed 122720/188160 rows
Parsed 122752/188160 rows
Parsed 122784/188160 rows
Parsed 122816/188160 rows
Parsed 122848/188160 rows
Parsed 122880/188160 rows
Parsed 122912/188160 rows
Parsed 122944/188160 rows
Parsed 122976/188160 rows
Parsed 123008/188160 rows
Parsed 123040/188160 rows
Parsed 123072/188160 rows
Parsed 123104/188160 rows
Parsed 123136/188160 rows
Parsed 123168/188160 rows
Parsed 123200/188160 rows
Parsed 123232/188160 rows
Parsed 123264/188160 rows
Parsed 123296/188160 rows
Parsed 123328/188160 rows
Parsed 123360/188160 rows
Parsed 123392/188160 rows
Parsed 123424/188160 rows
Parsed 123456/188160 rows
Parsed 123488/188160 rows
Parsed 123520/188160 rows
Parsed 123552/188160 rows
Parsed 123584/188160 rows
Parsed 123616/188160 rows
Parsed 123648/188160 rows
Parsed 123680/188160 rows
Parsed 123712/188160 rows
Parsed 123744/188160 rows
Parsed 123776/188160 rows
Parsed 123808/188160 rows
Parsed 123840/188160 rows
Parsed 123872/188160 rows
Parsed 123904/188160 rows
Parsed 123936/188160 rows
Parsed 123968/188160 rows
Parsed 124000/188160 rows
Parsed 124032/188160 rows
Parsed 124064/188160 rows
Parsed 124096/188160 rows
Parsed 124128/188160 rows
Parsed 124160/188160 rows
Parsed 124192/188160 rows
Parsed 124224/188160 rows
Parsed 124256/188160 rows
Parsed 124288/188160 rows
Parsed 124320/188160 rows
Parsed 124352/188160 rows
Parsed 124384/188160 rows
Parsed 124416/188160 rows
Parsed 124448/188160 rows
Parsed 124480/188160 rows
Parsed 124512/188160 rows
Parsed 124544/188160 rows
Parsed 124576/188160 rows
Parsed 124608/188160 rows
Parsed 124640/188160 rows
Parsed 124672/188160 rows
Parsed 124704/188160 rows
Parsed 124736/188160 rows
Parsed 124768/188160 rows
Parsed 124800/188160 rows
Parsed 124832/188160 rows
Parsed 124864/188160 rows
Parsed 124896/188160 rows
Parsed 124928/188160 rows
Parsed 124960/188160 rows
Parsed 124992/188160 rows
Parsed 125024/188160 rows
Parsed 125056/188160 rows
Parsed 125088/188160 rows
Parsed 125120/188160 rows
Parsed 125152/188160 rows
Parsed 125184/188160 rows
Parsed 125216/188160 rows
Parsed 125248/188160 rows
Parsed 125280/188160 rows
Parsed 125312/188160 rows
Parsed 125344/188160 rows
Parsed 125376/188160 rows
Parsed 125408/188160 rows
Parsed 125440/188160 rows
Parsed 125472/188160 rows
Parsed 125504/188160 rows
Parsed 125536/188160 rows
Parsed 125568/188160 rows
Parsed 125600/188160 rows
Parsed 125632/188160 rows
Parsed 125664/188160 rows
Parsed 125696/188160 rows
Parsed 125728/188160 rows
Parsed 125760/188160 rows
Parsed 125792/188160 rows
Parsed 125824/188160 rows
Parsed 125856/188160 rows
Parsed 125888/188160 rows
Parsed 125920/188160 rows
Parsed 125952/188160 rows
Parsed 125984/188160 rows
Parsed 126016/188160 rows
Parsed 126048/188160 rows
Parsed 126080/188160 rows
Parsed 126112/188160 rows
Parsed 126144/188160 rows
Parsed 126176/188160 rows
Parsed 126208/188160 rows
Parsed 126240/188160 rows
Parsed 126272/188160 rows
Parsed 126304/188160 rows
Parsed 126336/188160 rows
Parsed 126368/188160 rows
Parsed 126400/188160 rows
Parsed 126432/188160 rows
Parsed 126464/188160 rows
Parsed 126496/188160 rows
Parsed 126528/188160 rows
Parsed 126560/188160 rows
Parsed 126592/188160 rows
Parsed 126624/188160 rows
Parsed 126656/188160 rows
Parsed 126688/188160 rows
Parsed 126720/188160 rows
Parsed 126752/188160 rows
Parsed 126784/188160 rows
Parsed 126816/188160 rows
Parsed 126848/188160 rows
Parsed 126880/188160 rows
Parsed 126912/188160 rows
Parsed 126944/188160 rows
Parsed 126976/188160 rows
Parsed 127008/188160 rows
Parsed 127040/188160 rows
Parsed 127072/188160 rows
Parsed 127104/188160 rows
Parsed 127136/188160 rows
Parsed 127168/188160 rows
Parsed 127200/188160 rows
Parsed 127232/188160 rows
Parsed 127264/188160 rows
Parsed 127296/188160 rows
Parsed 127328/188160 rows
Parsed 127360/188160 rows
Parsed 127392/188160 rows
Parsed 127424/188160 rows
Parsed 127456/188160 rows
Parsed 127488/188160 rows
Parsed 127520/188160 rows
Parsed 127552/188160 rows
Parsed 127584/188160 rows
Parsed 127616/188160 rows
Parsed 127648/188160 rows
Parsed 127680/188160 rows
Parsed 127712/188160 rows
Parsed 127744/188160 rows
Parsed 127776/188160 rows
Parsed 127808/188160 rows
Parsed 127840/188160 rows
Parsed 127872/188160 rows
Parsed 127904/188160 rows
Parsed 127936/188160 rows
Parsed 127968/188160 rows
Parsed 128000/188160 rows
Parsed 128032/188160 rows
Parsed 128064/188160 rows
Parsed 128096/188160 rows
Parsed 128128/188160 rows
Parsed 128160/188160 rows
Parsed 128192/188160 rows
Parsed 128224/188160 rows
Parsed 128256/188160 rows
Parsed 128288/188160 rows
Parsed 128320/188160 rows
Parsed 128352/188160 rows
Parsed 128384/188160 rows
Parsed 128416/188160 rows
Parsed 128448/188160 rows
Parsed 128480/188160 rows
Parsed 128512/188160 rows
Parsed 128544/188160 rows
Parsed 128576/188160 rows
Parsed 128608/188160 rows
Parsed 128640/188160 rows
Parsed 128672/188160 rows
Parsed 128704/188160 rows
Parsed 128736/188160 rows
Parsed 128768/188160 rows
Parsed 128800/188160 rows
Parsed 128832/188160 rows
Parsed 128864/188160 rows
Parsed 128896/188160 rows
Parsed 128928/188160 rows
Parsed 128960/188160 rows
Parsed 128992/188160 rows
Parsed 129024/188160 rows
Parsed 129056/188160 rows
Parsed 129088/188160 rows
Parsed 129120/188160 rows
Parsed 129152/188160 rows
Parsed 129184/188160 rows
Parsed 129216/188160 rows
Parsed 129248/188160 rows
Parsed 129280/188160 rows
Parsed 129312/188160 rows
Parsed 129344/188160 rows
Parsed 129376/188160 rows
Parsed 129408/188160 rows
Parsed 129440/188160 rows
Parsed 129472/188160 rows
Parsed 129504/188160 rows
Parsed 129536/188160 rows
Parsed 129568/188160 rows
Parsed 129600/188160 rows
Parsed 129632/188160 rows
Parsed 129664/188160 rows
Parsed 129696/188160 rows
Parsed 129728/188160 rows
Parsed 129760/188160 rows
Parsed 129792/188160 rows
Parsed 129824/188160 rows
Parsed 129856/188160 rows
Parsed 129888/188160 rows
Parsed 129920/188160 rows
Parsed 129952/188160 rows
Parsed 129984/188160 rows
Parsed 130016/188160 rows
Parsed 130048/188160 rows
Parsed 130080/188160 rows
Parsed 130112/188160 rows
Parsed 130144/188160 rows
Parsed 130176/188160 rows
Parsed 130208/188160 rows
Parsed 130240/188160 rows
Parsed 130272/188160 rows
Parsed 130304/188160 rows
Parsed 130336/188160 rows
Parsed 130368/188160 rows
Parsed 130400/188160 rows
Parsed 130432/188160 rows
Parsed 130464/188160 rows
Parsed 130496/188160 rows
Parsed 130528/188160 rows
Parsed 130560/188160 rows
Parsed 130592/188160 rows
Parsed 130624/188160 rows
Parsed 130656/188160 rows
Parsed 130688/188160 rows
Parsed 130720/188160 rows
Parsed 130752/188160 rows
Parsed 130784/188160 rows
Parsed 130816/188160 rows
Parsed 130848/188160 rows
Parsed 130880/188160 rows
Parsed 130912/188160 rows
Parsed 130944/188160 rows
Parsed 130976/188160 rows
Parsed 131008/188160 rows
Parsed 131040/188160 rows
Parsed 131072/188160 rows
Parsed 131104/188160 rows
Parsed 131136/188160 rows
Parsed 131168/188160 rows
Parsed 131200/188160 rows
Parsed 131232/188160 rows
Parsed 131264/188160 rows
Parsed 131296/188160 rows
Parsed 131328/188160 rows
Parsed 131360/188160 rows
Parsed 131392/188160 rows
Parsed 131424/188160 rows
Parsed 131456/188160 rows
Parsed 131488/188160 rows
Parsed 131520/188160 rows
Parsed 131552/188160 rows
Parsed 131584/188160 rows
Parsed 131616/188160 rows
Parsed 131648/188160 rows
Parsed 131680/188160 rows
Parsed 131712/188160 rows
Parsed 131744/188160 rows
Parsed 131776/188160 rows
Parsed 131808/188160 rows
Parsed 131840/188160 rows
Parsed 131872/188160 rows
Parsed 131904/188160 rows
Parsed 131936/188160 rows
Parsed 131968/188160 rows
Parsed 132000/188160 rows
Parsed 132032/188160 rows
Parsed 132064/188160 rows
Parsed 132096/188160 rows
Parsed 132128/188160 rows
Parsed 132160/188160 rows
Parsed 132192/188160 rows
Parsed 132224/188160 rows
Parsed 132256/188160 rows
Parsed 132288/188160 rows
Parsed 132320/188160 rows
Parsed 132352/188160 rows
Parsed 132384/188160 rows
Parsed 132416/188160 rows
Parsed 132448/188160 rows
Parsed 132480/188160 rows
Parsed 132512/188160 rows
Parsed 132544/188160 rows
Parsed 132576/188160 rows
Parsed 132608/188160 rows
Parsed 132640/188160 rows
Parsed 132672/188160 rows
Parsed 132704/188160 rows
Parsed 132736/188160 rows
Parsed 132768/188160 rows
Parsed 132800/188160 rows
Parsed 132832/188160 rows
Parsed 132864/188160 rows
Parsed 132896/188160 rows
Parsed 132928/188160 rows
Parsed 132960/188160 rows
Parsed 132992/188160 rows
Parsed 133024/188160 rows
Parsed 133056/188160 rows
Parsed 133088/188160 rows
Parsed 133120/188160 rows
Parsed 133152/188160 rows
Parsed 133184/188160 rows
Parsed 133216/188160 rows
Parsed 133248/188160 rows
Parsed 133280/188160 rows
Parsed 133312/188160 rows
Parsed 133344/188160 rows
Parsed 133376/188160 rows
Parsed 133408/188160 rows
Parsed 133440/188160 rows
Parsed 133472/188160 rows
Parsed 133504/188160 rows
Parsed 133536/188160 rows
Parsed 133568/188160 rows
Parsed 133600/188160 rows
Parsed 133632/188160 rows
Parsed 133664/188160 rows
Parsed 133696/188160 rows
Parsed 133728/188160 rows
Parsed 133760/188160 rows
Parsed 133792/188160 rows
Parsed 133824/188160 rows
Parsed 133856/188160 rows
Parsed 133888/188160 rows
Parsed 133920/188160 rows
Parsed 133952/188160 rows
Parsed 133984/188160 rows
Parsed 134016/188160 rows
Parsed 134048/188160 rows
Parsed 134080/188160 rows
Parsed 134112/188160 rows
Parsed 134144/188160 rows
Parsed 134176/188160 rows
Parsed 134208/188160 rows
Parsed 134240/188160 rows
Parsed 134272/188160 rows
Parsed 134304/188160 rows
Parsed 134336/188160 rows
Parsed 134368/188160 rows
Parsed 134400/188160 rows
Parsed 134432/188160 rows
Parsed 134464/188160 rows
Parsed 134496/188160 rows
Parsed 134528/188160 rows
Parsed 134560/188160 rows
Parsed 134592/188160 rows
Parsed 134624/188160 rows
Parsed 134656/188160 rows
Parsed 134688/188160 rows
Parsed 134720/188160 rows
Parsed 134752/188160 rows
Parsed 134784/188160 rows
Parsed 134816/188160 rows
Parsed 134848/188160 rows
Parsed 134880/188160 rows
Parsed 134912/188160 rows
Parsed 134944/188160 rows
Parsed 134976/188160 rows
Parsed 135008/188160 rows
Parsed 135040/188160 rows
Parsed 135072/188160 rows
Parsed 135104/188160 rows
Parsed 135136/188160 rows
Parsed 135168/188160 rows
Parsed 135200/188160 rows
Parsed 135232/188160 rows
Parsed 135264/188160 rows
Parsed 135296/188160 rows
Parsed 135328/188160 rows
Parsed 135360/188160 rows
Parsed 135392/188160 rows
Parsed 135424/188160 rows
Parsed 135456/188160 rows
Parsed 135488/188160 rows
Parsed 135520/188160 rows
Parsed 135552/188160 rows
Parsed 135584/188160 rows
Parsed 135616/188160 rows
Parsed 135648/188160 rows
Parsed 135680/188160 rows
Parsed 135712/188160 rows
Parsed 135744/188160 rows
Parsed 135776/188160 rows
Parsed 135808/188160 rows
Parsed 135840/188160 rows
Parsed 135872/188160 rows
Parsed 135904/188160 rows
Parsed 135936/188160 rows
Parsed 135968/188160 rows
Parsed 136000/188160 rows
Parsed 136032/188160 rows
Parsed 136064/188160 rows
Parsed 136096/188160 rows
Parsed 136128/188160 rows
Parsed 136160/188160 rows
Parsed 136192/188160 rows
Parsed 136224/188160 rows
Parsed 136256/188160 rows
Parsed 136288/188160 rows
Parsed 136320/188160 rows
Parsed 136352/188160 rows
Parsed 136384/188160 rows
Parsed 136416/188160 rows
Parsed 136448/188160 rows
Parsed 136480/188160 rows
Parsed 136512/188160 rows
Parsed 136544/188160 rows
Parsed 136576/188160 rows
Parsed 136608/188160 rows
Parsed 136640/188160 rows
Parsed 136672/188160 rows
Parsed 136704/188160 rows
Parsed 136736/188160 rows
Parsed 136768/188160 rows
Parsed 136800/188160 rows
Parsed 136832/188160 rows
Parsed 136864/188160 rows
Parsed 136896/188160 rows
Parsed 136928/188160 rows
Parsed 136960/188160 rows
Parsed 136992/188160 rows
Parsed 137024/188160 rows
Parsed 137056/188160 rows
Parsed 137088/188160 rows
Parsed 137120/188160 rows
Parsed 137152/188160 rows
Parsed 137184/188160 rows
Parsed 137216/188160 rows
Parsed 137248/188160 rows
Parsed 137280/188160 rows
Parsed 137312/188160 rows
Parsed 137344/188160 rows
Parsed 137376/188160 rows
Parsed 137408/188160 rows
Parsed 137440/188160 rows
Parsed 137472/188160 rows
Parsed 137504/188160 rows
Parsed 137536/188160 rows
Parsed 137568/188160 rows
Parsed 137600/188160 rows
Parsed 137632/188160 rows
Parsed 137664/188160 rows
Parsed 137696/188160 rows
Parsed 137728/188160 rows
Parsed 137760/188160 rows
Parsed 137792/188160 rows
Parsed 137824/188160 rows
Parsed 137856/188160 rows
Parsed 137888/188160 rows
Parsed 137920/188160 rows
Parsed 137952/188160 rows
Parsed 137984/188160 rows
Parsed 138016/188160 rows
Parsed 138048/188160 rows
Parsed 138080/188160 rows
Parsed 138112/188160 rows
Parsed 138144/188160 rows
Parsed 138176/188160 rows
Parsed 138208/188160 rows
Parsed 138240/188160 rows
Parsed 138272/188160 rows
Parsed 138304/188160 rows
Parsed 138336/188160 rows
Parsed 138368/188160 rows
Parsed 138400/188160 rows
Parsed 138432/188160 rows
Parsed 138464/188160 rows
Parsed 138496/188160 rows
Parsed 138528/188160 rows
Parsed 138560/188160 rows
Parsed 138592/188160 rows
Parsed 138624/188160 rows
Parsed 138656/188160 rows
Parsed 138688/188160 rows
Parsed 138720/188160 rows
Parsed 138752/188160 rows
Parsed 138784/188160 rows
Parsed 138816/188160 rows
Parsed 138848/188160 rows
Parsed 138880/188160 rows
Parsed 138912/188160 rows
Parsed 138944/188160 rows
Parsed 138976/188160 rows
Parsed 139008/188160 rows
Parsed 139040/188160 rows
Parsed 139072/188160 rows
Parsed 139104/188160 rows
Parsed 139136/188160 rows
Parsed 139168/188160 rows
Parsed 139200/188160 rows
Parsed 139232/188160 rows
Parsed 139264/188160 rows
Parsed 139296/188160 rows
Parsed 139328/188160 rows
Parsed 139360/188160 rows
Parsed 139392/188160 rows
Parsed 139424/188160 rows
Parsed 139456/188160 rows
Parsed 139488/188160 rows
Parsed 139520/188160 rows
Parsed 139552/188160 rows
Parsed 139584/188160 rows
Parsed 139616/188160 rows
Parsed 139648/188160 rows
Parsed 139680/188160 rows
Parsed 139712/188160 rows
Parsed 139744/188160 rows
Parsed 139776/188160 rows
Parsed 139808/188160 rows
Parsed 139840/188160 rows
Parsed 139872/188160 rows
Parsed 139904/188160 rows
Parsed 139936/188160 rows
Parsed 139968/188160 rows
Parsed 140000/188160 rows
Parsed 140032/188160 rows
Parsed 140064/188160 rows
Parsed 140096/188160 rows
Parsed 140128/188160 rows
Parsed 140160/188160 rows
Parsed 140192/188160 rows
Parsed 140224/188160 rows
Parsed 140256/188160 rows
Parsed 140288/188160 rows
Parsed 140320/188160 rows
Parsed 140352/188160 rows
Parsed 140384/188160 rows
Parsed 140416/188160 rows
Parsed 140448/188160 rows
Parsed 140480/188160 rows
Parsed 140512/188160 rows
Parsed 140544/188160 rows
Parsed 140576/188160 rows
Parsed 140608/188160 rows
Parsed 140640/188160 rows
Parsed 140672/188160 rows
Parsed 140704/188160 rows
Parsed 140736/188160 rows
Parsed 140768/188160 rows
Parsed 140800/188160 rows
Parsed 140832/188160 rows
Parsed 140864/188160 rows
Parsed 140896/188160 rows
Parsed 140928/188160 rows
Parsed 140960/188160 rows
Parsed 140992/188160 rows
Parsed 141024/188160 rows
Parsed 141056/188160 rows
Parsed 141088/188160 rows
Parsed 141120/188160 rows
Parsed 141152/188160 rows
Parsed 141184/188160 rows
Parsed 141216/188160 rows
Parsed 141248/188160 rows
Parsed 141280/188160 rows
Parsed 141312/188160 rows
Parsed 141344/188160 rows
Parsed 141376/188160 rows
Parsed 141408/188160 rows
Parsed 141440/188160 rows
Parsed 141472/188160 rows
Parsed 141504/188160 rows
Parsed 141536/188160 rows
Parsed 141568/188160 rows
Parsed 141600/188160 rows
Parsed 141632/188160 rows
Parsed 141664/188160 rows
Parsed 141696/188160 rows
Parsed 141728/188160 rows
Parsed 141760/188160 rows
Parsed 141792/188160 rows
Parsed 141824/188160 rows
Parsed 141856/188160 rows
Parsed 141888/188160 rows
Parsed 141920/188160 rows
Parsed 141952/188160 rows
Parsed 141984/188160 rows
Parsed 142016/188160 rows
Parsed 142048/188160 rows
Parsed 142080/188160 rows
Parsed 142112/188160 rows
Parsed 142144/188160 rows
Parsed 142176/188160 rows
Parsed 142208/188160 rows
Parsed 142240/188160 rows
Parsed 142272/188160 rows
Parsed 142304/188160 rows
Parsed 142336/188160 rows
Parsed 142368/188160 rows
Parsed 142400/188160 rows
Parsed 142432/188160 rows
Parsed 142464/188160 rows
Parsed 142496/188160 rows
Parsed 142528/188160 rows
Parsed 142560/188160 rows
Parsed 142592/188160 rows
Parsed 142624/188160 rows
Parsed 142656/188160 rows
Parsed 142688/188160 rows
Parsed 142720/188160 rows
Parsed 142752/188160 rows
Parsed 142784/188160 rows
Parsed 142816/188160 rows
Parsed 142848/188160 rows
Parsed 142880/188160 rows
Parsed 142912/188160 rows
Parsed 142944/188160 rows
Parsed 142976/188160 rows
Parsed 143008/188160 rows
Parsed 143040/188160 rows
Parsed 143072/188160 rows
Parsed 143104/188160 rows
Parsed 143136/188160 rows
Parsed 143168/188160 rows
Parsed 143200/188160 rows
Parsed 143232/188160 rows
Parsed 143264/188160 rows
Parsed 143296/188160 rows
Parsed 143328/188160 rows
Parsed 143360/188160 rows
Parsed 143392/188160 rows
Parsed 143424/188160 rows
Parsed 143456/188160 rows
Parsed 143488/188160 rows
Parsed 143520/188160 rows
Parsed 143552/188160 rows
Parsed 143584/188160 rows
Parsed 143616/188160 rows
Parsed 143648/188160 rows
Parsed 143680/188160 rows
Parsed 143712/188160 rows
Parsed 143744/188160 rows
Parsed 143776/188160 rows
Parsed 143808/188160 rows
Parsed 143840/188160 rows
Parsed 143872/188160 rows
Parsed 143904/188160 rows
Parsed 143936/188160 rows
Parsed 143968/188160 rows
Parsed 144000/188160 rows
Parsed 144032/188160 rows
Parsed 144064/188160 rows
Parsed 144096/188160 rows
Parsed 144128/188160 rows
Parsed 144160/188160 rows
Parsed 144192/188160 rows
Parsed 144224/188160 rows
Parsed 144256/188160 rows
Parsed 144288/188160 rows
Parsed 144320/188160 rows
Parsed 144352/188160 rows
Parsed 144384/188160 rows
Parsed 144416/188160 rows
Parsed 144448/188160 rows
Parsed 144480/188160 rows
Parsed 144512/188160 rows
Parsed 144544/188160 rows
Parsed 144576/188160 rows
Parsed 144608/188160 rows
Parsed 144640/188160 rows
Parsed 144672/188160 rows
Parsed 144704/188160 rows
Parsed 144736/188160 rows
Parsed 144768/188160 rows
Parsed 144800/188160 rows
Parsed 144832/188160 rows
Parsed 144864/188160 rows
Parsed 144896/188160 rows
Parsed 144928/188160 rows
Parsed 144960/188160 rows
Parsed 144992/188160 rows
Parsed 145024/188160 rows
Parsed 145056/188160 rows
Parsed 145088/188160 rows
Parsed 145120/188160 rows
Parsed 145152/188160 rows
Parsed 145184/188160 rows
Parsed 145216/188160 rows
Parsed 145248/188160 rows
Parsed 145280/188160 rows
Parsed 145312/188160 rows
Parsed 145344/188160 rows
Parsed 145376/188160 rows
Parsed 145408/188160 rows
Parsed 145440/188160 rows
Parsed 145472/188160 rows
Parsed 145504/188160 rows
Parsed 145536/188160 rows
Parsed 145568/188160 rows
Parsed 145600/188160 rows
Parsed 145632/188160 rows
Parsed 145664/188160 rows
Parsed 145696/188160 rows
Parsed 145728/188160 rows
Parsed 145760/188160 rows
Parsed 145792/188160 rows
Parsed 145824/188160 rows
Parsed 145856/188160 rows
Parsed 145888/188160 rows
Parsed 145920/188160 rows
Parsed 145952/188160 rows
Parsed 145984/188160 rows
Parsed 146016/188160 rows
Parsed 146048/188160 rows
Parsed 146080/188160 rows
Parsed 146112/188160 rows
Parsed 146144/188160 rows
Parsed 146176/188160 rows
Parsed 146208/188160 rows
Parsed 146240/188160 rows
Parsed 146272/188160 rows
Parsed 146304/188160 rows
Parsed 146336/188160 rows
Parsed 146368/188160 rows
Parsed 146400/188160 rows
Parsed 146432/188160 rows
Parsed 146464/188160 rows
Parsed 146496/188160 rows
Parsed 146528/188160 rows
Parsed 146560/188160 rows
Parsed 146592/188160 rows
Parsed 146624/188160 rows
Parsed 146656/188160 rows
Parsed 146688/188160 rows
Parsed 146720/188160 rows
Parsed 146752/188160 rows
Parsed 146784/188160 rows
Parsed 146816/188160 rows
Parsed 146848/188160 rows
Parsed 146880/188160 rows
Parsed 146912/188160 rows
Parsed 146944/188160 rows
Parsed 146976/188160 rows
Parsed 147008/188160 rows
Parsed 147040/188160 rows
Parsed 147072/188160 rows
Parsed 147104/188160 rows
Parsed 147136/188160 rows
Parsed 147168/188160 rows
Parsed 147200/188160 rows
Parsed 147232/188160 rows
Parsed 147264/188160 rows
Parsed 147296/188160 rows
Parsed 147328/188160 rows
Parsed 147360/188160 rows
Parsed 147392/188160 rows
Parsed 147424/188160 rows
Parsed 147456/188160 rows
Parsed 147488/188160 rows
Parsed 147520/188160 rows
Parsed 147552/188160 rows
Parsed 147584/188160 rows
Parsed 147616/188160 rows
Parsed 147648/188160 rows
Parsed 147680/188160 rows
Parsed 147712/188160 rows
Parsed 147744/188160 rows
Parsed 147776/188160 rows
Parsed 147808/188160 rows
Parsed 147840/188160 rows
Parsed 147872/188160 rows
Parsed 147904/188160 rows
Parsed 147936/188160 rows
Parsed 147968/188160 rows
Parsed 148000/188160 rows
Parsed 148032/188160 rows
Parsed 148064/188160 rows
Parsed 148096/188160 rows
Parsed 148128/188160 rows
Parsed 148160/188160 rows
Parsed 148192/188160 rows
Parsed 148224/188160 rows
Parsed 148256/188160 rows
Parsed 148288/188160 rows
Parsed 148320/188160 rows
Parsed 148352/188160 rows
Parsed 148384/188160 rows
Parsed 148416/188160 rows
Parsed 148448/188160 rows
Parsed 148480/188160 rows
Parsed 148512/188160 rows
Parsed 148544/188160 rows
Parsed 148576/188160 rows
Parsed 148608/188160 rows
Parsed 148640/188160 rows
Parsed 148672/188160 rows
Parsed 148704/188160 rows
Parsed 148736/188160 rows
Parsed 148768/188160 rows
Parsed 148800/188160 rows
Parsed 148832/188160 rows
Parsed 148864/188160 rows
Parsed 148896/188160 rows
Parsed 148928/188160 rows
Parsed 148960/188160 rows
Parsed 148992/188160 rows
Parsed 149024/188160 rows
Parsed 149056/188160 rows
Parsed 149088/188160 rows
Parsed 149120/188160 rows
Parsed 149152/188160 rows
Parsed 149184/188160 rows
Parsed 149216/188160 rows
Parsed 149248/188160 rows
Parsed 149280/188160 rows
Parsed 149312/188160 rows
Parsed 149344/188160 rows
Parsed 149376/188160 rows
Parsed 149408/188160 rows
Parsed 149440/188160 rows
Parsed 149472/188160 rows
Parsed 149504/188160 rows
Parsed 149536/188160 rows
Parsed 149568/188160 rows
Parsed 149600/188160 rows
Parsed 149632/188160 rows
Parsed 149664/188160 rows
Parsed 149696/188160 rows
Parsed 149728/188160 rows
Parsed 149760/188160 rows
Parsed 149792/188160 rows
Parsed 149824/188160 rows
Parsed 149856/188160 rows
Parsed 149888/188160 rows
Parsed 149920/188160 rows
Parsed 149952/188160 rows
Parsed 149984/188160 rows
Parsed 150016/188160 rows
Parsed 150048/188160 rows
Parsed 150080/188160 rows
Parsed 150112/188160 rows
Parsed 150144/188160 rows
Parsed 150176/188160 rows
Parsed 150208/188160 rows
Parsed 150240/188160 rows
Parsed 150272/188160 rows
Parsed 150304/188160 rows
Parsed 150336/188160 rows
Parsed 150368/188160 rows
Parsed 150400/188160 rows
Parsed 150432/188160 rows
Parsed 150464/188160 rows
Parsed 150496/188160 rows
Parsed 150528/188160 rows
Parsed 150560/188160 rows
Parsed 150592/188160 rows
Parsed 150624/188160 rows
Parsed 150656/188160 rows
Parsed 150688/188160 rows
Parsed 150720/188160 rows
Parsed 150752/188160 rows
Parsed 150784/188160 rows
Parsed 150816/188160 rows
Parsed 150848/188160 rows
Parsed 150880/188160 rows
Parsed 150912/188160 rows
Parsed 150944/188160 rows
Parsed 150976/188160 rows
Parsed 151008/188160 rows
Parsed 151040/188160 rows
Parsed 151072/188160 rows
Parsed 151104/188160 rows
Parsed 151136/188160 rows
Parsed 151168/188160 rows
Parsed 151200/188160 rows
Parsed 151232/188160 rows
Parsed 151264/188160 rows
Parsed 151296/188160 rows
Parsed 151328/188160 rows
Parsed 151360/188160 rows
Parsed 151392/188160 rows
Parsed 151424/188160 rows
Parsed 151456/188160 rows
Parsed 151488/188160 rows
Parsed 151520/188160 rows
Parsed 151552/188160 rows
Parsed 151584/188160 rows
Parsed 151616/188160 rows
Parsed 151648/188160 rows
Parsed 151680/188160 rows
Parsed 151712/188160 rows
Parsed 151744/188160 rows
Parsed 151776/188160 rows
Parsed 151808/188160 rows
Parsed 151840/188160 rows
Parsed 151872/188160 rows
Parsed 151904/188160 rows
Parsed 151936/188160 rows
Parsed 151968/188160 rows
Parsed 152000/188160 rows
Parsed 152032/188160 rows
Parsed 152064/188160 rows
Parsed 152096/188160 rows
Parsed 152128/188160 rows
Parsed 152160/188160 rows
Parsed 152192/188160 rows
Parsed 152224/188160 rows
Parsed 152256/188160 rows
Parsed 152288/188160 rows
Parsed 152320/188160 rows
Parsed 152352/188160 rows
Parsed 152384/188160 rows
Parsed 152416/188160 rows
Parsed 152448/188160 rows
Parsed 152480/188160 rows
Parsed 152512/188160 rows
Parsed 152544/188160 rows
Parsed 152576/188160 rows
Parsed 152608/188160 rows
Parsed 152640/188160 rows
Parsed 152672/188160 rows
Parsed 152704/188160 rows
Parsed 152736/188160 rows
Parsed 152768/188160 rows
Parsed 152800/188160 rows
Parsed 152832/188160 rows
Parsed 152864/188160 rows
Parsed 152896/188160 rows
Parsed 152928/188160 rows
Parsed 152960/188160 rows
Parsed 152992/188160 rows
Parsed 153024/188160 rows
Parsed 153056/188160 rows
Parsed 153088/188160 rows
Parsed 153120/188160 rows
Parsed 153152/188160 rows
Parsed 153184/188160 rows
Parsed 153216/188160 rows
Parsed 153248/188160 rows
Parsed 153280/188160 rows
Parsed 153312/188160 rows
Parsed 153344/188160 rows
Parsed 153376/188160 rows
Parsed 153408/188160 rows
Parsed 153440/188160 rows
Parsed 153472/188160 rows
Parsed 153504/188160 rows
Parsed 153536/188160 rows
Parsed 153568/188160 rows
Parsed 153600/188160 rows
Parsed 153632/188160 rows
Parsed 153664/188160 rows
Parsed 153696/188160 rows
Parsed 153728/188160 rows
Parsed 153760/188160 rows
Parsed 153792/188160 rows
Parsed 153824/188160 rows
Parsed 153856/188160 rows
Parsed 153888/188160 rows
Parsed 153920/188160 rows
Parsed 153952/188160 rows
Parsed 153984/188160 rows
Parsed 154016/188160 rows
Parsed 154048/188160 rows
Parsed 154080/188160 rows
Parsed 154112/188160 rows
Parsed 154144/188160 rows
Parsed 154176/188160 rows
Parsed 154208/188160 rows
Parsed 154240/188160 rows
Parsed 154272/188160 rows
Parsed 154304/188160 rows
Parsed 154336/188160 rows
Parsed 154368/188160 rows
Parsed 154400/188160 rows
Parsed 154432/188160 rows
Parsed 154464/188160 rows
Parsed 154496/188160 rows
Parsed 154528/188160 rows
Parsed 154560/188160 rows
Parsed 154592/188160 rows
Parsed 154624/188160 rows
Parsed 154656/188160 rows
Parsed 154688/188160 rows
Parsed 154720/188160 rows
Parsed 154752/188160 rows
Parsed 154784/188160 rows
Parsed 154816/188160 rows
Parsed 154848/188160 rows
Parsed 154880/188160 rows
Parsed 154912/188160 rows
Parsed 154944/188160 rows
Parsed 154976/188160 rows
Parsed 155008/188160 rows
Parsed 155040/188160 rows
Parsed 155072/188160 rows
Parsed 155104/188160 rows
Parsed 155136/188160 rows
Parsed 155168/188160 rows
Parsed 155200/188160 rows
Parsed 155232/188160 rows
Parsed 155264/188160 rows
Parsed 155296/188160 rows
Parsed 155328/188160 rows
Parsed 155360/188160 rows
Parsed 155392/188160 rows
Parsed 155424/188160 rows
Parsed 155456/188160 rows
Parsed 155488/188160 rows
Parsed 155520/188160 rows
Parsed 155552/188160 rows
Parsed 155584/188160 rows
Parsed 155616/188160 rows
Parsed 155648/188160 rows
Parsed 155680/188160 rows
Parsed 155712/188160 rows
Parsed 155744/188160 rows
Parsed 155776/188160 rows
Parsed 155808/188160 rows
Parsed 155840/188160 rows
Parsed 155872/188160 rows
Parsed 155904/188160 rows
Parsed 155936/188160 rows
Parsed 155968/188160 rows
Parsed 156000/188160 rows
Parsed 156032/188160 rows
Parsed 156064/188160 rows
Parsed 156096/188160 rows
Parsed 156128/188160 rows
Parsed 156160/188160 rows
Parsed 156192/188160 rows
Parsed 156224/188160 rows
Parsed 156256/188160 rows
Parsed 156288/188160 rows
Parsed 156320/188160 rows
Parsed 156352/188160 rows
Parsed 156384/188160 rows
Parsed 156416/188160 rows
Parsed 156448/188160 rows
Parsed 156480/188160 rows
Parsed 156512/188160 rows
Parsed 156544/188160 rows
Parsed 156576/188160 rows
Parsed 156608/188160 rows
Parsed 156640/188160 rows
Parsed 156672/188160 rows
Parsed 156704/188160 rows
Parsed 156736/188160 rows
Parsed 156768/188160 rows
Parsed 156800/188160 rows
Parsed 156832/188160 rows
Parsed 156864/188160 rows
Parsed 156896/188160 rows
Parsed 156928/188160 rows
Parsed 156960/188160 rows
Parsed 156992/188160 rows
Parsed 157024/188160 rows
Parsed 157056/188160 rows
Parsed 157088/188160 rows
Parsed 157120/188160 rows
Parsed 157152/188160 rows
Parsed 157184/188160 rows
Parsed 157216/188160 rows
Parsed 157248/188160 rows
Parsed 157280/188160 rows
Parsed 157312/188160 rows
Parsed 157344/188160 rows
Parsed 157376/188160 rows
Parsed 157408/188160 rows
Parsed 157440/188160 rows
Parsed 157472/188160 rows
Parsed 157504/188160 rows
Parsed 157536/188160 rows
Parsed 157568/188160 rows
Parsed 157600/188160 rows
Parsed 157632/188160 rows
Parsed 157664/188160 rows
Parsed 157696/188160 rows
Parsed 157728/188160 rows
Parsed 157760/188160 rows
Parsed 157792/188160 rows
Parsed 157824/188160 rows
Parsed 157856/188160 rows
Parsed 157888/188160 rows
Parsed 157920/188160 rows
Parsed 157952/188160 rows
Parsed 157984/188160 rows
Parsed 158016/188160 rows
Parsed 158048/188160 rows
Parsed 158080/188160 rows
Parsed 158112/188160 rows
Parsed 158144/188160 rows
Parsed 158176/188160 rows
Parsed 158208/188160 rows
Parsed 158240/188160 rows
Parsed 158272/188160 rows
Parsed 158304/188160 rows
Parsed 158336/188160 rows
Parsed 158368/188160 rows
Parsed 158400/188160 rows
Parsed 158432/188160 rows
Parsed 158464/188160 rows
Parsed 158496/188160 rows
Parsed 158528/188160 rows
Parsed 158560/188160 rows
Parsed 158592/188160 rows
Parsed 158624/188160 rows
Parsed 158656/188160 rows
Parsed 158688/188160 rows
Parsed 158720/188160 rows
Parsed 158752/188160 rows
Parsed 158784/188160 rows
Parsed 158816/188160 rows
Parsed 158848/188160 rows
Parsed 158880/188160 rows
Parsed 158912/188160 rows
Parsed 158944/188160 rows
Parsed 158976/188160 rows
Parsed 159008/188160 rows
Parsed 159040/188160 rows
Parsed 159072/188160 rows
Parsed 159104/188160 rows
Parsed 159136/188160 rows
Parsed 159168/188160 rows
Parsed 159200/188160 rows
Parsed 159232/188160 rows
Parsed 159264/188160 rows
Parsed 159296/188160 rows
Parsed 159328/188160 rows
Parsed 159360/188160 rows
Parsed 159392/188160 rows
Parsed 159424/188160 rows
Parsed 159456/188160 rows
Parsed 159488/188160 rows
Parsed 159520/188160 rows
Parsed 159552/188160 rows
Parsed 159584/188160 rows
Parsed 159616/188160 rows
Parsed 159648/188160 rows
Parsed 159680/188160 rows
Parsed 159712/188160 rows
Parsed 159744/188160 rows
Parsed 159776/188160 rows
Parsed 159808/188160 rows
Parsed 159840/188160 rows
Parsed 159872/188160 rows
Parsed 159904/188160 rows
Parsed 159936/188160 rows
Parsed 159968/188160 rows
Parsed 160000/188160 rows
Parsed 160032/188160 rows
Parsed 160064/188160 rows
Parsed 160096/188160 rows
Parsed 160128/188160 rows
Parsed 160160/188160 rows
Parsed 160192/188160 rows
Parsed 160224/188160 rows
Parsed 160256/188160 rows
Parsed 160288/188160 rows
Parsed 160320/188160 rows
Parsed 160352/188160 rows
Parsed 160384/188160 rows
Parsed 160416/188160 rows
Parsed 160448/188160 rows
Parsed 160480/188160 rows
Parsed 160512/188160 rows
Parsed 160544/188160 rows
Parsed 160576/188160 rows
Parsed 160608/188160 rows
Parsed 160640/188160 rows
Parsed 160672/188160 rows
Parsed 160704/188160 rows
Parsed 160736/188160 rows
Parsed 160768/188160 rows
Parsed 160800/188160 rows
Parsed 160832/188160 rows
Parsed 160864/188160 rows
Parsed 160896/188160 rows
Parsed 160928/188160 rows
Parsed 160960/188160 rows
Parsed 160992/188160 rows
Parsed 161024/188160 rows
Parsed 161056/188160 rows
Parsed 161088/188160 rows
Parsed 161120/188160 rows
Parsed 161152/188160 rows
Parsed 161184/188160 rows
Parsed 161216/188160 rows
Parsed 161248/188160 rows
Parsed 161280/188160 rows
Parsed 161312/188160 rows
Parsed 161344/188160 rows
Parsed 161376/188160 rows
Parsed 161408/188160 rows
Parsed 161440/188160 rows
Parsed 161472/188160 rows
Parsed 161504/188160 rows
Parsed 161536/188160 rows
Parsed 161568/188160 rows
Parsed 161600/188160 rows
Parsed 161632/188160 rows
Parsed 161664/188160 rows
Parsed 161696/188160 rows
Parsed 161728/188160 rows
Parsed 161760/188160 rows
Parsed 161792/188160 rows
Parsed 161824/188160 rows
Parsed 161856/188160 rows
Parsed 161888/188160 rows
Parsed 161920/188160 rows
Parsed 161952/188160 rows
Parsed 161984/188160 rows
Parsed 162016/188160 rows
Parsed 162048/188160 rows
Parsed 162080/188160 rows
Parsed 162112/188160 rows
Parsed 162144/188160 rows
Parsed 162176/188160 rows
Parsed 162208/188160 rows
Parsed 162240/188160 rows
Parsed 162272/188160 rows
Parsed 162304/188160 rows
Parsed 162336/188160 rows
Parsed 162368/188160 rows
Parsed 162400/188160 rows
Parsed 162432/188160 rows
Parsed 162464/188160 rows
Parsed 162496/188160 rows
Parsed 162528/188160 rows
Parsed 162560/188160 rows
Parsed 162592/188160 rows
Parsed 162624/188160 rows
Parsed 162656/188160 rows
Parsed 162688/188160 rows
Parsed 162720/188160 rows
Parsed 162752/188160 rows
Parsed 162784/188160 rows
Parsed 162816/188160 rows
Parsed 162848/188160 rows
Parsed 162880/188160 rows
Parsed 162912/188160 rows
Parsed 162944/188160 rows
Parsed 162976/188160 rows
Parsed 163008/188160 rows
Parsed 163040/188160 rows
Parsed 163072/188160 rows
Parsed 163104/188160 rows
Parsed 163136/188160 rows
Parsed 163168/188160 rows
Parsed 163200/188160 rows
Parsed 163232/188160 rows
Parsed 163264/188160 rows
Parsed 163296/188160 rows
Parsed 163328/188160 rows
Parsed 163360/188160 rows
Parsed 163392/188160 rows
Parsed 163424/188160 rows
Parsed 163456/188160 rows
Parsed 163488/188160 rows
Parsed 163520/188160 rows
Parsed 163552/188160 rows
Parsed 163584/188160 rows
Parsed 163616/188160 rows
Parsed 163648/188160 rows
Parsed 163680/188160 rows
Parsed 163712/188160 rows
Parsed 163744/188160 rows
Parsed 163776/188160 rows
Parsed 163808/188160 rows
Parsed 163840/188160 rows
Parsed 163872/188160 rows
Parsed 163904/188160 rows
Parsed 163936/188160 rows
Parsed 163968/188160 rows
Parsed 164000/188160 rows
Parsed 164032/188160 rows
Parsed 164064/188160 rows
Parsed 164096/188160 rows
Parsed 164128/188160 rows
Parsed 164160/188160 rows
Parsed 164192/188160 rows
Parsed 164224/188160 rows
Parsed 164256/188160 rows
Parsed 164288/188160 rows
Parsed 164320/188160 rows
Parsed 164352/188160 rows
Parsed 164384/188160 rows
Parsed 164416/188160 rows
Parsed 164448/188160 rows
Parsed 164480/188160 rows
Parsed 164512/188160 rows
Parsed 164544/188160 rows
Parsed 164576/188160 rows
Parsed 164608/188160 rows
Parsed 164640/188160 rows
Parsed 164672/188160 rows
Parsed 164704/188160 rows
Parsed 164736/188160 rows
Parsed 164768/188160 rows
Parsed 164800/188160 rows
Parsed 164832/188160 rows
Parsed 164864/188160 rows
Parsed 164896/188160 rows
Parsed 164928/188160 rows
Parsed 164960/188160 rows
Parsed 164992/188160 rows
Parsed 165024/188160 rows
Parsed 165056/188160 rows
Parsed 165088/188160 rows
Parsed 165120/188160 rows
Parsed 165152/188160 rows
Parsed 165184/188160 rows
Parsed 165216/188160 rows
Parsed 165248/188160 rows
Parsed 165280/188160 rows
Parsed 165312/188160 rows
Parsed 165344/188160 rows
Parsed 165376/188160 rows
Parsed 165408/188160 rows
Parsed 165440/188160 rows
Parsed 165472/188160 rows
Parsed 165504/188160 rows
Parsed 165536/188160 rows
Parsed 165568/188160 rows
Parsed 165600/188160 rows
Parsed 165632/188160 rows
Parsed 165664/188160 rows
Parsed 165696/188160 rows
Parsed 165728/188160 rows
Parsed 165760/188160 rows
Parsed 165792/188160 rows
Parsed 165824/188160 rows
Parsed 165856/188160 rows
Parsed 165888/188160 rows
Parsed 165920/188160 rows
Parsed 165952/188160 rows
Parsed 165984/188160 rows
Parsed 166016/188160 rows
Parsed 166048/188160 rows
Parsed 166080/188160 rows
Parsed 166112/188160 rows
Parsed 166144/188160 rows
Parsed 166176/188160 rows
Parsed 166208/188160 rows
Parsed 166240/188160 rows
Parsed 166272/188160 rows
Parsed 166304/188160 rows
Parsed 166336/188160 rows
Parsed 166368/188160 rows
Parsed 166400/188160 rows
Parsed 166432/188160 rows
Parsed 166464/188160 rows
Parsed 166496/188160 rows
Parsed 166528/188160 rows
Parsed 166560/188160 rows
Parsed 166592/188160 rows
Parsed 166624/188160 rows
Parsed 166656/188160 rows
Parsed 166688/188160 rows
Parsed 166720/188160 rows
Parsed 166752/188160 rows
Parsed 166784/188160 rows
Parsed 166816/188160 rows
Parsed 166848/188160 rows
Parsed 166880/188160 rows
Parsed 166912/188160 rows
Parsed 166944/188160 rows
Parsed 166976/188160 rows
Parsed 167008/188160 rows
Parsed 167040/188160 rows
Parsed 167072/188160 rows
Parsed 167104/188160 rows
Parsed 167136/188160 rows
Parsed 167168/188160 rows
Parsed 167200/188160 rows
Parsed 167232/188160 rows
Parsed 167264/188160 rows
Parsed 167296/188160 rows
Parsed 167328/188160 rows
Parsed 167360/188160 rows
Parsed 167392/188160 rows
Parsed 167424/188160 rows
Parsed 167456/188160 rows
Parsed 167488/188160 rows
Parsed 167520/188160 rows
Parsed 167552/188160 rows
Parsed 167584/188160 rows
Parsed 167616/188160 rows
Parsed 167648/188160 rows
Parsed 167680/188160 rows
Parsed 167712/188160 rows
Parsed 167744/188160 rows
Parsed 167776/188160 rows
Parsed 167808/188160 rows
Parsed 167840/188160 rows
Parsed 167872/188160 rows
Parsed 167904/188160 rows
Parsed 167936/188160 rows
Parsed 167968/188160 rows
Parsed 168000/188160 rows
Parsed 168032/188160 rows
Parsed 168064/188160 rows
Parsed 168096/188160 rows
Parsed 168128/188160 rows
Parsed 168160/188160 rows
Parsed 168192/188160 rows
Parsed 168224/188160 rows
Parsed 168256/188160 rows
Parsed 168288/188160 rows
Parsed 168320/188160 rows
Parsed 168352/188160 rows
Parsed 168384/188160 rows
Parsed 168416/188160 rows
Parsed 168448/188160 rows
Parsed 168480/188160 rows
Parsed 168512/188160 rows
Parsed 168544/188160 rows
Parsed 168576/188160 rows
Parsed 168608/188160 rows
Parsed 168640/188160 rows
Parsed 168672/188160 rows
Parsed 168704/188160 rows
Parsed 168736/188160 rows
Parsed 168768/188160 rows
Parsed 168800/188160 rows
Parsed 168832/188160 rows
Parsed 168864/188160 rows
Parsed 168896/188160 rows
Parsed 168928/188160 rows
Parsed 168960/188160 rows
Parsed 168992/188160 rows
Parsed 169024/188160 rows
Parsed 169056/188160 rows
Parsed 169088/188160 rows
Parsed 169120/188160 rows
Parsed 169152/188160 rows
Parsed 169184/188160 rows
Parsed 169216/188160 rows
Parsed 169248/188160 rows
Parsed 169280/188160 rows
Parsed 169312/188160 rows
Parsed 169344/188160 rows
Parsed 169376/188160 rows
Parsed 169408/188160 rows
Parsed 169440/188160 rows
Parsed 169472/188160 rows
Parsed 169504/188160 rows
Parsed 169536/188160 rows
Parsed 169568/188160 rows
Parsed 169600/188160 rows
Parsed 169632/188160 rows
Parsed 169664/188160 rows
Parsed 169696/188160 rows
Parsed 169728/188160 rows
Parsed 169760/188160 rows
Parsed 169792/188160 rows
Parsed 169824/188160 rows
Parsed 169856/188160 rows
Parsed 169888/188160 rows
Parsed 169920/188160 rows
Parsed 169952/188160 rows
Parsed 169984/188160 rows
Parsed 170016/188160 rows
Parsed 170048/188160 rows
Parsed 170080/188160 rows
Parsed 170112/188160 rows
Parsed 170144/188160 rows
Parsed 170176/188160 rows
Parsed 170208/188160 rows
Parsed 170240/188160 rows
Parsed 170272/188160 rows
Parsed 170304/188160 rows
Parsed 170336/188160 rows
Parsed 170368/188160 rows
Parsed 170400/188160 rows
Parsed 170432/188160 rows
Parsed 170464/188160 rows
Parsed 170496/188160 rows
Parsed 170528/188160 rows
Parsed 170560/188160 rows
Parsed 170592/188160 rows
Parsed 170624/188160 rows
Parsed 170656/188160 rows
Parsed 170688/188160 rows
Parsed 170720/188160 rows
Parsed 170752/188160 rows
Parsed 170784/188160 rows
Parsed 170816/188160 rows
Parsed 170848/188160 rows
Parsed 170880/188160 rows
Parsed 170912/188160 rows
Parsed 170944/188160 rows
Parsed 170976/188160 rows
Parsed 171008/188160 rows
Parsed 171040/188160 rows
Parsed 171072/188160 rows
Parsed 171104/188160 rows
Parsed 171136/188160 rows
Parsed 171168/188160 rows
Parsed 171200/188160 rows
Parsed 171232/188160 rows
Parsed 171264/188160 rows
Parsed 171296/188160 rows
Parsed 171328/188160 rows
Parsed 171360/188160 rows
Parsed 171392/188160 rows
Parsed 171424/188160 rows
Parsed 171456/188160 rows
Parsed 171488/188160 rows
Parsed 171520/188160 rows
Parsed 171552/188160 rows
Parsed 171584/188160 rows
Parsed 171616/188160 rows
Parsed 171648/188160 rows
Parsed 171680/188160 rows
Parsed 171712/188160 rows
Parsed 171744/188160 rows
Parsed 171776/188160 rows
Parsed 171808/188160 rows
Parsed 171840/188160 rows
Parsed 171872/188160 rows
Parsed 171904/188160 rows
Parsed 171936/188160 rows
Parsed 171968/188160 rows
Parsed 172000/188160 rows
Parsed 172032/188160 rows
Parsed 172064/188160 rows
Parsed 172096/188160 rows
Parsed 172128/188160 rows
Parsed 172160/188160 rows
Parsed 172192/188160 rows
Parsed 172224/188160 rows
Parsed 172256/188160 rows
Parsed 172288/188160 rows
Parsed 172320/188160 rows
Parsed 172352/188160 rows
Parsed 172384/188160 rows
Parsed 172416/188160 rows
Parsed 172448/188160 rows
Parsed 172480/188160 rows
Parsed 172512/188160 rows
Parsed 172544/188160 rows
Parsed 172576/188160 rows
Parsed 172608/188160 rows
Parsed 172640/188160 rows
Parsed 172672/188160 rows
Parsed 172704/188160 rows
Parsed 172736/188160 rows
Parsed 172768/188160 rows
Parsed 172800/188160 rows
Parsed 172832/188160 rows
Parsed 172864/188160 rows
Parsed 172896/188160 rows
Parsed 172928/188160 rows
Parsed 172960/188160 rows
Parsed 172992/188160 rows
Parsed 173024/188160 rows
Parsed 173056/188160 rows
Parsed 173088/188160 rows
Parsed 173120/188160 rows
Parsed 173152/188160 rows
Parsed 173184/188160 rows
Parsed 173216/188160 rows
Parsed 173248/188160 rows
Parsed 173280/188160 rows
Parsed 173312/188160 rows
Parsed 173344/188160 rows
Parsed 173376/188160 rows
Parsed 173408/188160 rows
Parsed 173440/188160 rows
Parsed 173472/188160 rows
Parsed 173504/188160 rows
Parsed 173536/188160 rows
Parsed 173568/188160 rows
Parsed 173600/188160 rows
Parsed 173632/188160 rows
Parsed 173664/188160 rows
Parsed 173696/188160 rows
Parsed 173728/188160 rows
Parsed 173760/188160 rows
Parsed 173792/188160 rows
Parsed 173824/188160 rows
Parsed 173856/188160 rows
Parsed 173888/188160 rows
Parsed 173920/188160 rows
Parsed 173952/188160 rows
Parsed 173984/188160 rows
Parsed 174016/188160 rows
Parsed 174048/188160 rows
Parsed 174080/188160 rows
Parsed 174112/188160 rows
Parsed 174144/188160 rows
Parsed 174176/188160 rows
Parsed 174208/188160 rows
Parsed 174240/188160 rows
Parsed 174272/188160 rows
Parsed 174304/188160 rows
Parsed 174336/188160 rows
Parsed 174368/188160 rows
Parsed 174400/188160 rows
Parsed 174432/188160 rows
Parsed 174464/188160 rows
Parsed 174496/188160 rows
Parsed 174528/188160 rows
Parsed 174560/188160 rows
Parsed 174592/188160 rows
Parsed 174624/188160 rows
Parsed 174656/188160 rows
Parsed 174688/188160 rows
Parsed 174720/188160 rows
Parsed 174752/188160 rows
Parsed 174784/188160 rows
Parsed 174816/188160 rows
Parsed 174848/188160 rows
Parsed 174880/188160 rows
Parsed 174912/188160 rows
Parsed 174944/188160 rows
Parsed 174976/188160 rows
Parsed 175008/188160 rows
Parsed 175040/188160 rows
Parsed 175072/188160 rows
Parsed 175104/188160 rows
Parsed 175136/188160 rows
Parsed 175168/188160 rows
Parsed 175200/188160 rows
Parsed 175232/188160 rows
Parsed 175264/188160 rows
Parsed 175296/188160 rows
Parsed 175328/188160 rows
Parsed 175360/188160 rows
Parsed 175392/188160 rows
Parsed 175424/188160 rows
Parsed 175456/188160 rows
Parsed 175488/188160 rows
Parsed 175520/188160 rows
Parsed 175552/188160 rows
Parsed 175584/188160 rows
Parsed 175616/188160 rows
Parsed 175648/188160 rows
Parsed 175680/188160 rows
Parsed 175712/188160 rows
Parsed 175744/188160 rows
Parsed 175776/188160 rows
Parsed 175808/188160 rows
Parsed 175840/188160 rows
Parsed 175872/188160 rows
Parsed 175904/188160 rows
Parsed 175936/188160 rows
Parsed 175968/188160 rows
Parsed 176000/188160 rows
Parsed 176032/188160 rows
Parsed 176064/188160 rows
Parsed 176096/188160 rows
Parsed 176128/188160 rows
Parsed 176160/188160 rows
Parsed 176192/188160 rows
Parsed 176224/188160 rows
Parsed 176256/188160 rows
Parsed 176288/188160 rows
Parsed 176320/188160 rows
Parsed 176352/188160 rows
Parsed 176384/188160 rows
Parsed 176416/188160 rows
Parsed 176448/188160 rows
Parsed 176480/188160 rows
Parsed 176512/188160 rows
Parsed 176544/188160 rows
Parsed 176576/188160 rows
Parsed 176608/188160 rows
Parsed 176640/188160 rows
Parsed 176672/188160 rows
Parsed 176704/188160 rows
Parsed 176736/188160 rows
Parsed 176768/188160 rows
Parsed 176800/188160 rows
Parsed 176832/188160 rows
Parsed 176864/188160 rows
Parsed 176896/188160 rows
Parsed 176928/188160 rows
Parsed 176960/188160 rows
Parsed 176992/188160 rows
Parsed 177024/188160 rows
Parsed 177056/188160 rows
Parsed 177088/188160 rows
Parsed 177120/188160 rows
Parsed 177152/188160 rows
Parsed 177184/188160 rows
Parsed 177216/188160 rows
Parsed 177248/188160 rows
Parsed 177280/188160 rows
Parsed 177312/188160 rows
Parsed 177344/188160 rows
Parsed 177376/188160 rows
Parsed 177408/188160 rows
Parsed 177440/188160 rows
Parsed 177472/188160 rows
Parsed 177504/188160 rows
Parsed 177536/188160 rows
Parsed 177568/188160 rows
Parsed 177600/188160 rows
Parsed 177632/188160 rows
Parsed 177664/188160 rows
Parsed 177696/188160 rows
Parsed 177728/188160 rows
Parsed 177760/188160 rows
Parsed 177792/188160 rows
Parsed 177824/188160 rows
Parsed 177856/188160 rows
Parsed 177888/188160 rows
Parsed 177920/188160 rows
Parsed 177952/188160 rows
Parsed 177984/188160 rows
Parsed 178016/188160 rows
Parsed 178048/188160 rows
Parsed 178080/188160 rows
Parsed 178112/188160 rows
Parsed 178144/188160 rows
Parsed 178176/188160 rows
Parsed 178208/188160 rows
Parsed 178240/188160 rows
Parsed 178272/188160 rows
Parsed 178304/188160 rows
Parsed 178336/188160 rows
Parsed 178368/188160 rows
Parsed 178400/188160 rows
Parsed 178432/188160 rows
Parsed 178464/188160 rows
Parsed 178496/188160 rows
Parsed 178528/188160 rows
Parsed 178560/188160 rows
Parsed 178592/188160 rows
Parsed 178624/188160 rows
Parsed 178656/188160 rows
Parsed 178688/188160 rows
Parsed 178720/188160 rows
Parsed 178752/188160 rows
Parsed 178784/188160 rows
Parsed 178816/188160 rows
Parsed 178848/188160 rows
Parsed 178880/188160 rows
Parsed 178912/188160 rows
Parsed 178944/188160 rows
Parsed 178976/188160 rows
Parsed 179008/188160 rows
Parsed 179040/188160 rows
Parsed 179072/188160 rows
Parsed 179104/188160 rows
Parsed 179136/188160 rows
Parsed 179168/188160 rows
Parsed 179200/188160 rows
Parsed 179232/188160 rows
Parsed 179264/188160 rows
Parsed 179296/188160 rows
Parsed 179328/188160 rows
Parsed 179360/188160 rows
Parsed 179392/188160 rows
Parsed 179424/188160 rows
Parsed 179456/188160 rows
Parsed 179488/188160 rows
Parsed 179520/188160 rows
Parsed 179552/188160 rows
Parsed 179584/188160 rows
Parsed 179616/188160 rows
Parsed 179648/188160 rows
Parsed 179680/188160 rows
Parsed 179712/188160 rows
Parsed 179744/188160 rows
Parsed 179776/188160 rows
Parsed 179808/188160 rows
Parsed 179840/188160 rows
Parsed 179872/188160 rows
Parsed 179904/188160 rows
Parsed 179936/188160 rows
Parsed 179968/188160 rows
Parsed 180000/188160 rows
Parsed 180032/188160 rows
Parsed 180064/188160 rows
Parsed 180096/188160 rows
Parsed 180128/188160 rows
Parsed 180160/188160 rows
Parsed 180192/188160 rows
Parsed 180224/188160 rows
Parsed 180256/188160 rows
Parsed 180288/188160 rows
Parsed 180320/188160 rows
Parsed 180352/188160 rows
Parsed 180384/188160 rows
Parsed 180416/188160 rows
Parsed 180448/188160 rows
Parsed 180480/188160 rows
Parsed 180512/188160 rows
Parsed 180544/188160 rows
Parsed 180576/188160 rows
Parsed 180608/188160 rows
Parsed 180640/188160 rows
Parsed 180672/188160 rows
Parsed 180704/188160 rows
Parsed 180736/188160 rows
Parsed 180768/188160 rows
Parsed 180800/188160 rows
Parsed 180832/188160 rows
Parsed 180864/188160 rows
Parsed 180896/188160 rows
Parsed 180928/188160 rows
Parsed 180960/188160 rows
Parsed 180992/188160 rows
Parsed 181024/188160 rows
Parsed 181056/188160 rows
Parsed 181088/188160 rows
Parsed 181120/188160 rows
Parsed 181152/188160 rows
Parsed 181184/188160 rows
Parsed 181216/188160 rows
Parsed 181248/188160 rows
Parsed 181280/188160 rows
Parsed 181312/188160 rows
Parsed 181344/188160 rows
Parsed 181376/188160 rows
Parsed 181408/188160 rows
Parsed 181440/188160 rows
Parsed 181472/188160 rows
Parsed 181504/188160 rows
Parsed 181536/188160 rows
Parsed 181568/188160 rows
Parsed 181600/188160 rows
Parsed 181632/188160 rows
Parsed 181664/188160 rows
Parsed 181696/188160 rows
Parsed 181728/188160 rows
Parsed 181760/188160 rows
Parsed 181792/188160 rows
Parsed 181824/188160 rows
Parsed 181856/188160 rows
Parsed 181888/188160 rows
Parsed 181920/188160 rows
Parsed 181952/188160 rows
Parsed 181984/188160 rows
Parsed 182016/188160 rows
Parsed 182048/188160 rows
Parsed 182080/188160 rows
Parsed 182112/188160 rows
Parsed 182144/188160 rows
Parsed 182176/188160 rows
Parsed 182208/188160 rows
Parsed 182240/188160 rows
Parsed 182272/188160 rows
Parsed 182304/188160 rows
Parsed 182336/188160 rows
Parsed 182368/188160 rows
Parsed 182400/188160 rows
Parsed 182432/188160 rows
Parsed 182464/188160 rows
Parsed 182496/188160 rows
Parsed 182528/188160 rows
Parsed 182560/188160 rows
Parsed 182592/188160 rows
Parsed 182624/188160 rows
Parsed 182656/188160 rows
Parsed 182688/188160 rows
Parsed 182720/188160 rows
Parsed 182752/188160 rows
Parsed 182784/188160 rows
Parsed 182816/188160 rows
Parsed 182848/188160 rows
Parsed 182880/188160 rows
Parsed 182912/188160 rows
Parsed 182944/188160 rows
Parsed 182976/188160 rows
Parsed 183008/188160 rows
Parsed 183040/188160 rows
Parsed 183072/188160 rows
Parsed 183104/188160 rows
Parsed 183136/188160 rows
Parsed 183168/188160 rows
Parsed 183200/188160 rows
Parsed 183232/188160 rows
Parsed 183264/188160 rows
Parsed 183296/188160 rows
Parsed 183328/188160 rows
Parsed 183360/188160 rows
Parsed 183392/188160 rows
Parsed 183424/188160 rows
Parsed 183456/188160 rows
Parsed 183488/188160 rows
Parsed 183520/188160 rows
Parsed 183552/188160 rows
Parsed 183584/188160 rows
Parsed 183616/188160 rows
Parsed 183648/188160 rows
Parsed 183680/188160 rows
Parsed 183712/188160 rows
Parsed 183744/188160 rows
Parsed 183776/188160 rows
Parsed 183808/188160 rows
Parsed 183840/188160 rows
Parsed 183872/188160 rows
Parsed 183904/188160 rows
Parsed 183936/188160 rows
Parsed 183968/188160 rows
Parsed 184000/188160 rows
Parsed 184032/188160 rows
Parsed 184064/188160 rows
Parsed 184096/188160 rows
Parsed 184128/188160 rows
Parsed 184160/188160 rows
Parsed 184192/188160 rows
Parsed 184224/188160 rows
Parsed 184256/188160 rows
Parsed 184288/188160 rows
Parsed 184320/188160 rows
Parsed 184352/188160 rows
Parsed 184384/188160 rows
Parsed 184416/188160 rows
Parsed 184448/188160 rows
Parsed 184480/188160 rows
Parsed 184512/188160 rows
Parsed 184544/188160 rows
Parsed 184576/188160 rows
Parsed 184608/188160 rows
Parsed 184640/188160 rows
Parsed 184672/188160 rows
Parsed 184704/188160 rows
Parsed 184736/188160 rows
Parsed 184768/188160 rows
Parsed 184800/188160 rows
Parsed 184832/188160 rows
Parsed 184864/188160 rows
Parsed 184896/188160 rows
Parsed 184928/188160 rows
Parsed 184960/188160 rows
Parsed 184992/188160 rows
Parsed 185024/188160 rows
Parsed 185056/188160 rows
Parsed 185088/188160 rows
Parsed 185120/188160 rows
Parsed 185152/188160 rows
Parsed 185184/188160 rows
Parsed 185216/188160 rows
Parsed 185248/188160 rows
Parsed 185280/188160 rows
Parsed 185312/188160 rows
Parsed 185344/188160 rows
Parsed 185376/188160 rows
Parsed 185408/188160 rows
Parsed 185440/188160 rows
Parsed 185472/188160 rows
Parsed 185504/188160 rows
Parsed 185536/188160 rows
Parsed 185568/188160 rows
Parsed 185600/188160 rows
Parsed 185632/188160 rows
Parsed 185664/188160 rows
Parsed 185696/188160 rows
Parsed 185728/188160 rows
Parsed 185760/188160 rows
Parsed 185792/188160 rows
Parsed 185824/188160 rows
Parsed 185856/188160 rows
Parsed 185888/188160 rows
Parsed 185920/188160 rows
Parsed 185952/188160 rows
Parsed 185984/188160 rows
Parsed 186016/188160 rows
Parsed 186048/188160 rows
Parsed 186080/188160 rows
Parsed 186112/188160 rows
Parsed 186144/188160 rows
Parsed 186176/188160 rows
Parsed 186208/188160 rows
Parsed 186240/188160 rows
Parsed 186272/188160 rows
Parsed 186304/188160 rows
Parsed 186336/188160 rows
Parsed 186368/188160 rows
Parsed 186400/188160 rows
Parsed 186432/188160 rows
Parsed 186464/188160 rows
Parsed 186496/188160 rows
Parsed 186528/188160 rows
Parsed 186560/188160 rows
Parsed 186592/188160 rows
Parsed 186624/188160 rows
Parsed 186656/188160 rows
Parsed 186688/188160 rows
Parsed 186720/188160 rows
Parsed 186752/188160 rows
Parsed 186784/188160 rows
Parsed 186816/188160 rows
Parsed 186848/188160 rows
Parsed 186880/188160 rows
Parsed 186912/188160 rows
Parsed 186944/188160 rows
Parsed 186976/188160 rows
Parsed 187008/188160 rows
Parsed 187040/188160 rows
Parsed 187072/188160 rows
Parsed 187104/188160 rows
Parsed 187136/188160 rows
Parsed 187168/188160 rows
Parsed 187200/188160 rows
Parsed 187232/188160 rows
Parsed 187264/188160 rows
Parsed 187296/188160 rows
Parsed 187328/188160 rows
Parsed 187360/188160 rows
Parsed 187392/188160 rows
Parsed 187424/188160 rows
Parsed 187456/188160 rows
Parsed 187488/188160 rows
Parsed 187520/188160 rows
Parsed 187552/188160 rows
Parsed 187584/188160 rows
Parsed 187616/188160 rows
Parsed 187648/188160 rows
Parsed 187680/188160 rows
Parsed 187712/188160 rows
Parsed 187744/188160 rows
Parsed 187776/188160 rows
Parsed 187808/188160 rows
Parsed 187840/188160 rows
Parsed 187872/188160 rows
Parsed 187904/188160 rows
Parsed 187936/188160 rows
Parsed 187968/188160 rows
Parsed 188000/188160 rows
Parsed 188032/188160 rows
Parsed 188064/188160 rows
Parsed 188096/188160 rows
Parsed 188128/188160 rows
Parsed 188160/188160 rows
Saved parsed results to: /projects/simlai1/Viberank/data/VibeRank/raw/hmls/VIFSPDAT/rc_responses/AIES_vifspdat_llama7_NewFixedLoggerRun1SeedFixed_parsed.csv

IN : /projects/simlai1/Viberank/data/VibeRank/raw/hmls/TAYVISPDAT/rc_responses/AIES_tayvispdat_DS8_NewFixedLoggerRun1SeedFixed.jsonl
OUT: /projects/simlai1/Viberank/data/VibeRank/raw/hmls/TAYVISPDAT/rc_responses/AIES_tayvispdat_DS8_NewFixedLoggerRun1SeedFixed_parsed.csv

Parsing
/projects/simlai1/Viberank/data/VibeRank/raw/hmls/TAYVISPDAT/rc_responses/AIES_tayvispdat_DS8_NewFixedLoggerRun1SeedFixed.jsonl
Loaded 125664 response rows
Parsed 32/125664 rows
Parsed 64/125664 rows
Parsed 96/125664 rows
Parsed 128/125664 rows
Parsed 160/125664 rows
Parsed 192/125664 rows
Parsed 224/125664 rows
Parsed 256/125664 rows
Parsed 288/125664 rows
Parsed 320/125664 rows
Parsed 352/125664 rows
Parsed 384/125664 rows
Parsed 416/125664 rows
Parsed 448/125664 rows
Parsed 480/125664 rows
Parsed 512/125664 rows
Parsed 544/125664 rows
Parsed 576/125664 rows
Parsed 608/125664 rows
Parsed 640/125664 rows
Parsed 672/125664 rows
Parsed 704/125664 rows
Parsed 736/125664 rows
Parsed 768/125664 rows
Parsed 800/125664 rows
Parsed 832/125664 rows
Parsed 864/125664 rows
Parsed 896/125664 rows
Parsed 928/125664 rows
Parsed 960/125664 rows
Parsed 992/125664 rows
Parsed 1024/125664 rows
Parsed 1056/125664 rows
Parsed 1088/125664 rows
Parsed 1120/125664 rows
Parsed 1152/125664 rows
Parsed 1184/125664 rows
Parsed 1216/125664 rows
Parsed 1248/125664 rows
Parsed 1280/125664 rows
Parsed 1312/125664 rows
Parsed 1344/125664 rows
Parsed 1376/125664 rows
Parsed 1408/125664 rows
Parsed 1440/125664 rows
Parsed 1472/125664 rows
Parsed 1504/125664 rows
Parsed 1536/125664 rows
Parsed 1568/125664 rows
Parsed 1600/125664 rows
Parsed 1632/125664 rows
Parsed 1664/125664 rows
Parsed 1696/125664 rows
Parsed 1728/125664 rows
Parsed 1760/125664 rows
Parsed 1792/125664 rows
Parsed 1824/125664 rows
Parsed 1856/125664 rows
Parsed 1888/125664 rows
Parsed 1920/125664 rows
Parsed 1952/125664 rows
Parsed 1984/125664 rows
Parsed 2016/125664 rows
Parsed 2048/125664 rows
Parsed 2080/125664 rows
Parsed 2112/125664 rows
Parsed 2144/125664 rows
Parsed 2176/125664 rows
Parsed 2208/125664 rows
Parsed 2240/125664 rows
Parsed 2272/125664 rows
Parsed 2304/125664 rows
Parsed 2336/125664 rows
Parsed 2368/125664 rows
Parsed 2400/125664 rows
Parsed 2432/125664 rows
Parsed 2464/125664 rows
Parsed 2496/125664 rows
Parsed 2528/125664 rows
Parsed 2560/125664 rows
Parsed 2592/125664 rows
Parsed 2624/125664 rows
Parsed 2656/125664 rows
Parsed 2688/125664 rows
Parsed 2720/125664 rows
Parsed 2752/125664 rows
Parsed 2784/125664 rows
Parsed 2816/125664 rows
Parsed 2848/125664 rows
Parsed 2880/125664 rows
Parsed 2912/125664 rows
Parsed 2944/125664 rows
Parsed 2976/125664 rows
Parsed 3008/125664 rows
Parsed 3040/125664 rows
Parsed 3072/125664 rows
Parsed 3104/125664 rows
Parsed 3136/125664 rows
Parsed 3168/125664 rows
Parsed 3200/125664 rows
Parsed 3232/125664 rows
Parsed 3264/125664 rows
Parsed 3296/125664 rows
Parsed 3328/125664 rows
Parsed 3360/125664 rows
Parsed 3392/125664 rows
Parsed 3424/125664 rows
Parsed 3456/125664 rows
Parsed 3488/125664 rows
Parsed 3520/125664 rows
Parsed 3552/125664 rows
Parsed 3584/125664 rows
Parsed 3616/125664 rows
Parsed 3648/125664 rows
Parsed 3680/125664 rows
Parsed 3712/125664 rows
Parsed 3744/125664 rows
Parsed 3776/125664 rows
Parsed 3808/125664 rows
Parsed 3840/125664 rows
Parsed 3872/125664 rows
Parsed 3904/125664 rows
Parsed 3936/125664 rows
Parsed 3968/125664 rows
Parsed 4000/125664 rows
Parsed 4032/125664 rows
Parsed 4064/125664 rows
Parsed 4096/125664 rows
Parsed 4128/125664 rows
Parsed 4160/125664 rows
Parsed 4192/125664 rows
Parsed 4224/125664 rows
Parsed 4256/125664 rows
Parsed 4288/125664 rows
Parsed 4320/125664 rows
Parsed 4352/125664 rows
Parsed 4384/125664 rows
Parsed 4416/125664 rows
Parsed 4448/125664 rows
Parsed 4480/125664 rows
Parsed 4512/125664 rows
Parsed 4544/125664 rows
Parsed 4576/125664 rows
Parsed 4608/125664 rows
Parsed 4640/125664 rows
Parsed 4672/125664 rows
Parsed 4704/125664 rows
Parsed 4736/125664 rows
Parsed 4768/125664 rows
Parsed 4800/125664 rows
Parsed 4832/125664 rows
Parsed 4864/125664 rows
Parsed 4896/125664 rows
Parsed 4928/125664 rows
Parsed 4960/125664 rows
Parsed 4992/125664 rows
Parsed 5024/125664 rows
Parsed 5056/125664 rows
Parsed 5088/125664 rows
Parsed 5120/125664 rows
Parsed 5152/125664 rows
Parsed 5184/125664 rows
Parsed 5216/125664 rows
Parsed 5248/125664 rows
Parsed 5280/125664 rows
Parsed 5312/125664 rows
Parsed 5344/125664 rows
Parsed 5376/125664 rows
Parsed 5408/125664 rows
Parsed 5440/125664 rows
Parsed 5472/125664 rows
Parsed 5504/125664 rows
Parsed 5536/125664 rows
Parsed 5568/125664 rows
Parsed 5600/125664 rows
Parsed 5632/125664 rows
Parsed 5664/125664 rows
Parsed 5696/125664 rows
Parsed 5728/125664 rows
Parsed 5760/125664 rows
Parsed 5792/125664 rows
Parsed 5824/125664 rows
Parsed 5856/125664 rows
Parsed 5888/125664 rows
Parsed 5920/125664 rows
Parsed 5952/125664 rows
Parsed 5984/125664 rows
Parsed 6016/125664 rows
Parsed 6048/125664 rows
Parsed 6080/125664 rows
Parsed 6112/125664 rows
Parsed 6144/125664 rows
Parsed 6176/125664 rows
Parsed 6208/125664 rows
Parsed 6240/125664 rows
Parsed 6272/125664 rows
Parsed 6304/125664 rows
Parsed 6336/125664 rows
Parsed 6368/125664 rows
Parsed 6400/125664 rows
Parsed 6432/125664 rows
Parsed 6464/125664 rows
Parsed 6496/125664 rows
Parsed 6528/125664 rows
Parsed 6560/125664 rows
Parsed 6592/125664 rows
Parsed 6624/125664 rows
Parsed 6656/125664 rows
Parsed 6688/125664 rows
Parsed 6720/125664 rows
Parsed 6752/125664 rows
Parsed 6784/125664 rows
Parsed 6816/125664 rows
Parsed 6848/125664 rows
Parsed 6880/125664 rows
Parsed 6912/125664 rows
Parsed 6944/125664 rows
Parsed 6976/125664 rows
Parsed 7008/125664 rows
Parsed 7040/125664 rows
Parsed 7072/125664 rows
Parsed 7104/125664 rows
Parsed 7136/125664 rows
Parsed 7168/125664 rows
Parsed 7200/125664 rows
Parsed 7232/125664 rows
Parsed 7264/125664 rows
Parsed 7296/125664 rows
Parsed 7328/125664 rows
Parsed 7360/125664 rows
Parsed 7392/125664 rows
Parsed 7424/125664 rows
Parsed 7456/125664 rows
Parsed 7488/125664 rows
Parsed 7520/125664 rows
Parsed 7552/125664 rows
Parsed 7584/125664 rows
Parsed 7616/125664 rows
Parsed 7648/125664 rows
Parsed 7680/125664 rows
Parsed 7712/125664 rows
Parsed 7744/125664 rows
Parsed 7776/125664 rows
Parsed 7808/125664 rows
Parsed 7840/125664 rows
Parsed 7872/125664 rows
Parsed 7904/125664 rows
Parsed 7936/125664 rows
Parsed 7968/125664 rows
Parsed 8000/125664 rows
Parsed 8032/125664 rows
Parsed 8064/125664 rows
Parsed 8096/125664 rows
Parsed 8128/125664 rows
Parsed 8160/125664 rows
Parsed 8192/125664 rows
Parsed 8224/125664 rows
Parsed 8256/125664 rows
Parsed 8288/125664 rows
Parsed 8320/125664 rows
Parsed 8352/125664 rows
Parsed 8384/125664 rows
Parsed 8416/125664 rows
Parsed 8448/125664 rows
Parsed 8480/125664 rows
Parsed 8512/125664 rows
Parsed 8544/125664 rows
Parsed 8576/125664 rows
Parsed 8608/125664 rows
Parsed 8640/125664 rows
Parsed 8672/125664 rows
Parsed 8704/125664 rows
Parsed 8736/125664 rows
Parsed 8768/125664 rows
Parsed 8800/125664 rows
Parsed 8832/125664 rows
Parsed 8864/125664 rows
Parsed 8896/125664 rows
Parsed 8928/125664 rows
Parsed 8960/125664 rows
Parsed 8992/125664 rows
Parsed 9024/125664 rows
Parsed 9056/125664 rows
Parsed 9088/125664 rows
Parsed 9120/125664 rows
Parsed 9152/125664 rows
Parsed 9184/125664 rows
Parsed 9216/125664 rows
Parsed 9248/125664 rows
Parsed 9280/125664 rows
Parsed 9312/125664 rows
Parsed 9344/125664 rows
Parsed 9376/125664 rows
Parsed 9408/125664 rows
Parsed 9440/125664 rows
Parsed 9472/125664 rows
Parsed 9504/125664 rows
Parsed 9536/125664 rows
Parsed 9568/125664 rows
Parsed 9600/125664 rows
Parsed 9632/125664 rows
Parsed 9664/125664 rows
Parsed 9696/125664 rows
Parsed 9728/125664 rows
Parsed 9760/125664 rows
Parsed 9792/125664 rows
Parsed 9824/125664 rows
Parsed 9856/125664 rows
Parsed 9888/125664 rows
Parsed 9920/125664 rows
Parsed 9952/125664 rows
Parsed 9984/125664 rows
Parsed 10016/125664 rows
Parsed 10048/125664 rows
Parsed 10080/125664 rows
Parsed 10112/125664 rows
Parsed 10144/125664 rows
Parsed 10176/125664 rows
Parsed 10208/125664 rows
Parsed 10240/125664 rows
Parsed 10272/125664 rows
Parsed 10304/125664 rows
Parsed 10336/125664 rows
Parsed 10368/125664 rows
Parsed 10400/125664 rows
Parsed 10432/125664 rows
Parsed 10464/125664 rows
Parsed 10496/125664 rows
Parsed 10528/125664 rows
Parsed 10560/125664 rows
Parsed 10592/125664 rows
Parsed 10624/125664 rows
Parsed 10656/125664 rows
Parsed 10688/125664 rows
Parsed 10720/125664 rows
Parsed 10752/125664 rows
Parsed 10784/125664 rows
Parsed 10816/125664 rows
Parsed 10848/125664 rows
Parsed 10880/125664 rows
Parsed 10912/125664 rows
Parsed 10944/125664 rows
Parsed 10976/125664 rows
Parsed 11008/125664 rows
Parsed 11040/125664 rows
Parsed 11072/125664 rows
Parsed 11104/125664 rows
Parsed 11136/125664 rows
Parsed 11168/125664 rows
Parsed 11200/125664 rows
Parsed 11232/125664 rows
Parsed 11264/125664 rows
Parsed 11296/125664 rows
Parsed 11328/125664 rows
Parsed 11360/125664 rows
Parsed 11392/125664 rows
Parsed 11424/125664 rows
Parsed 11456/125664 rows
Parsed 11488/125664 rows
Parsed 11520/125664 rows
Parsed 11552/125664 rows
Parsed 11584/125664 rows
Parsed 11616/125664 rows
Parsed 11648/125664 rows
Parsed 11680/125664 rows
Parsed 11712/125664 rows
Parsed 11744/125664 rows
Parsed 11776/125664 rows
Parsed 11808/125664 rows
Parsed 11840/125664 rows
Parsed 11872/125664 rows
Parsed 11904/125664 rows
Parsed 11936/125664 rows
Parsed 11968/125664 rows
Parsed 12000/125664 rows
Parsed 12032/125664 rows
Parsed 12064/125664 rows
Parsed 12096/125664 rows
Parsed 12128/125664 rows
Parsed 12160/125664 rows
Parsed 12192/125664 rows
Parsed 12224/125664 rows
Parsed 12256/125664 rows
Parsed 12288/125664 rows
Parsed 12320/125664 rows
Parsed 12352/125664 rows
Parsed 12384/125664 rows
Parsed 12416/125664 rows
Parsed 12448/125664 rows
Parsed 12480/125664 rows
Parsed 12512/125664 rows
Parsed 12544/125664 rows
Parsed 12576/125664 rows
Parsed 12608/125664 rows
Parsed 12640/125664 rows
Parsed 12672/125664 rows
Parsed 12704/125664 rows
Parsed 12736/125664 rows
Parsed 12768/125664 rows
Parsed 12800/125664 rows
Parsed 12832/125664 rows
Parsed 12864/125664 rows
Parsed 12896/125664 rows
Parsed 12928/125664 rows
Parsed 12960/125664 rows
Parsed 12992/125664 rows
Parsed 13024/125664 rows
Parsed 13056/125664 rows
Parsed 13088/125664 rows
Parsed 13120/125664 rows
Parsed 13152/125664 rows
Parsed 13184/125664 rows
Parsed 13216/125664 rows
Parsed 13248/125664 rows
Parsed 13280/125664 rows
Parsed 13312/125664 rows
Parsed 13344/125664 rows
Parsed 13376/125664 rows
Parsed 13408/125664 rows
Parsed 13440/125664 rows
Parsed 13472/125664 rows
Parsed 13504/125664 rows
Parsed 13536/125664 rows
Parsed 13568/125664 rows
Parsed 13600/125664 rows
Parsed 13632/125664 rows
Parsed 13664/125664 rows
Parsed 13696/125664 rows
Parsed 13728/125664 rows
Parsed 13760/125664 rows
Parsed 13792/125664 rows
Parsed 13824/125664 rows
Parsed 13856/125664 rows
Parsed 13888/125664 rows
Parsed 13920/125664 rows
Parsed 13952/125664 rows
Parsed 13984/125664 rows
Parsed 14016/125664 rows
Parsed 14048/125664 rows
Parsed 14080/125664 rows
Parsed 14112/125664 rows
Parsed 14144/125664 rows
Parsed 14176/125664 rows
Parsed 14208/125664 rows
Parsed 14240/125664 rows
Parsed 14272/125664 rows
Parsed 14304/125664 rows
Parsed 14336/125664 rows
Parsed 14368/125664 rows
Parsed 14400/125664 rows
Parsed 14432/125664 rows
Parsed 14464/125664 rows
Parsed 14496/125664 rows
Parsed 14528/125664 rows
Parsed 14560/125664 rows
Parsed 14592/125664 rows
Parsed 14624/125664 rows
Parsed 14656/125664 rows
Parsed 14688/125664 rows
Parsed 14720/125664 rows
Parsed 14752/125664 rows
Parsed 14784/125664 rows
Parsed 14816/125664 rows
Parsed 14848/125664 rows
Parsed 14880/125664 rows
Parsed 14912/125664 rows
Parsed 14944/125664 rows
Parsed 14976/125664 rows
Parsed 15008/125664 rows
Parsed 15040/125664 rows
Parsed 15072/125664 rows
Parsed 15104/125664 rows
Parsed 15136/125664 rows
Parsed 15168/125664 rows
Parsed 15200/125664 rows
Parsed 15232/125664 rows
Parsed 15264/125664 rows
Parsed 15296/125664 rows
Parsed 15328/125664 rows
Parsed 15360/125664 rows
Parsed 15392/125664 rows
Parsed 15424/125664 rows
Parsed 15456/125664 rows
Parsed 15488/125664 rows
Parsed 15520/125664 rows
Parsed 15552/125664 rows
Parsed 15584/125664 rows
Parsed 15616/125664 rows
Parsed 15648/125664 rows
Parsed 15680/125664 rows
Parsed 15712/125664 rows
Parsed 15744/125664 rows
Parsed 15776/125664 rows
Parsed 15808/125664 rows
Parsed 15840/125664 rows
Parsed 15872/125664 rows
Parsed 15904/125664 rows
Parsed 15936/125664 rows
Parsed 15968/125664 rows
Parsed 16000/125664 rows
Parsed 16032/125664 rows
Parsed 16064/125664 rows
Parsed 16096/125664 rows
Parsed 16128/125664 rows
Parsed 16160/125664 rows
Parsed 16192/125664 rows
Parsed 16224/125664 rows
Parsed 16256/125664 rows
Parsed 16288/125664 rows
Parsed 16320/125664 rows
Parsed 16352/125664 rows
Parsed 16384/125664 rows
Parsed 16416/125664 rows
Parsed 16448/125664 rows
Parsed 16480/125664 rows
Parsed 16512/125664 rows
Parsed 16544/125664 rows
Parsed 16576/125664 rows
Parsed 16608/125664 rows
Parsed 16640/125664 rows
Parsed 16672/125664 rows
Parsed 16704/125664 rows
Parsed 16736/125664 rows
Parsed 16768/125664 rows
Parsed 16800/125664 rows
Parsed 16832/125664 rows
Parsed 16864/125664 rows
Parsed 16896/125664 rows
Parsed 16928/125664 rows
Parsed 16960/125664 rows
Parsed 16992/125664 rows
Parsed 17024/125664 rows
Parsed 17056/125664 rows
Parsed 17088/125664 rows
Parsed 17120/125664 rows
Parsed 17152/125664 rows
Parsed 17184/125664 rows
Parsed 17216/125664 rows
Parsed 17248/125664 rows
Parsed 17280/125664 rows
Parsed 17312/125664 rows
Parsed 17344/125664 rows
Parsed 17376/125664 rows
Parsed 17408/125664 rows
Parsed 17440/125664 rows
Parsed 17472/125664 rows
Parsed 17504/125664 rows
Parsed 17536/125664 rows
Parsed 17568/125664 rows
Parsed 17600/125664 rows
Parsed 17632/125664 rows
Parsed 17664/125664 rows
Parsed 17696/125664 rows
Parsed 17728/125664 rows
Parsed 17760/125664 rows
Parsed 17792/125664 rows
Parsed 17824/125664 rows
Parsed 17856/125664 rows
Parsed 17888/125664 rows
Parsed 17920/125664 rows
Parsed 17952/125664 rows
Parsed 17984/125664 rows
Parsed 18016/125664 rows
Parsed 18048/125664 rows
Parsed 18080/125664 rows
Parsed 18112/125664 rows
Parsed 18144/125664 rows
Parsed 18176/125664 rows
Parsed 18208/125664 rows
Parsed 18240/125664 rows
Parsed 18272/125664 rows
Parsed 18304/125664 rows
Parsed 18336/125664 rows
Parsed 18368/125664 rows
Parsed 18400/125664 rows
Parsed 18432/125664 rows
Parsed 18464/125664 rows
Parsed 18496/125664 rows
Parsed 18528/125664 rows
Parsed 18560/125664 rows
Parsed 18592/125664 rows
Parsed 18624/125664 rows
Parsed 18656/125664 rows
Parsed 18688/125664 rows
Parsed 18720/125664 rows
Parsed 18752/125664 rows
Parsed 18784/125664 rows
Parsed 18816/125664 rows
Parsed 18848/125664 rows
Parsed 18880/125664 rows
Parsed 18912/125664 rows
Parsed 18944/125664 rows
Parsed 18976/125664 rows
Parsed 19008/125664 rows
Parsed 19040/125664 rows
Parsed 19072/125664 rows
Parsed 19104/125664 rows
Parsed 19136/125664 rows
Parsed 19168/125664 rows
Parsed 19200/125664 rows
Parsed 19232/125664 rows
Parsed 19264/125664 rows
Parsed 19296/125664 rows
Parsed 19328/125664 rows
Parsed 19360/125664 rows
Parsed 19392/125664 rows
Parsed 19424/125664 rows
Parsed 19456/125664 rows
Parsed 19488/125664 rows
Parsed 19520/125664 rows
Parsed 19552/125664 rows
Parsed 19584/125664 rows
Parsed 19616/125664 rows
Parsed 19648/125664 rows
Parsed 19680/125664 rows
Parsed 19712/125664 rows
Parsed 19744/125664 rows
Parsed 19776/125664 rows
Parsed 19808/125664 rows
Parsed 19840/125664 rows
Parsed 19872/125664 rows
Parsed 19904/125664 rows
Parsed 19936/125664 rows
Parsed 19968/125664 rows
Parsed 20000/125664 rows
Parsed 20032/125664 rows
Parsed 20064/125664 rows
Parsed 20096/125664 rows
Parsed 20128/125664 rows
Parsed 20160/125664 rows
Parsed 20192/125664 rows
Parsed 20224/125664 rows
Parsed 20256/125664 rows
Parsed 20288/125664 rows
Parsed 20320/125664 rows
Parsed 20352/125664 rows
Parsed 20384/125664 rows
Parsed 20416/125664 rows
Parsed 20448/125664 rows
Parsed 20480/125664 rows
Parsed 20512/125664 rows
Parsed 20544/125664 rows
Parsed 20576/125664 rows
Parsed 20608/125664 rows
Parsed 20640/125664 rows
Parsed 20672/125664 rows
Parsed 20704/125664 rows
Parsed 20736/125664 rows
Parsed 20768/125664 rows
Parsed 20800/125664 rows
Parsed 20832/125664 rows
Parsed 20864/125664 rows
Parsed 20896/125664 rows
Parsed 20928/125664 rows
Parsed 20960/125664 rows
Parsed 20992/125664 rows
Parsed 21024/125664 rows
Parsed 21056/125664 rows
Parsed 21088/125664 rows
Parsed 21120/125664 rows
Parsed 21152/125664 rows
Parsed 21184/125664 rows
Parsed 21216/125664 rows
Parsed 21248/125664 rows
Parsed 21280/125664 rows
Parsed 21312/125664 rows
Parsed 21344/125664 rows
Parsed 21376/125664 rows
Parsed 21408/125664 rows
Parsed 21440/125664 rows
Parsed 21472/125664 rows
Parsed 21504/125664 rows
Parsed 21536/125664 rows
Parsed 21568/125664 rows
Parsed 21600/125664 rows
Parsed 21632/125664 rows
Parsed 21664/125664 rows
Parsed 21696/125664 rows
Parsed 21728/125664 rows
Parsed 21760/125664 rows
Parsed 21792/125664 rows
Parsed 21824/125664 rows
Parsed 21856/125664 rows
Parsed 21888/125664 rows
Parsed 21920/125664 rows
Parsed 21952/125664 rows
Parsed 21984/125664 rows
Parsed 22016/125664 rows
Parsed 22048/125664 rows
Parsed 22080/125664 rows
Parsed 22112/125664 rows
Parsed 22144/125664 rows
Parsed 22176/125664 rows
Parsed 22208/125664 rows
Parsed 22240/125664 rows
Parsed 22272/125664 rows
Parsed 22304/125664 rows
Parsed 22336/125664 rows
Parsed 22368/125664 rows
Parsed 22400/125664 rows
Parsed 22432/125664 rows
Parsed 22464/125664 rows
Parsed 22496/125664 rows
Parsed 22528/125664 rows
Parsed 22560/125664 rows
Parsed 22592/125664 rows
Parsed 22624/125664 rows
Parsed 22656/125664 rows
Parsed 22688/125664 rows
Parsed 22720/125664 rows
Parsed 22752/125664 rows
Parsed 22784/125664 rows
Parsed 22816/125664 rows
Parsed 22848/125664 rows
Parsed 22880/125664 rows
Parsed 22912/125664 rows
Parsed 22944/125664 rows
Parsed 22976/125664 rows
Parsed 23008/125664 rows
Parsed 23040/125664 rows
Parsed 23072/125664 rows
Parsed 23104/125664 rows
Parsed 23136/125664 rows
Parsed 23168/125664 rows
Parsed 23200/125664 rows
Parsed 23232/125664 rows
Parsed 23264/125664 rows
Parsed 23296/125664 rows
Parsed 23328/125664 rows
Parsed 23360/125664 rows
Parsed 23392/125664 rows
Parsed 23424/125664 rows
Parsed 23456/125664 rows
Parsed 23488/125664 rows
Parsed 23520/125664 rows
Parsed 23552/125664 rows
Parsed 23584/125664 rows
Parsed 23616/125664 rows
Parsed 23648/125664 rows
Parsed 23680/125664 rows
Parsed 23712/125664 rows
Parsed 23744/125664 rows
Parsed 23776/125664 rows
Parsed 23808/125664 rows
Parsed 23840/125664 rows
Parsed 23872/125664 rows
Parsed 23904/125664 rows
Parsed 23936/125664 rows
Parsed 23968/125664 rows
Parsed 24000/125664 rows
Parsed 24032/125664 rows
Parsed 24064/125664 rows
Parsed 24096/125664 rows
Parsed 24128/125664 rows
Parsed 24160/125664 rows
Parsed 24192/125664 rows
Parsed 24224/125664 rows
Parsed 24256/125664 rows
Parsed 24288/125664 rows
Parsed 24320/125664 rows
Parsed 24352/125664 rows
Parsed 24384/125664 rows
Parsed 24416/125664 rows
Parsed 24448/125664 rows
Parsed 24480/125664 rows
Parsed 24512/125664 rows
Parsed 24544/125664 rows
Parsed 24576/125664 rows
Parsed 24608/125664 rows
Parsed 24640/125664 rows
Parsed 24672/125664 rows
Parsed 24704/125664 rows
Parsed 24736/125664 rows
Parsed 24768/125664 rows
Parsed 24800/125664 rows
Parsed 24832/125664 rows
Parsed 24864/125664 rows
Parsed 24896/125664 rows
Parsed 24928/125664 rows
Parsed 24960/125664 rows
Parsed 24992/125664 rows
Parsed 25024/125664 rows
Parsed 25056/125664 rows
Parsed 25088/125664 rows
Parsed 25120/125664 rows
Parsed 25152/125664 rows
Parsed 25184/125664 rows
Parsed 25216/125664 rows
Parsed 25248/125664 rows
Parsed 25280/125664 rows
Parsed 25312/125664 rows
Parsed 25344/125664 rows
Parsed 25376/125664 rows
Parsed 25408/125664 rows
Parsed 25440/125664 rows
Parsed 25472/125664 rows
Parsed 25504/125664 rows
Parsed 25536/125664 rows
Parsed 25568/125664 rows
Parsed 25600/125664 rows
Parsed 25632/125664 rows
Parsed 25664/125664 rows
Parsed 25696/125664 rows
Parsed 25728/125664 rows
Parsed 25760/125664 rows
Parsed 25792/125664 rows
Parsed 25824/125664 rows
Parsed 25856/125664 rows
Parsed 25888/125664 rows
Parsed 25920/125664 rows
Parsed 25952/125664 rows
Parsed 25984/125664 rows
Parsed 26016/125664 rows
Parsed 26048/125664 rows
Parsed 26080/125664 rows
Parsed 26112/125664 rows
Parsed 26144/125664 rows
Parsed 26176/125664 rows
Parsed 26208/125664 rows
Parsed 26240/125664 rows
Parsed 26272/125664 rows
Parsed 26304/125664 rows
Parsed 26336/125664 rows
Parsed 26368/125664 rows
Parsed 26400/125664 rows
Parsed 26432/125664 rows
Parsed 26464/125664 rows
Parsed 26496/125664 rows
Parsed 26528/125664 rows
Parsed 26560/125664 rows
Parsed 26592/125664 rows
Parsed 26624/125664 rows
Parsed 26656/125664 rows
Parsed 26688/125664 rows
Parsed 26720/125664 rows
Parsed 26752/125664 rows
Parsed 26784/125664 rows
Parsed 26816/125664 rows
Parsed 26848/125664 rows
Parsed 26880/125664 rows
Parsed 26912/125664 rows
Parsed 26944/125664 rows
Parsed 26976/125664 rows
Parsed 27008/125664 rows
Parsed 27040/125664 rows
Parsed 27072/125664 rows
Parsed 27104/125664 rows
Parsed 27136/125664 rows
Parsed 27168/125664 rows
Parsed 27200/125664 rows
Parsed 27232/125664 rows
Parsed 27264/125664 rows
Parsed 27296/125664 rows
Parsed 27328/125664 rows
Parsed 27360/125664 rows
Parsed 27392/125664 rows
Parsed 27424/125664 rows
Parsed 27456/125664 rows
Parsed 27488/125664 rows
Parsed 27520/125664 rows
Parsed 27552/125664 rows
Parsed 27584/125664 rows
Parsed 27616/125664 rows
Parsed 27648/125664 rows
Parsed 27680/125664 rows
Parsed 27712/125664 rows
Parsed 27744/125664 rows
Parsed 27776/125664 rows
Parsed 27808/125664 rows
Parsed 27840/125664 rows
Parsed 27872/125664 rows
Parsed 27904/125664 rows
Parsed 27936/125664 rows
Parsed 27968/125664 rows
Parsed 28000/125664 rows
Parsed 28032/125664 rows
Parsed 28064/125664 rows
Parsed 28096/125664 rows
Parsed 28128/125664 rows
Parsed 28160/125664 rows
Parsed 28192/125664 rows
Parsed 28224/125664 rows
Parsed 28256/125664 rows
Parsed 28288/125664 rows
Parsed 28320/125664 rows
Parsed 28352/125664 rows
Parsed 28384/125664 rows
Parsed 28416/125664 rows
Parsed 28448/125664 rows
Parsed 28480/125664 rows
Parsed 28512/125664 rows
Parsed 28544/125664 rows
Parsed 28576/125664 rows
Parsed 28608/125664 rows
Parsed 28640/125664 rows
Parsed 28672/125664 rows
Parsed 28704/125664 rows
Parsed 28736/125664 rows
Parsed 28768/125664 rows
Parsed 28800/125664 rows
Parsed 28832/125664 rows
Parsed 28864/125664 rows
Parsed 28896/125664 rows
Parsed 28928/125664 rows
Parsed 28960/125664 rows
Parsed 28992/125664 rows
Parsed 29024/125664 rows
Parsed 29056/125664 rows
Parsed 29088/125664 rows
Parsed 29120/125664 rows
Parsed 29152/125664 rows
Parsed 29184/125664 rows
Parsed 29216/125664 rows
Parsed 29248/125664 rows
Parsed 29280/125664 rows
Parsed 29312/125664 rows
Parsed 29344/125664 rows
Parsed 29376/125664 rows
Parsed 29408/125664 rows
Parsed 29440/125664 rows
Parsed 29472/125664 rows
Parsed 29504/125664 rows
Parsed 29536/125664 rows
Parsed 29568/125664 rows
Parsed 29600/125664 rows
Parsed 29632/125664 rows
Parsed 29664/125664 rows
Parsed 29696/125664 rows
Parsed 29728/125664 rows
Parsed 29760/125664 rows
Parsed 29792/125664 rows
Parsed 29824/125664 rows
Parsed 29856/125664 rows
Parsed 29888/125664 rows
Parsed 29920/125664 rows
Parsed 29952/125664 rows
Parsed 29984/125664 rows
Parsed 30016/125664 rows
Parsed 30048/125664 rows
Parsed 30080/125664 rows
Parsed 30112/125664 rows
Parsed 30144/125664 rows
Parsed 30176/125664 rows
Parsed 30208/125664 rows
Parsed 30240/125664 rows
Parsed 30272/125664 rows
Parsed 30304/125664 rows
Parsed 30336/125664 rows
Parsed 30368/125664 rows
Parsed 30400/125664 rows
Parsed 30432/125664 rows
Parsed 30464/125664 rows
Parsed 30496/125664 rows
Parsed 30528/125664 rows
Parsed 30560/125664 rows
Parsed 30592/125664 rows
Parsed 30624/125664 rows
Parsed 30656/125664 rows
Parsed 30688/125664 rows
Parsed 30720/125664 rows
Parsed 30752/125664 rows
Parsed 30784/125664 rows
Parsed 30816/125664 rows
Parsed 30848/125664 rows
Parsed 30880/125664 rows
Parsed 30912/125664 rows
Parsed 30944/125664 rows
Parsed 30976/125664 rows
Parsed 31008/125664 rows
Parsed 31040/125664 rows
Parsed 31072/125664 rows
Parsed 31104/125664 rows
Parsed 31136/125664 rows
Parsed 31168/125664 rows
Parsed 31200/125664 rows
Parsed 31232/125664 rows
Parsed 31264/125664 rows
Parsed 31296/125664 rows
Parsed 31328/125664 rows
Parsed 31360/125664 rows
Parsed 31392/125664 rows
Parsed 31424/125664 rows
Parsed 31456/125664 rows
Parsed 31488/125664 rows
Parsed 31520/125664 rows
Parsed 31552/125664 rows
Parsed 31584/125664 rows
Parsed 31616/125664 rows
Parsed 31648/125664 rows
Parsed 31680/125664 rows
Parsed 31712/125664 rows
Parsed 31744/125664 rows
Parsed 31776/125664 rows
Parsed 31808/125664 rows
Parsed 31840/125664 rows
Parsed 31872/125664 rows
Parsed 31904/125664 rows
Parsed 31936/125664 rows
Parsed 31968/125664 rows
Parsed 32000/125664 rows
Parsed 32032/125664 rows
Parsed 32064/125664 rows
Parsed 32096/125664 rows
Parsed 32128/125664 rows
Parsed 32160/125664 rows
Parsed 32192/125664 rows
Parsed 32224/125664 rows
Parsed 32256/125664 rows
Parsed 32288/125664 rows
Parsed 32320/125664 rows
Parsed 32352/125664 rows
Parsed 32384/125664 rows
Parsed 32416/125664 rows
Parsed 32448/125664 rows
Parsed 32480/125664 rows
Parsed 32512/125664 rows
Parsed 32544/125664 rows
Parsed 32576/125664 rows
Parsed 32608/125664 rows
Parsed 32640/125664 rows
Parsed 32672/125664 rows
Parsed 32704/125664 rows
Parsed 32736/125664 rows
Parsed 32768/125664 rows
Parsed 32800/125664 rows
Parsed 32832/125664 rows
Parsed 32864/125664 rows
Parsed 32896/125664 rows
Parsed 32928/125664 rows
Parsed 32960/125664 rows
Parsed 32992/125664 rows
Parsed 33024/125664 rows
Parsed 33056/125664 rows
Parsed 33088/125664 rows
Parsed 33120/125664 rows
Parsed 33152/125664 rows
Parsed 33184/125664 rows
Parsed 33216/125664 rows
Parsed 33248/125664 rows
Parsed 33280/125664 rows
Parsed 33312/125664 rows
Parsed 33344/125664 rows
Parsed 33376/125664 rows
Parsed 33408/125664 rows
Parsed 33440/125664 rows
Parsed 33472/125664 rows
Parsed 33504/125664 rows
Parsed 33536/125664 rows
Parsed 33568/125664 rows
Parsed 33600/125664 rows
Parsed 33632/125664 rows
Parsed 33664/125664 rows
Parsed 33696/125664 rows
Parsed 33728/125664 rows
Parsed 33760/125664 rows
Parsed 33792/125664 rows
Parsed 33824/125664 rows
Parsed 33856/125664 rows
Parsed 33888/125664 rows
Parsed 33920/125664 rows
Parsed 33952/125664 rows
Parsed 33984/125664 rows
Parsed 34016/125664 rows
Parsed 34048/125664 rows
Parsed 34080/125664 rows
Parsed 34112/125664 rows
Parsed 34144/125664 rows
Parsed 34176/125664 rows
Parsed 34208/125664 rows
Parsed 34240/125664 rows
Parsed 34272/125664 rows
Parsed 34304/125664 rows
Parsed 34336/125664 rows
Parsed 34368/125664 rows
Parsed 34400/125664 rows
Parsed 34432/125664 rows
Parsed 34464/125664 rows
Parsed 34496/125664 rows
Parsed 34528/125664 rows
Parsed 34560/125664 rows
Parsed 34592/125664 rows
Parsed 34624/125664 rows
Parsed 34656/125664 rows
Parsed 34688/125664 rows
Parsed 34720/125664 rows
Parsed 34752/125664 rows
Parsed 34784/125664 rows
Parsed 34816/125664 rows
Parsed 34848/125664 rows
Parsed 34880/125664 rows
Parsed 34912/125664 rows
Parsed 34944/125664 rows
Parsed 34976/125664 rows
Parsed 35008/125664 rows
Parsed 35040/125664 rows
Parsed 35072/125664 rows
Parsed 35104/125664 rows
Parsed 35136/125664 rows
Parsed 35168/125664 rows
Parsed 35200/125664 rows
Parsed 35232/125664 rows
Parsed 35264/125664 rows
Parsed 35296/125664 rows
Parsed 35328/125664 rows
Parsed 35360/125664 rows
Parsed 35392/125664 rows
Parsed 35424/125664 rows
Parsed 35456/125664 rows
Parsed 35488/125664 rows
Parsed 35520/125664 rows
Parsed 35552/125664 rows
Parsed 35584/125664 rows
Parsed 35616/125664 rows
Parsed 35648/125664 rows
Parsed 35680/125664 rows
Parsed 35712/125664 rows
Parsed 35744/125664 rows
Parsed 35776/125664 rows
Parsed 35808/125664 rows
Parsed 35840/125664 rows
Parsed 35872/125664 rows
Parsed 35904/125664 rows
Parsed 35936/125664 rows
Parsed 35968/125664 rows
Parsed 36000/125664 rows
Parsed 36032/125664 rows
Parsed 36064/125664 rows
Parsed 36096/125664 rows
Parsed 36128/125664 rows
Parsed 36160/125664 rows
Parsed 36192/125664 rows
Parsed 36224/125664 rows
Parsed 36256/125664 rows
Parsed 36288/125664 rows
Parsed 36320/125664 rows
Parsed 36352/125664 rows
Parsed 36384/125664 rows
Parsed 36416/125664 rows
Parsed 36448/125664 rows
Parsed 36480/125664 rows
Parsed 36512/125664 rows
Parsed 36544/125664 rows
Parsed 36576/125664 rows
Parsed 36608/125664 rows
Parsed 36640/125664 rows
Parsed 36672/125664 rows
Parsed 36704/125664 rows
Parsed 36736/125664 rows
Parsed 36768/125664 rows
Parsed 36800/125664 rows
Parsed 36832/125664 rows
Parsed 36864/125664 rows
Parsed 36896/125664 rows
Parsed 36928/125664 rows
Parsed 36960/125664 rows
Parsed 36992/125664 rows
Parsed 37024/125664 rows
Parsed 37056/125664 rows
Parsed 37088/125664 rows
Parsed 37120/125664 rows
Parsed 37152/125664 rows
Parsed 37184/125664 rows
Parsed 37216/125664 rows
Parsed 37248/125664 rows
Parsed 37280/125664 rows
Parsed 37312/125664 rows
Parsed 37344/125664 rows
Parsed 37376/125664 rows
Parsed 37408/125664 rows
Parsed 37440/125664 rows
Parsed 37472/125664 rows
Parsed 37504/125664 rows
Parsed 37536/125664 rows
Parsed 37568/125664 rows
Parsed 37600/125664 rows
Parsed 37632/125664 rows
Parsed 37664/125664 rows
Parsed 37696/125664 rows
Parsed 37728/125664 rows
Parsed 37760/125664 rows
Parsed 37792/125664 rows
Parsed 37824/125664 rows
Parsed 37856/125664 rows
Parsed 37888/125664 rows
Parsed 37920/125664 rows
Parsed 37952/125664 rows
Parsed 37984/125664 rows
Parsed 38016/125664 rows
Parsed 38048/125664 rows
Parsed 38080/125664 rows
Parsed 38112/125664 rows
Parsed 38144/125664 rows
Parsed 38176/125664 rows
Parsed 38208/125664 rows
Parsed 38240/125664 rows
Parsed 38272/125664 rows
Parsed 38304/125664 rows
Parsed 38336/125664 rows
Parsed 38368/125664 rows
Parsed 38400/125664 rows
Parsed 38432/125664 rows
Parsed 38464/125664 rows
Parsed 38496/125664 rows
Parsed 38528/125664 rows
Parsed 38560/125664 rows
Parsed 38592/125664 rows
Parsed 38624/125664 rows
Parsed 38656/125664 rows
Parsed 38688/125664 rows
Parsed 38720/125664 rows
Parsed 38752/125664 rows
Parsed 38784/125664 rows
Parsed 38816/125664 rows
Parsed 38848/125664 rows
Parsed 38880/125664 rows
Parsed 38912/125664 rows
Parsed 38944/125664 rows
Parsed 38976/125664 rows
Parsed 39008/125664 rows
Parsed 39040/125664 rows
Parsed 39072/125664 rows
Parsed 39104/125664 rows
Parsed 39136/125664 rows
Parsed 39168/125664 rows
Parsed 39200/125664 rows
Parsed 39232/125664 rows
Parsed 39264/125664 rows
Parsed 39296/125664 rows
Parsed 39328/125664 rows
Parsed 39360/125664 rows
Parsed 39392/125664 rows
Parsed 39424/125664 rows
Parsed 39456/125664 rows
Parsed 39488/125664 rows
Parsed 39520/125664 rows
Parsed 39552/125664 rows
Parsed 39584/125664 rows
Parsed 39616/125664 rows
Parsed 39648/125664 rows
Parsed 39680/125664 rows
Parsed 39712/125664 rows
Parsed 39744/125664 rows
Parsed 39776/125664 rows
Parsed 39808/125664 rows
Parsed 39840/125664 rows
Parsed 39872/125664 rows
Parsed 39904/125664 rows
Parsed 39936/125664 rows
Parsed 39968/125664 rows
Parsed 40000/125664 rows
Parsed 40032/125664 rows
Parsed 40064/125664 rows
Parsed 40096/125664 rows
Parsed 40128/125664 rows
Parsed 40160/125664 rows
Parsed 40192/125664 rows
Parsed 40224/125664 rows
Parsed 40256/125664 rows
Parsed 40288/125664 rows
Parsed 40320/125664 rows
Parsed 40352/125664 rows
Parsed 40384/125664 rows
Parsed 40416/125664 rows
Parsed 40448/125664 rows
Parsed 40480/125664 rows
Parsed 40512/125664 rows
Parsed 40544/125664 rows
Parsed 40576/125664 rows
Parsed 40608/125664 rows
Parsed 40640/125664 rows
Parsed 40672/125664 rows
Parsed 40704/125664 rows
Parsed 40736/125664 rows
Parsed 40768/125664 rows
Parsed 40800/125664 rows
Parsed 40832/125664 rows
Parsed 40864/125664 rows
Parsed 40896/125664 rows
Parsed 40928/125664 rows
Parsed 40960/125664 rows
Parsed 40992/125664 rows
Parsed 41024/125664 rows
Parsed 41056/125664 rows
Parsed 41088/125664 rows
Parsed 41120/125664 rows
Parsed 41152/125664 rows
Parsed 41184/125664 rows
Parsed 41216/125664 rows
Parsed 41248/125664 rows
Parsed 41280/125664 rows
Parsed 41312/125664 rows
Parsed 41344/125664 rows
Parsed 41376/125664 rows
Parsed 41408/125664 rows
Parsed 41440/125664 rows
Parsed 41472/125664 rows
Parsed 41504/125664 rows
Parsed 41536/125664 rows
Parsed 41568/125664 rows
Parsed 41600/125664 rows
Parsed 41632/125664 rows
Parsed 41664/125664 rows
Parsed 41696/125664 rows
Parsed 41728/125664 rows
Parsed 41760/125664 rows
Parsed 41792/125664 rows
Parsed 41824/125664 rows
Parsed 41856/125664 rows
Parsed 41888/125664 rows
Parsed 41920/125664 rows
Parsed 41952/125664 rows
Parsed 41984/125664 rows
Parsed 42016/125664 rows
Parsed 42048/125664 rows
Parsed 42080/125664 rows
Parsed 42112/125664 rows
Parsed 42144/125664 rows
Parsed 42176/125664 rows
Parsed 42208/125664 rows
Parsed 42240/125664 rows
Parsed 42272/125664 rows
Parsed 42304/125664 rows
Parsed 42336/125664 rows
Parsed 42368/125664 rows
Parsed 42400/125664 rows
Parsed 42432/125664 rows
Parsed 42464/125664 rows
Parsed 42496/125664 rows
Parsed 42528/125664 rows
Parsed 42560/125664 rows
Parsed 42592/125664 rows
Parsed 42624/125664 rows
Parsed 42656/125664 rows
Parsed 42688/125664 rows
Parsed 42720/125664 rows
Parsed 42752/125664 rows
Parsed 42784/125664 rows
Parsed 42816/125664 rows
Parsed 42848/125664 rows
Parsed 42880/125664 rows
Parsed 42912/125664 rows
Parsed 42944/125664 rows
Parsed 42976/125664 rows
Parsed 43008/125664 rows
Parsed 43040/125664 rows
Parsed 43072/125664 rows
Parsed 43104/125664 rows
Parsed 43136/125664 rows
Parsed 43168/125664 rows
Parsed 43200/125664 rows
Parsed 43232/125664 rows
Parsed 43264/125664 rows
Parsed 43296/125664 rows
Parsed 43328/125664 rows
Parsed 43360/125664 rows
Parsed 43392/125664 rows
Parsed 43424/125664 rows
Parsed 43456/125664 rows
Parsed 43488/125664 rows
Parsed 43520/125664 rows
Parsed 43552/125664 rows
Parsed 43584/125664 rows
Parsed 43616/125664 rows
Parsed 43648/125664 rows
Parsed 43680/125664 rows
Parsed 43712/125664 rows
Parsed 43744/125664 rows
Parsed 43776/125664 rows
Parsed 43808/125664 rows
Parsed 43840/125664 rows
Parsed 43872/125664 rows
Parsed 43904/125664 rows
Parsed 43936/125664 rows
Parsed 43968/125664 rows
Parsed 44000/125664 rows
Parsed 44032/125664 rows
Parsed 44064/125664 rows
Parsed 44096/125664 rows
Parsed 44128/125664 rows
Parsed 44160/125664 rows
Parsed 44192/125664 rows
Parsed 44224/125664 rows
Parsed 44256/125664 rows
Parsed 44288/125664 rows
Parsed 44320/125664 rows
Parsed 44352/125664 rows
Parsed 44384/125664 rows
Parsed 44416/125664 rows
Parsed 44448/125664 rows
Parsed 44480/125664 rows
Parsed 44512/125664 rows
Parsed 44544/125664 rows
Parsed 44576/125664 rows
Parsed 44608/125664 rows
Parsed 44640/125664 rows
Parsed 44672/125664 rows
Parsed 44704/125664 rows
Parsed 44736/125664 rows
Parsed 44768/125664 rows
Parsed 44800/125664 rows
Parsed 44832/125664 rows
Parsed 44864/125664 rows
Parsed 44896/125664 rows
Parsed 44928/125664 rows
Parsed 44960/125664 rows
Parsed 44992/125664 rows
Parsed 45024/125664 rows
Parsed 45056/125664 rows
Parsed 45088/125664 rows
Parsed 45120/125664 rows
Parsed 45152/125664 rows
Parsed 45184/125664 rows
Parsed 45216/125664 rows
Parsed 45248/125664 rows
Parsed 45280/125664 rows
Parsed 45312/125664 rows
Parsed 45344/125664 rows
Parsed 45376/125664 rows
Parsed 45408/125664 rows
Parsed 45440/125664 rows
Parsed 45472/125664 rows
Parsed 45504/125664 rows
Parsed 45536/125664 rows
Parsed 45568/125664 rows
Parsed 45600/125664 rows
Parsed 45632/125664 rows
Parsed 45664/125664 rows
Parsed 45696/125664 rows
Parsed 45728/125664 rows
Parsed 45760/125664 rows
Parsed 45792/125664 rows
Parsed 45824/125664 rows
Parsed 45856/125664 rows
Parsed 45888/125664 rows
Parsed 45920/125664 rows
Parsed 45952/125664 rows
Parsed 45984/125664 rows
Parsed 46016/125664 rows
Parsed 46048/125664 rows
Parsed 46080/125664 rows
Parsed 46112/125664 rows
Parsed 46144/125664 rows
Parsed 46176/125664 rows
Parsed 46208/125664 rows
Parsed 46240/125664 rows
Parsed 46272/125664 rows
Parsed 46304/125664 rows
Parsed 46336/125664 rows
Parsed 46368/125664 rows
Parsed 46400/125664 rows
Parsed 46432/125664 rows
Parsed 46464/125664 rows
Parsed 46496/125664 rows
Parsed 46528/125664 rows
Parsed 46560/125664 rows
Parsed 46592/125664 rows
Parsed 46624/125664 rows
Parsed 46656/125664 rows
Parsed 46688/125664 rows
Parsed 46720/125664 rows
Parsed 46752/125664 rows
Parsed 46784/125664 rows
Parsed 46816/125664 rows
Parsed 46848/125664 rows
Parsed 46880/125664 rows
Parsed 46912/125664 rows
Parsed 46944/125664 rows
Parsed 46976/125664 rows
Parsed 47008/125664 rows
Parsed 47040/125664 rows
Parsed 47072/125664 rows
Parsed 47104/125664 rows
Parsed 47136/125664 rows
Parsed 47168/125664 rows
Parsed 47200/125664 rows
Parsed 47232/125664 rows
Parsed 47264/125664 rows
Parsed 47296/125664 rows
Parsed 47328/125664 rows
Parsed 47360/125664 rows
Parsed 47392/125664 rows
Parsed 47424/125664 rows
Parsed 47456/125664 rows
Parsed 47488/125664 rows
Parsed 47520/125664 rows
Parsed 47552/125664 rows
Parsed 47584/125664 rows
Parsed 47616/125664 rows
Parsed 47648/125664 rows
Parsed 47680/125664 rows
Parsed 47712/125664 rows
Parsed 47744/125664 rows
Parsed 47776/125664 rows
Parsed 47808/125664 rows
Parsed 47840/125664 rows
Parsed 47872/125664 rows
Parsed 47904/125664 rows
Parsed 47936/125664 rows
Parsed 47968/125664 rows
Parsed 48000/125664 rows
Parsed 48032/125664 rows
Parsed 48064/125664 rows
Parsed 48096/125664 rows
Parsed 48128/125664 rows
Parsed 48160/125664 rows
Parsed 48192/125664 rows
Parsed 48224/125664 rows
Parsed 48256/125664 rows
Parsed 48288/125664 rows
Parsed 48320/125664 rows
Parsed 48352/125664 rows
Parsed 48384/125664 rows
Parsed 48416/125664 rows
Parsed 48448/125664 rows
Parsed 48480/125664 rows
Parsed 48512/125664 rows
Parsed 48544/125664 rows
Parsed 48576/125664 rows
Parsed 48608/125664 rows
Parsed 48640/125664 rows
Parsed 48672/125664 rows
Parsed 48704/125664 rows
Parsed 48736/125664 rows
Parsed 48768/125664 rows
Parsed 48800/125664 rows
Parsed 48832/125664 rows
Parsed 48864/125664 rows
Parsed 48896/125664 rows
Parsed 48928/125664 rows
Parsed 48960/125664 rows
Parsed 48992/125664 rows
Parsed 49024/125664 rows
Parsed 49056/125664 rows
Parsed 49088/125664 rows
Parsed 49120/125664 rows
Parsed 49152/125664 rows
Parsed 49184/125664 rows
Parsed 49216/125664 rows
Parsed 49248/125664 rows
Parsed 49280/125664 rows
Parsed 49312/125664 rows
Parsed 49344/125664 rows
Parsed 49376/125664 rows
Parsed 49408/125664 rows
Parsed 49440/125664 rows
Parsed 49472/125664 rows
Parsed 49504/125664 rows
Parsed 49536/125664 rows
Parsed 49568/125664 rows
Parsed 49600/125664 rows
Parsed 49632/125664 rows
Parsed 49664/125664 rows
Parsed 49696/125664 rows
Parsed 49728/125664 rows
Parsed 49760/125664 rows
Parsed 49792/125664 rows
Parsed 49824/125664 rows
Parsed 49856/125664 rows
Parsed 49888/125664 rows
Parsed 49920/125664 rows
Parsed 49952/125664 rows
Parsed 49984/125664 rows
Parsed 50016/125664 rows
Parsed 50048/125664 rows
Parsed 50080/125664 rows
Parsed 50112/125664 rows
Parsed 50144/125664 rows
Parsed 50176/125664 rows
Parsed 50208/125664 rows
Parsed 50240/125664 rows
Parsed 50272/125664 rows
Parsed 50304/125664 rows
Parsed 50336/125664 rows
Parsed 50368/125664 rows
Parsed 50400/125664 rows
Parsed 50432/125664 rows
Parsed 50464/125664 rows
Parsed 50496/125664 rows
Parsed 50528/125664 rows
Parsed 50560/125664 rows
Parsed 50592/125664 rows
Parsed 50624/125664 rows
Parsed 50656/125664 rows
Parsed 50688/125664 rows
Parsed 50720/125664 rows
Parsed 50752/125664 rows
Parsed 50784/125664 rows
Parsed 50816/125664 rows
Parsed 50848/125664 rows
Parsed 50880/125664 rows
Parsed 50912/125664 rows
Parsed 50944/125664 rows
Parsed 50976/125664 rows
Parsed 51008/125664 rows
Parsed 51040/125664 rows
Parsed 51072/125664 rows
Parsed 51104/125664 rows
Parsed 51136/125664 rows
Parsed 51168/125664 rows
Parsed 51200/125664 rows
Parsed 51232/125664 rows
Parsed 51264/125664 rows
Parsed 51296/125664 rows
Parsed 51328/125664 rows
Parsed 51360/125664 rows
Parsed 51392/125664 rows
Parsed 51424/125664 rows
Parsed 51456/125664 rows
Parsed 51488/125664 rows
Parsed 51520/125664 rows
Parsed 51552/125664 rows
Parsed 51584/125664 rows
Parsed 51616/125664 rows
Parsed 51648/125664 rows
Parsed 51680/125664 rows
Parsed 51712/125664 rows
Parsed 51744/125664 rows
Parsed 51776/125664 rows
Parsed 51808/125664 rows
Parsed 51840/125664 rows
Parsed 51872/125664 rows
Parsed 51904/125664 rows
Parsed 51936/125664 rows
Parsed 51968/125664 rows
Parsed 52000/125664 rows
Parsed 52032/125664 rows
Parsed 52064/125664 rows
Parsed 52096/125664 rows
Parsed 52128/125664 rows
Parsed 52160/125664 rows
Parsed 52192/125664 rows
Parsed 52224/125664 rows
Parsed 52256/125664 rows
Parsed 52288/125664 rows
Parsed 52320/125664 rows
Parsed 52352/125664 rows
Parsed 52384/125664 rows
Parsed 52416/125664 rows
Parsed 52448/125664 rows
Parsed 52480/125664 rows
Parsed 52512/125664 rows
Parsed 52544/125664 rows
Parsed 52576/125664 rows
Parsed 52608/125664 rows
Parsed 52640/125664 rows
Parsed 52672/125664 rows
Parsed 52704/125664 rows
Parsed 52736/125664 rows
Parsed 52768/125664 rows
Parsed 52800/125664 rows
Parsed 52832/125664 rows
Parsed 52864/125664 rows
Parsed 52896/125664 rows
Parsed 52928/125664 rows
Parsed 52960/125664 rows
Parsed 52992/125664 rows
Parsed 53024/125664 rows
Parsed 53056/125664 rows
Parsed 53088/125664 rows
Parsed 53120/125664 rows
Parsed 53152/125664 rows
Parsed 53184/125664 rows
Parsed 53216/125664 rows
Parsed 53248/125664 rows
Parsed 53280/125664 rows
Parsed 53312/125664 rows
Parsed 53344/125664 rows
Parsed 53376/125664 rows
Parsed 53408/125664 rows
Parsed 53440/125664 rows
Parsed 53472/125664 rows
Parsed 53504/125664 rows
Parsed 53536/125664 rows
Parsed 53568/125664 rows
Parsed 53600/125664 rows
Parsed 53632/125664 rows
Parsed 53664/125664 rows
Parsed 53696/125664 rows
Parsed 53728/125664 rows
Parsed 53760/125664 rows
Parsed 53792/125664 rows
Parsed 53824/125664 rows
Parsed 53856/125664 rows
Parsed 53888/125664 rows
Parsed 53920/125664 rows
Parsed 53952/125664 rows
Parsed 53984/125664 rows
Parsed 54016/125664 rows
Parsed 54048/125664 rows
Parsed 54080/125664 rows
Parsed 54112/125664 rows
Parsed 54144/125664 rows
Parsed 54176/125664 rows
Parsed 54208/125664 rows
Parsed 54240/125664 rows
Parsed 54272/125664 rows
Parsed 54304/125664 rows
Parsed 54336/125664 rows
Parsed 54368/125664 rows
Parsed 54400/125664 rows
Parsed 54432/125664 rows
Parsed 54464/125664 rows
Parsed 54496/125664 rows
Parsed 54528/125664 rows
Parsed 54560/125664 rows
Parsed 54592/125664 rows
Parsed 54624/125664 rows
Parsed 54656/125664 rows
Parsed 54688/125664 rows
Parsed 54720/125664 rows
Parsed 54752/125664 rows
Parsed 54784/125664 rows
Parsed 54816/125664 rows
Parsed 54848/125664 rows
Parsed 54880/125664 rows
Parsed 54912/125664 rows
Parsed 54944/125664 rows
Parsed 54976/125664 rows
Parsed 55008/125664 rows
Parsed 55040/125664 rows
Parsed 55072/125664 rows
Parsed 55104/125664 rows
Parsed 55136/125664 rows
Parsed 55168/125664 rows
Parsed 55200/125664 rows
Parsed 55232/125664 rows
Parsed 55264/125664 rows
Parsed 55296/125664 rows
Parsed 55328/125664 rows
Parsed 55360/125664 rows
Parsed 55392/125664 rows
Parsed 55424/125664 rows
Parsed 55456/125664 rows
Parsed 55488/125664 rows
Parsed 55520/125664 rows
Parsed 55552/125664 rows
Parsed 55584/125664 rows
Parsed 55616/125664 rows
Parsed 55648/125664 rows
Parsed 55680/125664 rows
Parsed 55712/125664 rows
Parsed 55744/125664 rows
Parsed 55776/125664 rows
Parsed 55808/125664 rows
Parsed 55840/125664 rows
Parsed 55872/125664 rows
Parsed 55904/125664 rows
Parsed 55936/125664 rows
Parsed 55968/125664 rows
Parsed 56000/125664 rows
Parsed 56032/125664 rows
Parsed 56064/125664 rows
Parsed 56096/125664 rows
Parsed 56128/125664 rows
Parsed 56160/125664 rows
Parsed 56192/125664 rows
Parsed 56224/125664 rows
Parsed 56256/125664 rows
Parsed 56288/125664 rows
Parsed 56320/125664 rows
Parsed 56352/125664 rows
Parsed 56384/125664 rows
Parsed 56416/125664 rows
Parsed 56448/125664 rows
Parsed 56480/125664 rows
Parsed 56512/125664 rows
Parsed 56544/125664 rows
Parsed 56576/125664 rows
Parsed 56608/125664 rows
Parsed 56640/125664 rows
Parsed 56672/125664 rows
Parsed 56704/125664 rows
Parsed 56736/125664 rows
Parsed 56768/125664 rows
Parsed 56800/125664 rows
Parsed 56832/125664 rows
Parsed 56864/125664 rows
Parsed 56896/125664 rows
Parsed 56928/125664 rows
Parsed 56960/125664 rows
Parsed 56992/125664 rows
Parsed 57024/125664 rows
Parsed 57056/125664 rows
Parsed 57088/125664 rows
Parsed 57120/125664 rows
Parsed 57152/125664 rows
Parsed 57184/125664 rows
Parsed 57216/125664 rows
Parsed 57248/125664 rows
Parsed 57280/125664 rows
Parsed 57312/125664 rows
Parsed 57344/125664 rows
Parsed 57376/125664 rows
Parsed 57408/125664 rows
Parsed 57440/125664 rows
Parsed 57472/125664 rows
Parsed 57504/125664 rows
Parsed 57536/125664 rows
Parsed 57568/125664 rows
Parsed 57600/125664 rows
Parsed 57632/125664 rows
Parsed 57664/125664 rows
Parsed 57696/125664 rows
Parsed 57728/125664 rows
Parsed 57760/125664 rows
Parsed 57792/125664 rows
Parsed 57824/125664 rows
Parsed 57856/125664 rows
Parsed 57888/125664 rows
Parsed 57920/125664 rows
Parsed 57952/125664 rows
Parsed 57984/125664 rows
Parsed 58016/125664 rows
Parsed 58048/125664 rows
Parsed 58080/125664 rows
Parsed 58112/125664 rows
Parsed 58144/125664 rows
Parsed 58176/125664 rows
Parsed 58208/125664 rows
Parsed 58240/125664 rows
Parsed 58272/125664 rows
Parsed 58304/125664 rows
Parsed 58336/125664 rows
Parsed 58368/125664 rows
Parsed 58400/125664 rows
Parsed 58432/125664 rows
Parsed 58464/125664 rows
Parsed 58496/125664 rows
Parsed 58528/125664 rows
Parsed 58560/125664 rows
Parsed 58592/125664 rows
Parsed 58624/125664 rows
Parsed 58656/125664 rows
Parsed 58688/125664 rows
Parsed 58720/125664 rows
Parsed 58752/125664 rows
Parsed 58784/125664 rows
Parsed 58816/125664 rows
Parsed 58848/125664 rows
Parsed 58880/125664 rows
Parsed 58912/125664 rows
Parsed 58944/125664 rows
Parsed 58976/125664 rows
Parsed 59008/125664 rows
Parsed 59040/125664 rows
Parsed 59072/125664 rows
Parsed 59104/125664 rows
Parsed 59136/125664 rows
Parsed 59168/125664 rows
Parsed 59200/125664 rows
Parsed 59232/125664 rows
Parsed 59264/125664 rows
Parsed 59296/125664 rows
Parsed 59328/125664 rows
Parsed 59360/125664 rows
Parsed 59392/125664 rows
Parsed 59424/125664 rows
Parsed 59456/125664 rows
Parsed 59488/125664 rows
Parsed 59520/125664 rows
Parsed 59552/125664 rows
Parsed 59584/125664 rows
Parsed 59616/125664 rows
Parsed 59648/125664 rows
Parsed 59680/125664 rows
Parsed 59712/125664 rows
Parsed 59744/125664 rows
Parsed 59776/125664 rows
Parsed 59808/125664 rows
Parsed 59840/125664 rows
Parsed 59872/125664 rows
Parsed 59904/125664 rows
Parsed 59936/125664 rows
Parsed 59968/125664 rows
Parsed 60000/125664 rows
Parsed 60032/125664 rows
Parsed 60064/125664 rows
Parsed 60096/125664 rows
Parsed 60128/125664 rows
Parsed 60160/125664 rows
Parsed 60192/125664 rows
Parsed 60224/125664 rows
Parsed 60256/125664 rows
Parsed 60288/125664 rows
Parsed 60320/125664 rows
Parsed 60352/125664 rows
Parsed 60384/125664 rows
Parsed 60416/125664 rows
Parsed 60448/125664 rows
Parsed 60480/125664 rows
Parsed 60512/125664 rows
Parsed 60544/125664 rows
Parsed 60576/125664 rows
Parsed 60608/125664 rows
Parsed 60640/125664 rows
Parsed 60672/125664 rows
Parsed 60704/125664 rows
Parsed 60736/125664 rows
Parsed 60768/125664 rows
Parsed 60800/125664 rows
Parsed 60832/125664 rows
Parsed 60864/125664 rows
Parsed 60896/125664 rows
Parsed 60928/125664 rows
Parsed 60960/125664 rows
Parsed 60992/125664 rows
Parsed 61024/125664 rows
Parsed 61056/125664 rows
Parsed 61088/125664 rows
Parsed 61120/125664 rows
Parsed 61152/125664 rows
Parsed 61184/125664 rows
Parsed 61216/125664 rows
Parsed 61248/125664 rows
Parsed 61280/125664 rows
Parsed 61312/125664 rows
Parsed 61344/125664 rows
Parsed 61376/125664 rows
Parsed 61408/125664 rows
Parsed 61440/125664 rows
Parsed 61472/125664 rows
Parsed 61504/125664 rows
Parsed 61536/125664 rows
Parsed 61568/125664 rows
Parsed 61600/125664 rows
Parsed 61632/125664 rows
Parsed 61664/125664 rows
Parsed 61696/125664 rows
Parsed 61728/125664 rows
Parsed 61760/125664 rows
Parsed 61792/125664 rows
Parsed 61824/125664 rows
Parsed 61856/125664 rows
Parsed 61888/125664 rows
Parsed 61920/125664 rows
Parsed 61952/125664 rows
Parsed 61984/125664 rows
Parsed 62016/125664 rows
Parsed 62048/125664 rows
Parsed 62080/125664 rows
Parsed 62112/125664 rows
Parsed 62144/125664 rows
Parsed 62176/125664 rows
Parsed 62208/125664 rows
Parsed 62240/125664 rows
Parsed 62272/125664 rows
Parsed 62304/125664 rows
Parsed 62336/125664 rows
Parsed 62368/125664 rows
Parsed 62400/125664 rows
Parsed 62432/125664 rows
Parsed 62464/125664 rows
Parsed 62496/125664 rows
Parsed 62528/125664 rows
Parsed 62560/125664 rows
Parsed 62592/125664 rows
Parsed 62624/125664 rows
Parsed 62656/125664 rows
Parsed 62688/125664 rows
Parsed 62720/125664 rows
Parsed 62752/125664 rows
Parsed 62784/125664 rows
Parsed 62816/125664 rows
Parsed 62848/125664 rows
Parsed 62880/125664 rows
Parsed 62912/125664 rows
Parsed 62944/125664 rows
Parsed 62976/125664 rows
Parsed 63008/125664 rows
Parsed 63040/125664 rows
Parsed 63072/125664 rows
Parsed 63104/125664 rows
Parsed 63136/125664 rows
Parsed 63168/125664 rows
Parsed 63200/125664 rows
Parsed 63232/125664 rows
Parsed 63264/125664 rows
Parsed 63296/125664 rows
Parsed 63328/125664 rows
Parsed 63360/125664 rows
Parsed 63392/125664 rows
Parsed 63424/125664 rows
Parsed 63456/125664 rows
Parsed 63488/125664 rows
Parsed 63520/125664 rows
Parsed 63552/125664 rows
Parsed 63584/125664 rows
Parsed 63616/125664 rows
Parsed 63648/125664 rows
Parsed 63680/125664 rows
Parsed 63712/125664 rows
Parsed 63744/125664 rows
Parsed 63776/125664 rows
Parsed 63808/125664 rows
Parsed 63840/125664 rows
Parsed 63872/125664 rows
Parsed 63904/125664 rows
Parsed 63936/125664 rows
Parsed 63968/125664 rows
Parsed 64000/125664 rows
Parsed 64032/125664 rows
Parsed 64064/125664 rows
Parsed 64096/125664 rows
Parsed 64128/125664 rows
Parsed 64160/125664 rows
Parsed 64192/125664 rows
Parsed 64224/125664 rows
Parsed 64256/125664 rows
Parsed 64288/125664 rows
Parsed 64320/125664 rows
Parsed 64352/125664 rows
Parsed 64384/125664 rows
Parsed 64416/125664 rows
Parsed 64448/125664 rows
Parsed 64480/125664 rows
Parsed 64512/125664 rows
Parsed 64544/125664 rows
Parsed 64576/125664 rows
Parsed 64608/125664 rows
Parsed 64640/125664 rows
Parsed 64672/125664 rows
Parsed 64704/125664 rows
Parsed 64736/125664 rows
Parsed 64768/125664 rows
Parsed 64800/125664 rows
Parsed 64832/125664 rows
Parsed 64864/125664 rows
Parsed 64896/125664 rows
Parsed 64928/125664 rows
Parsed 64960/125664 rows
Parsed 64992/125664 rows
Parsed 65024/125664 rows
Parsed 65056/125664 rows
Parsed 65088/125664 rows
Parsed 65120/125664 rows
Parsed 65152/125664 rows
Parsed 65184/125664 rows
Parsed 65216/125664 rows
Parsed 65248/125664 rows
Parsed 65280/125664 rows
Parsed 65312/125664 rows
Parsed 65344/125664 rows
Parsed 65376/125664 rows
Parsed 65408/125664 rows
Parsed 65440/125664 rows
Parsed 65472/125664 rows
Parsed 65504/125664 rows
Parsed 65536/125664 rows
Parsed 65568/125664 rows
Parsed 65600/125664 rows
Parsed 65632/125664 rows
Parsed 65664/125664 rows
Parsed 65696/125664 rows
Parsed 65728/125664 rows
Parsed 65760/125664 rows
Parsed 65792/125664 rows
Parsed 65824/125664 rows
Parsed 65856/125664 rows
Parsed 65888/125664 rows
Parsed 65920/125664 rows
Parsed 65952/125664 rows
Parsed 65984/125664 rows
Parsed 66016/125664 rows
Parsed 66048/125664 rows
Parsed 66080/125664 rows
Parsed 66112/125664 rows
Parsed 66144/125664 rows
Parsed 66176/125664 rows
Parsed 66208/125664 rows
Parsed 66240/125664 rows
Parsed 66272/125664 rows
Parsed 66304/125664 rows
Parsed 66336/125664 rows
Parsed 66368/125664 rows
Parsed 66400/125664 rows
Parsed 66432/125664 rows
Parsed 66464/125664 rows
Parsed 66496/125664 rows
Parsed 66528/125664 rows
Parsed 66560/125664 rows
Parsed 66592/125664 rows
Parsed 66624/125664 rows
Parsed 66656/125664 rows
Parsed 66688/125664 rows
Parsed 66720/125664 rows
Parsed 66752/125664 rows
Parsed 66784/125664 rows
Parsed 66816/125664 rows
Parsed 66848/125664 rows
Parsed 66880/125664 rows
Parsed 66912/125664 rows
Parsed 66944/125664 rows
Parsed 66976/125664 rows
Parsed 67008/125664 rows
Parsed 67040/125664 rows
Parsed 67072/125664 rows
Parsed 67104/125664 rows
Parsed 67136/125664 rows
Parsed 67168/125664 rows
Parsed 67200/125664 rows
Parsed 67232/125664 rows
Parsed 67264/125664 rows
Parsed 67296/125664 rows
Parsed 67328/125664 rows
Parsed 67360/125664 rows
Parsed 67392/125664 rows
Parsed 67424/125664 rows
Parsed 67456/125664 rows
Parsed 67488/125664 rows
Parsed 67520/125664 rows
Parsed 67552/125664 rows
Parsed 67584/125664 rows
Parsed 67616/125664 rows
Parsed 67648/125664 rows
Parsed 67680/125664 rows
Parsed 67712/125664 rows
Parsed 67744/125664 rows
Parsed 67776/125664 rows
Parsed 67808/125664 rows
Parsed 67840/125664 rows
Parsed 67872/125664 rows
Parsed 67904/125664 rows
Parsed 67936/125664 rows
Parsed 67968/125664 rows
Parsed 68000/125664 rows
Parsed 68032/125664 rows
Parsed 68064/125664 rows
Parsed 68096/125664 rows
Parsed 68128/125664 rows
Parsed 68160/125664 rows
Parsed 68192/125664 rows
Parsed 68224/125664 rows
Parsed 68256/125664 rows
Parsed 68288/125664 rows
Parsed 68320/125664 rows
Parsed 68352/125664 rows
Parsed 68384/125664 rows
Parsed 68416/125664 rows
Parsed 68448/125664 rows
Parsed 68480/125664 rows
Parsed 68512/125664 rows
Parsed 68544/125664 rows
Parsed 68576/125664 rows
Parsed 68608/125664 rows
Parsed 68640/125664 rows
Parsed 68672/125664 rows
Parsed 68704/125664 rows
Parsed 68736/125664 rows
Parsed 68768/125664 rows
Parsed 68800/125664 rows
Parsed 68832/125664 rows
Parsed 68864/125664 rows
Parsed 68896/125664 rows
Parsed 68928/125664 rows
Parsed 68960/125664 rows
Parsed 68992/125664 rows
Parsed 69024/125664 rows
Parsed 69056/125664 rows
Parsed 69088/125664 rows
Parsed 69120/125664 rows
Parsed 69152/125664 rows
Parsed 69184/125664 rows
Parsed 69216/125664 rows
Parsed 69248/125664 rows
Parsed 69280/125664 rows
Parsed 69312/125664 rows
Parsed 69344/125664 rows
Parsed 69376/125664 rows
Parsed 69408/125664 rows
Parsed 69440/125664 rows
Parsed 69472/125664 rows
Parsed 69504/125664 rows
Parsed 69536/125664 rows
Parsed 69568/125664 rows
Parsed 69600/125664 rows
Parsed 69632/125664 rows
Parsed 69664/125664 rows
Parsed 69696/125664 rows
Parsed 69728/125664 rows
Parsed 69760/125664 rows
Parsed 69792/125664 rows
Parsed 69824/125664 rows
Parsed 69856/125664 rows
Parsed 69888/125664 rows
Parsed 69920/125664 rows
Parsed 69952/125664 rows
Parsed 69984/125664 rows
Parsed 70016/125664 rows
Parsed 70048/125664 rows
Parsed 70080/125664 rows
Parsed 70112/125664 rows
Parsed 70144/125664 rows
Parsed 70176/125664 rows
Parsed 70208/125664 rows
Parsed 70240/125664 rows
Parsed 70272/125664 rows
Parsed 70304/125664 rows
Parsed 70336/125664 rows
Parsed 70368/125664 rows
Parsed 70400/125664 rows
Parsed 70432/125664 rows
Parsed 70464/125664 rows
Parsed 70496/125664 rows
Parsed 70528/125664 rows
Parsed 70560/125664 rows
Parsed 70592/125664 rows
Parsed 70624/125664 rows
Parsed 70656/125664 rows
Parsed 70688/125664 rows
Parsed 70720/125664 rows
Parsed 70752/125664 rows
Parsed 70784/125664 rows
Parsed 70816/125664 rows
Parsed 70848/125664 rows
Parsed 70880/125664 rows
Parsed 70912/125664 rows
Parsed 70944/125664 rows
Parsed 70976/125664 rows
Parsed 71008/125664 rows
Parsed 71040/125664 rows
Parsed 71072/125664 rows
Parsed 71104/125664 rows
Parsed 71136/125664 rows
Parsed 71168/125664 rows
Parsed 71200/125664 rows
Parsed 71232/125664 rows
Parsed 71264/125664 rows
Parsed 71296/125664 rows
Parsed 71328/125664 rows
Parsed 71360/125664 rows
Parsed 71392/125664 rows
Parsed 71424/125664 rows
Parsed 71456/125664 rows
Parsed 71488/125664 rows
Parsed 71520/125664 rows
Parsed 71552/125664 rows
Parsed 71584/125664 rows
Parsed 71616/125664 rows
Parsed 71648/125664 rows
Parsed 71680/125664 rows
Parsed 71712/125664 rows
Parsed 71744/125664 rows
Parsed 71776/125664 rows
Parsed 71808/125664 rows
Parsed 71840/125664 rows
Parsed 71872/125664 rows
Parsed 71904/125664 rows
Parsed 71936/125664 rows
Parsed 71968/125664 rows
Parsed 72000/125664 rows
Parsed 72032/125664 rows
Parsed 72064/125664 rows
Parsed 72096/125664 rows
Parsed 72128/125664 rows
Parsed 72160/125664 rows
Parsed 72192/125664 rows
Parsed 72224/125664 rows
Parsed 72256/125664 rows
Parsed 72288/125664 rows
Parsed 72320/125664 rows
Parsed 72352/125664 rows
Parsed 72384/125664 rows
Parsed 72416/125664 rows
Parsed 72448/125664 rows
Parsed 72480/125664 rows
Parsed 72512/125664 rows
Parsed 72544/125664 rows
Parsed 72576/125664 rows
Parsed 72608/125664 rows
Parsed 72640/125664 rows
Parsed 72672/125664 rows
Parsed 72704/125664 rows
Parsed 72736/125664 rows
Parsed 72768/125664 rows
Parsed 72800/125664 rows
Parsed 72832/125664 rows
Parsed 72864/125664 rows
Parsed 72896/125664 rows
Parsed 72928/125664 rows
Parsed 72960/125664 rows
Parsed 72992/125664 rows
Parsed 73024/125664 rows
Parsed 73056/125664 rows
Parsed 73088/125664 rows
Parsed 73120/125664 rows
Parsed 73152/125664 rows
Parsed 73184/125664 rows
Parsed 73216/125664 rows
Parsed 73248/125664 rows
Parsed 73280/125664 rows
Parsed 73312/125664 rows
Parsed 73344/125664 rows
Parsed 73376/125664 rows
Parsed 73408/125664 rows
Parsed 73440/125664 rows
Parsed 73472/125664 rows
Parsed 73504/125664 rows
Parsed 73536/125664 rows
Parsed 73568/125664 rows
Parsed 73600/125664 rows
Parsed 73632/125664 rows
Parsed 73664/125664 rows
Parsed 73696/125664 rows
Parsed 73728/125664 rows
Parsed 73760/125664 rows
Parsed 73792/125664 rows
Parsed 73824/125664 rows
Parsed 73856/125664 rows
Parsed 73888/125664 rows
Parsed 73920/125664 rows
Parsed 73952/125664 rows
Parsed 73984/125664 rows
Parsed 74016/125664 rows
Parsed 74048/125664 rows
Parsed 74080/125664 rows
Parsed 74112/125664 rows
Parsed 74144/125664 rows
Parsed 74176/125664 rows
Parsed 74208/125664 rows
Parsed 74240/125664 rows
Parsed 74272/125664 rows
Parsed 74304/125664 rows
Parsed 74336/125664 rows
Parsed 74368/125664 rows
Parsed 74400/125664 rows
Parsed 74432/125664 rows
Parsed 74464/125664 rows
Parsed 74496/125664 rows
Parsed 74528/125664 rows
Parsed 74560/125664 rows
Parsed 74592/125664 rows
Parsed 74624/125664 rows
Parsed 74656/125664 rows
Parsed 74688/125664 rows
Parsed 74720/125664 rows
Parsed 74752/125664 rows
Parsed 74784/125664 rows
Parsed 74816/125664 rows
Parsed 74848/125664 rows
Parsed 74880/125664 rows
Parsed 74912/125664 rows
Parsed 74944/125664 rows
Parsed 74976/125664 rows
Parsed 75008/125664 rows
Parsed 75040/125664 rows
Parsed 75072/125664 rows
Parsed 75104/125664 rows
Parsed 75136/125664 rows
Parsed 75168/125664 rows
Parsed 75200/125664 rows
Parsed 75232/125664 rows
Parsed 75264/125664 rows
Parsed 75296/125664 rows
Parsed 75328/125664 rows
Parsed 75360/125664 rows
Parsed 75392/125664 rows
Parsed 75424/125664 rows
Parsed 75456/125664 rows
Parsed 75488/125664 rows
Parsed 75520/125664 rows
Parsed 75552/125664 rows
Parsed 75584/125664 rows
Parsed 75616/125664 rows
Parsed 75648/125664 rows
Parsed 75680/125664 rows
Parsed 75712/125664 rows
Parsed 75744/125664 rows
Parsed 75776/125664 rows
Parsed 75808/125664 rows
Parsed 75840/125664 rows
Parsed 75872/125664 rows
Parsed 75904/125664 rows
Parsed 75936/125664 rows
Parsed 75968/125664 rows
Parsed 76000/125664 rows
Parsed 76032/125664 rows
Parsed 76064/125664 rows
Parsed 76096/125664 rows
Parsed 76128/125664 rows
Parsed 76160/125664 rows
Parsed 76192/125664 rows
Parsed 76224/125664 rows
Parsed 76256/125664 rows
Parsed 76288/125664 rows
Parsed 76320/125664 rows
Parsed 76352/125664 rows
Parsed 76384/125664 rows
Parsed 76416/125664 rows
Parsed 76448/125664 rows
Parsed 76480/125664 rows
Parsed 76512/125664 rows
Parsed 76544/125664 rows
Parsed 76576/125664 rows
Parsed 76608/125664 rows
Parsed 76640/125664 rows
Parsed 76672/125664 rows
Parsed 76704/125664 rows
Parsed 76736/125664 rows
Parsed 76768/125664 rows
Parsed 76800/125664 rows
Parsed 76832/125664 rows
Parsed 76864/125664 rows
Parsed 76896/125664 rows
Parsed 76928/125664 rows
Parsed 76960/125664 rows
Parsed 76992/125664 rows
Parsed 77024/125664 rows
Parsed 77056/125664 rows
Parsed 77088/125664 rows
Parsed 77120/125664 rows
Parsed 77152/125664 rows
Parsed 77184/125664 rows
Parsed 77216/125664 rows
Parsed 77248/125664 rows
Parsed 77280/125664 rows
Parsed 77312/125664 rows
Parsed 77344/125664 rows
Parsed 77376/125664 rows
Parsed 77408/125664 rows
Parsed 77440/125664 rows
Parsed 77472/125664 rows
Parsed 77504/125664 rows
Parsed 77536/125664 rows
Parsed 77568/125664 rows
Parsed 77600/125664 rows
Parsed 77632/125664 rows
Parsed 77664/125664 rows
Parsed 77696/125664 rows
Parsed 77728/125664 rows
Parsed 77760/125664 rows
Parsed 77792/125664 rows
Parsed 77824/125664 rows
Parsed 77856/125664 rows
Parsed 77888/125664 rows
Parsed 77920/125664 rows
Parsed 77952/125664 rows
Parsed 77984/125664 rows
Parsed 78016/125664 rows
Parsed 78048/125664 rows
Parsed 78080/125664 rows
Parsed 78112/125664 rows
Parsed 78144/125664 rows
Parsed 78176/125664 rows
Parsed 78208/125664 rows
Parsed 78240/125664 rows
Parsed 78272/125664 rows
Parsed 78304/125664 rows
Parsed 78336/125664 rows
Parsed 78368/125664 rows
Parsed 78400/125664 rows
Parsed 78432/125664 rows
Parsed 78464/125664 rows
Parsed 78496/125664 rows
Parsed 78528/125664 rows
Parsed 78560/125664 rows
Parsed 78592/125664 rows
Parsed 78624/125664 rows
Parsed 78656/125664 rows
Parsed 78688/125664 rows
Parsed 78720/125664 rows
Parsed 78752/125664 rows
Parsed 78784/125664 rows
Parsed 78816/125664 rows
Parsed 78848/125664 rows
Parsed 78880/125664 rows
Parsed 78912/125664 rows
Parsed 78944/125664 rows
Parsed 78976/125664 rows
Parsed 79008/125664 rows
Parsed 79040/125664 rows
Parsed 79072/125664 rows
Parsed 79104/125664 rows
Parsed 79136/125664 rows
Parsed 79168/125664 rows
Parsed 79200/125664 rows
Parsed 79232/125664 rows
Parsed 79264/125664 rows
Parsed 79296/125664 rows
Parsed 79328/125664 rows
Parsed 79360/125664 rows
Parsed 79392/125664 rows
Parsed 79424/125664 rows
Parsed 79456/125664 rows
Parsed 79488/125664 rows
Parsed 79520/125664 rows
Parsed 79552/125664 rows
Parsed 79584/125664 rows
Parsed 79616/125664 rows
Parsed 79648/125664 rows
Parsed 79680/125664 rows
Parsed 79712/125664 rows
Parsed 79744/125664 rows
Parsed 79776/125664 rows
Parsed 79808/125664 rows
Parsed 79840/125664 rows
Parsed 79872/125664 rows
Parsed 79904/125664 rows
Parsed 79936/125664 rows
Parsed 79968/125664 rows
Parsed 80000/125664 rows
Parsed 80032/125664 rows
Parsed 80064/125664 rows
Parsed 80096/125664 rows
Parsed 80128/125664 rows
Parsed 80160/125664 rows
Parsed 80192/125664 rows
Parsed 80224/125664 rows
Parsed 80256/125664 rows
Parsed 80288/125664 rows
Parsed 80320/125664 rows
Parsed 80352/125664 rows
Parsed 80384/125664 rows
Parsed 80416/125664 rows
Parsed 80448/125664 rows
Parsed 80480/125664 rows
Parsed 80512/125664 rows
Parsed 80544/125664 rows
Parsed 80576/125664 rows
Parsed 80608/125664 rows
Parsed 80640/125664 rows
Parsed 80672/125664 rows
Parsed 80704/125664 rows
Parsed 80736/125664 rows
Parsed 80768/125664 rows
Parsed 80800/125664 rows
Parsed 80832/125664 rows
Parsed 80864/125664 rows
Parsed 80896/125664 rows
Parsed 80928/125664 rows
Parsed 80960/125664 rows
Parsed 80992/125664 rows
Parsed 81024/125664 rows
Parsed 81056/125664 rows
Parsed 81088/125664 rows
Parsed 81120/125664 rows
Parsed 81152/125664 rows
Parsed 81184/125664 rows
Parsed 81216/125664 rows
Parsed 81248/125664 rows
Parsed 81280/125664 rows
Parsed 81312/125664 rows
Parsed 81344/125664 rows
Parsed 81376/125664 rows
Parsed 81408/125664 rows
Parsed 81440/125664 rows
Parsed 81472/125664 rows
Parsed 81504/125664 rows
Parsed 81536/125664 rows
Parsed 81568/125664 rows
Parsed 81600/125664 rows
Parsed 81632/125664 rows
Parsed 81664/125664 rows
Parsed 81696/125664 rows
Parsed 81728/125664 rows
Parsed 81760/125664 rows
Parsed 81792/125664 rows
Parsed 81824/125664 rows
Parsed 81856/125664 rows
Parsed 81888/125664 rows
Parsed 81920/125664 rows
Parsed 81952/125664 rows
Parsed 81984/125664 rows
Parsed 82016/125664 rows
Parsed 82048/125664 rows
Parsed 82080/125664 rows
Parsed 82112/125664 rows
Parsed 82144/125664 rows
Parsed 82176/125664 rows
Parsed 82208/125664 rows
Parsed 82240/125664 rows
Parsed 82272/125664 rows
Parsed 82304/125664 rows
Parsed 82336/125664 rows
Parsed 82368/125664 rows
Parsed 82400/125664 rows
Parsed 82432/125664 rows
Parsed 82464/125664 rows
Parsed 82496/125664 rows
Parsed 82528/125664 rows
Parsed 82560/125664 rows
Parsed 82592/125664 rows
Parsed 82624/125664 rows
Parsed 82656/125664 rows
Parsed 82688/125664 rows
Parsed 82720/125664 rows
Parsed 82752/125664 rows
Parsed 82784/125664 rows
Parsed 82816/125664 rows
Parsed 82848/125664 rows
Parsed 82880/125664 rows
Parsed 82912/125664 rows
Parsed 82944/125664 rows
Parsed 82976/125664 rows
Parsed 83008/125664 rows
Parsed 83040/125664 rows
Parsed 83072/125664 rows
Parsed 83104/125664 rows
Parsed 83136/125664 rows
Parsed 83168/125664 rows
Parsed 83200/125664 rows
Parsed 83232/125664 rows
Parsed 83264/125664 rows
Parsed 83296/125664 rows
Parsed 83328/125664 rows
Parsed 83360/125664 rows
Parsed 83392/125664 rows
Parsed 83424/125664 rows
Parsed 83456/125664 rows
Parsed 83488/125664 rows
Parsed 83520/125664 rows
Parsed 83552/125664 rows
Parsed 83584/125664 rows
Parsed 83616/125664 rows
Parsed 83648/125664 rows
Parsed 83680/125664 rows
Parsed 83712/125664 rows
Parsed 83744/125664 rows
Parsed 83776/125664 rows
Parsed 83808/125664 rows
Parsed 83840/125664 rows
Parsed 83872/125664 rows
Parsed 83904/125664 rows
Parsed 83936/125664 rows
Parsed 83968/125664 rows
Parsed 84000/125664 rows
Parsed 84032/125664 rows
Parsed 84064/125664 rows
Parsed 84096/125664 rows
Parsed 84128/125664 rows
Parsed 84160/125664 rows
Parsed 84192/125664 rows
Parsed 84224/125664 rows
Parsed 84256/125664 rows
Parsed 84288/125664 rows
Parsed 84320/125664 rows
Parsed 84352/125664 rows
Parsed 84384/125664 rows
Parsed 84416/125664 rows
Parsed 84448/125664 rows
Parsed 84480/125664 rows
Parsed 84512/125664 rows
Parsed 84544/125664 rows
Parsed 84576/125664 rows
Parsed 84608/125664 rows
Parsed 84640/125664 rows
Parsed 84672/125664 rows
Parsed 84704/125664 rows
Parsed 84736/125664 rows
Parsed 84768/125664 rows
Parsed 84800/125664 rows
Parsed 84832/125664 rows
Parsed 84864/125664 rows
Parsed 84896/125664 rows
Parsed 84928/125664 rows
Parsed 84960/125664 rows
Parsed 84992/125664 rows
Parsed 85024/125664 rows
Parsed 85056/125664 rows
Parsed 85088/125664 rows
Parsed 85120/125664 rows
Parsed 85152/125664 rows
Parsed 85184/125664 rows
Parsed 85216/125664 rows
Parsed 85248/125664 rows
Parsed 85280/125664 rows
Parsed 85312/125664 rows
Parsed 85344/125664 rows
Parsed 85376/125664 rows
Parsed 85408/125664 rows
Parsed 85440/125664 rows
Parsed 85472/125664 rows
Parsed 85504/125664 rows
Parsed 85536/125664 rows
Parsed 85568/125664 rows
Parsed 85600/125664 rows
Parsed 85632/125664 rows
Parsed 85664/125664 rows
Parsed 85696/125664 rows
Parsed 85728/125664 rows
Parsed 85760/125664 rows
Parsed 85792/125664 rows
Parsed 85824/125664 rows
Parsed 85856/125664 rows
Parsed 85888/125664 rows
Parsed 85920/125664 rows
Parsed 85952/125664 rows
Parsed 85984/125664 rows
Parsed 86016/125664 rows
Parsed 86048/125664 rows
Parsed 86080/125664 rows
Parsed 86112/125664 rows
Parsed 86144/125664 rows
Parsed 86176/125664 rows
Parsed 86208/125664 rows
Parsed 86240/125664 rows
Parsed 86272/125664 rows
Parsed 86304/125664 rows
Parsed 86336/125664 rows
Parsed 86368/125664 rows
Parsed 86400/125664 rows
Parsed 86432/125664 rows
Parsed 86464/125664 rows
Parsed 86496/125664 rows
Parsed 86528/125664 rows
Parsed 86560/125664 rows
Parsed 86592/125664 rows
Parsed 86624/125664 rows
Parsed 86656/125664 rows
Parsed 86688/125664 rows
Parsed 86720/125664 rows
Parsed 86752/125664 rows
Parsed 86784/125664 rows
Parsed 86816/125664 rows
Parsed 86848/125664 rows
Parsed 86880/125664 rows
Parsed 86912/125664 rows
Parsed 86944/125664 rows
Parsed 86976/125664 rows
Parsed 87008/125664 rows
Parsed 87040/125664 rows
Parsed 87072/125664 rows
Parsed 87104/125664 rows
Parsed 87136/125664 rows
Parsed 87168/125664 rows
Parsed 87200/125664 rows
Parsed 87232/125664 rows
Parsed 87264/125664 rows
Parsed 87296/125664 rows
Parsed 87328/125664 rows
Parsed 87360/125664 rows
Parsed 87392/125664 rows
Parsed 87424/125664 rows
Parsed 87456/125664 rows
Parsed 87488/125664 rows
Parsed 87520/125664 rows
Parsed 87552/125664 rows
Parsed 87584/125664 rows
Parsed 87616/125664 rows
Parsed 87648/125664 rows
Parsed 87680/125664 rows
Parsed 87712/125664 rows
Parsed 87744/125664 rows
Parsed 87776/125664 rows
Parsed 87808/125664 rows
Parsed 87840/125664 rows
Parsed 87872/125664 rows
Parsed 87904/125664 rows
Parsed 87936/125664 rows
Parsed 87968/125664 rows
Parsed 88000/125664 rows
Parsed 88032/125664 rows
Parsed 88064/125664 rows
Parsed 88096/125664 rows
Parsed 88128/125664 rows
Parsed 88160/125664 rows
Parsed 88192/125664 rows
Parsed 88224/125664 rows
Parsed 88256/125664 rows
Parsed 88288/125664 rows
Parsed 88320/125664 rows
Parsed 88352/125664 rows
Parsed 88384/125664 rows
Parsed 88416/125664 rows
Parsed 88448/125664 rows
Parsed 88480/125664 rows
Parsed 88512/125664 rows
Parsed 88544/125664 rows
Parsed 88576/125664 rows
Parsed 88608/125664 rows
Parsed 88640/125664 rows
Parsed 88672/125664 rows
Parsed 88704/125664 rows
Parsed 88736/125664 rows
Parsed 88768/125664 rows
Parsed 88800/125664 rows
Parsed 88832/125664 rows
Parsed 88864/125664 rows
Parsed 88896/125664 rows
Parsed 88928/125664 rows
Parsed 88960/125664 rows
Parsed 88992/125664 rows
Parsed 89024/125664 rows
Parsed 89056/125664 rows
Parsed 89088/125664 rows
Parsed 89120/125664 rows
Parsed 89152/125664 rows
Parsed 89184/125664 rows
Parsed 89216/125664 rows
Parsed 89248/125664 rows
Parsed 89280/125664 rows
Parsed 89312/125664 rows
Parsed 89344/125664 rows
Parsed 89376/125664 rows
Parsed 89408/125664 rows
Parsed 89440/125664 rows
Parsed 89472/125664 rows
Parsed 89504/125664 rows
Parsed 89536/125664 rows
Parsed 89568/125664 rows
Parsed 89600/125664 rows
Parsed 89632/125664 rows
Parsed 89664/125664 rows
Parsed 89696/125664 rows
Parsed 89728/125664 rows
Parsed 89760/125664 rows
Parsed 89792/125664 rows
Parsed 89824/125664 rows
Parsed 89856/125664 rows
Parsed 89888/125664 rows
Parsed 89920/125664 rows
Parsed 89952/125664 rows
Parsed 89984/125664 rows
Parsed 90016/125664 rows
Parsed 90048/125664 rows
Parsed 90080/125664 rows
Parsed 90112/125664 rows
Parsed 90144/125664 rows
Parsed 90176/125664 rows
Parsed 90208/125664 rows
Parsed 90240/125664 rows
Parsed 90272/125664 rows
Parsed 90304/125664 rows
Parsed 90336/125664 rows
Parsed 90368/125664 rows
Parsed 90400/125664 rows
Parsed 90432/125664 rows
Parsed 90464/125664 rows
Parsed 90496/125664 rows
Parsed 90528/125664 rows
Parsed 90560/125664 rows
Parsed 90592/125664 rows
Parsed 90624/125664 rows
Parsed 90656/125664 rows
Parsed 90688/125664 rows
Parsed 90720/125664 rows
Parsed 90752/125664 rows
Parsed 90784/125664 rows
Parsed 90816/125664 rows
Parsed 90848/125664 rows
Parsed 90880/125664 rows
Parsed 90912/125664 rows
Parsed 90944/125664 rows
Parsed 90976/125664 rows
Parsed 91008/125664 rows
Parsed 91040/125664 rows
Parsed 91072/125664 rows
Parsed 91104/125664 rows
Parsed 91136/125664 rows
Parsed 91168/125664 rows
Parsed 91200/125664 rows
Parsed 91232/125664 rows
Parsed 91264/125664 rows
Parsed 91296/125664 rows
Parsed 91328/125664 rows
Parsed 91360/125664 rows
Parsed 91392/125664 rows
Parsed 91424/125664 rows
Parsed 91456/125664 rows
Parsed 91488/125664 rows
Parsed 91520/125664 rows
Parsed 91552/125664 rows
Parsed 91584/125664 rows
Parsed 91616/125664 rows
Parsed 91648/125664 rows
Parsed 91680/125664 rows
Parsed 91712/125664 rows
Parsed 91744/125664 rows
Parsed 91776/125664 rows
Parsed 91808/125664 rows
Parsed 91840/125664 rows
Parsed 91872/125664 rows
Parsed 91904/125664 rows
Parsed 91936/125664 rows
Parsed 91968/125664 rows
Parsed 92000/125664 rows
Parsed 92032/125664 rows
Parsed 92064/125664 rows
Parsed 92096/125664 rows
Parsed 92128/125664 rows
Parsed 92160/125664 rows
Parsed 92192/125664 rows
Parsed 92224/125664 rows
Parsed 92256/125664 rows
Parsed 92288/125664 rows
Parsed 92320/125664 rows
Parsed 92352/125664 rows
Parsed 92384/125664 rows
Parsed 92416/125664 rows
Parsed 92448/125664 rows
Parsed 92480/125664 rows
Parsed 92512/125664 rows
Parsed 92544/125664 rows
Parsed 92576/125664 rows
Parsed 92608/125664 rows
Parsed 92640/125664 rows
Parsed 92672/125664 rows
Parsed 92704/125664 rows
Parsed 92736/125664 rows
Parsed 92768/125664 rows
Parsed 92800/125664 rows
Parsed 92832/125664 rows
Parsed 92864/125664 rows
Parsed 92896/125664 rows
Parsed 92928/125664 rows
Parsed 92960/125664 rows
Parsed 92992/125664 rows
Parsed 93024/125664 rows
Parsed 93056/125664 rows
Parsed 93088/125664 rows
Parsed 93120/125664 rows
Parsed 93152/125664 rows
Parsed 93184/125664 rows
Parsed 93216/125664 rows
Parsed 93248/125664 rows
Parsed 93280/125664 rows
Parsed 93312/125664 rows
Parsed 93344/125664 rows
Parsed 93376/125664 rows
Parsed 93408/125664 rows
Parsed 93440/125664 rows
Parsed 93472/125664 rows
Parsed 93504/125664 rows
Parsed 93536/125664 rows
Parsed 93568/125664 rows
Parsed 93600/125664 rows
Parsed 93632/125664 rows
Parsed 93664/125664 rows
Parsed 93696/125664 rows
Parsed 93728/125664 rows
Parsed 93760/125664 rows
Parsed 93792/125664 rows
Parsed 93824/125664 rows
Parsed 93856/125664 rows
Parsed 93888/125664 rows
Parsed 93920/125664 rows
Parsed 93952/125664 rows
Parsed 93984/125664 rows
Parsed 94016/125664 rows
Parsed 94048/125664 rows
Parsed 94080/125664 rows
Parsed 94112/125664 rows
Parsed 94144/125664 rows
Parsed 94176/125664 rows
Parsed 94208/125664 rows
Parsed 94240/125664 rows
Parsed 94272/125664 rows
Parsed 94304/125664 rows
Parsed 94336/125664 rows
Parsed 94368/125664 rows
Parsed 94400/125664 rows
Parsed 94432/125664 rows
Parsed 94464/125664 rows
Parsed 94496/125664 rows
Parsed 94528/125664 rows
Parsed 94560/125664 rows
Parsed 94592/125664 rows
Parsed 94624/125664 rows
Parsed 94656/125664 rows
Parsed 94688/125664 rows
Parsed 94720/125664 rows
Parsed 94752/125664 rows
Parsed 94784/125664 rows
Parsed 94816/125664 rows
Parsed 94848/125664 rows
Parsed 94880/125664 rows
Parsed 94912/125664 rows
Parsed 94944/125664 rows
Parsed 94976/125664 rows
Parsed 95008/125664 rows
Parsed 95040/125664 rows
Parsed 95072/125664 rows
Parsed 95104/125664 rows
Parsed 95136/125664 rows
Parsed 95168/125664 rows
Parsed 95200/125664 rows
Parsed 95232/125664 rows
Parsed 95264/125664 rows
Parsed 95296/125664 rows
Parsed 95328/125664 rows
Parsed 95360/125664 rows
Parsed 95392/125664 rows
Parsed 95424/125664 rows
Parsed 95456/125664 rows
Parsed 95488/125664 rows
Parsed 95520/125664 rows
Parsed 95552/125664 rows
Parsed 95584/125664 rows
Parsed 95616/125664 rows
Parsed 95648/125664 rows
Parsed 95680/125664 rows
Parsed 95712/125664 rows
Parsed 95744/125664 rows
Parsed 95776/125664 rows
Parsed 95808/125664 rows
Parsed 95840/125664 rows
Parsed 95872/125664 rows
Parsed 95904/125664 rows
Parsed 95936/125664 rows
Parsed 95968/125664 rows
Parsed 96000/125664 rows
Parsed 96032/125664 rows
Parsed 96064/125664 rows
Parsed 96096/125664 rows
Parsed 96128/125664 rows
Parsed 96160/125664 rows
Parsed 96192/125664 rows
Parsed 96224/125664 rows
Parsed 96256/125664 rows
Parsed 96288/125664 rows
Parsed 96320/125664 rows
Parsed 96352/125664 rows
Parsed 96384/125664 rows
Parsed 96416/125664 rows
Parsed 96448/125664 rows
Parsed 96480/125664 rows
Parsed 96512/125664 rows
Parsed 96544/125664 rows
Parsed 96576/125664 rows
Parsed 96608/125664 rows
Parsed 96640/125664 rows
Parsed 96672/125664 rows
Parsed 96704/125664 rows
Parsed 96736/125664 rows
Parsed 96768/125664 rows
Parsed 96800/125664 rows
Parsed 96832/125664 rows
Parsed 96864/125664 rows
Parsed 96896/125664 rows
Parsed 96928/125664 rows
Parsed 96960/125664 rows
Parsed 96992/125664 rows
Parsed 97024/125664 rows
Parsed 97056/125664 rows
Parsed 97088/125664 rows
Parsed 97120/125664 rows
Parsed 97152/125664 rows
Parsed 97184/125664 rows
Parsed 97216/125664 rows
Parsed 97248/125664 rows
Parsed 97280/125664 rows
Parsed 97312/125664 rows
Parsed 97344/125664 rows
Parsed 97376/125664 rows
Parsed 97408/125664 rows
Parsed 97440/125664 rows
Parsed 97472/125664 rows
Parsed 97504/125664 rows
Parsed 97536/125664 rows
Parsed 97568/125664 rows
Parsed 97600/125664 rows
Parsed 97632/125664 rows
Parsed 97664/125664 rows
Parsed 97696/125664 rows
Parsed 97728/125664 rows
Parsed 97760/125664 rows
Parsed 97792/125664 rows
Parsed 97824/125664 rows
Parsed 97856/125664 rows
Parsed 97888/125664 rows
Parsed 97920/125664 rows
Parsed 97952/125664 rows
Parsed 97984/125664 rows
Parsed 98016/125664 rows
Parsed 98048/125664 rows
Parsed 98080/125664 rows
Parsed 98112/125664 rows
Parsed 98144/125664 rows
Parsed 98176/125664 rows
Parsed 98208/125664 rows
Parsed 98240/125664 rows
Parsed 98272/125664 rows
Parsed 98304/125664 rows
Parsed 98336/125664 rows
Parsed 98368/125664 rows
Parsed 98400/125664 rows
Parsed 98432/125664 rows
Parsed 98464/125664 rows
Parsed 98496/125664 rows
Parsed 98528/125664 rows
Parsed 98560/125664 rows
Parsed 98592/125664 rows
Parsed 98624/125664 rows
Parsed 98656/125664 rows
Parsed 98688/125664 rows
Parsed 98720/125664 rows
Parsed 98752/125664 rows
Parsed 98784/125664 rows
Parsed 98816/125664 rows
Parsed 98848/125664 rows
Parsed 98880/125664 rows
Parsed 98912/125664 rows
Parsed 98944/125664 rows
Parsed 98976/125664 rows
Parsed 99008/125664 rows
Parsed 99040/125664 rows
Parsed 99072/125664 rows
Parsed 99104/125664 rows
Parsed 99136/125664 rows
Parsed 99168/125664 rows
Parsed 99200/125664 rows
Parsed 99232/125664 rows
Parsed 99264/125664 rows
Parsed 99296/125664 rows
Parsed 99328/125664 rows
Parsed 99360/125664 rows
Parsed 99392/125664 rows
Parsed 99424/125664 rows
Parsed 99456/125664 rows
Parsed 99488/125664 rows
Parsed 99520/125664 rows
Parsed 99552/125664 rows
Parsed 99584/125664 rows
Parsed 99616/125664 rows
Parsed 99648/125664 rows
Parsed 99680/125664 rows
Parsed 99712/125664 rows
Parsed 99744/125664 rows
Parsed 99776/125664 rows
Parsed 99808/125664 rows
Parsed 99840/125664 rows
Parsed 99872/125664 rows
Parsed 99904/125664 rows
Parsed 99936/125664 rows
Parsed 99968/125664 rows
Parsed 100000/125664 rows
Parsed 100032/125664 rows
Parsed 100064/125664 rows
Parsed 100096/125664 rows
Parsed 100128/125664 rows
Parsed 100160/125664 rows
Parsed 100192/125664 rows
Parsed 100224/125664 rows
Parsed 100256/125664 rows
Parsed 100288/125664 rows
Parsed 100320/125664 rows
Parsed 100352/125664 rows
Parsed 100384/125664 rows
Parsed 100416/125664 rows
Parsed 100448/125664 rows
Parsed 100480/125664 rows
Parsed 100512/125664 rows
Parsed 100544/125664 rows
Parsed 100576/125664 rows
Parsed 100608/125664 rows
Parsed 100640/125664 rows
Parsed 100672/125664 rows
Parsed 100704/125664 rows
Parsed 100736/125664 rows
Parsed 100768/125664 rows
Parsed 100800/125664 rows
Parsed 100832/125664 rows
Parsed 100864/125664 rows
Parsed 100896/125664 rows
Parsed 100928/125664 rows
Parsed 100960/125664 rows
Parsed 100992/125664 rows
Parsed 101024/125664 rows
Parsed 101056/125664 rows
Parsed 101088/125664 rows
Parsed 101120/125664 rows
Parsed 101152/125664 rows
Parsed 101184/125664 rows
Parsed 101216/125664 rows
Parsed 101248/125664 rows
Parsed 101280/125664 rows
Parsed 101312/125664 rows
Parsed 101344/125664 rows
Parsed 101376/125664 rows
Parsed 101408/125664 rows
Parsed 101440/125664 rows
Parsed 101472/125664 rows
Parsed 101504/125664 rows
Parsed 101536/125664 rows
Parsed 101568/125664 rows
Parsed 101600/125664 rows
Parsed 101632/125664 rows
Parsed 101664/125664 rows
Parsed 101696/125664 rows
Parsed 101728/125664 rows
Parsed 101760/125664 rows
Parsed 101792/125664 rows
Parsed 101824/125664 rows
Parsed 101856/125664 rows
Parsed 101888/125664 rows
Parsed 101920/125664 rows
Parsed 101952/125664 rows
Parsed 101984/125664 rows
Parsed 102016/125664 rows
Parsed 102048/125664 rows
Parsed 102080/125664 rows
Parsed 102112/125664 rows
Parsed 102144/125664 rows
Parsed 102176/125664 rows
Parsed 102208/125664 rows
Parsed 102240/125664 rows
Parsed 102272/125664 rows
Parsed 102304/125664 rows
Parsed 102336/125664 rows
Parsed 102368/125664 rows
Parsed 102400/125664 rows
Parsed 102432/125664 rows
Parsed 102464/125664 rows
Parsed 102496/125664 rows
Parsed 102528/125664 rows
Parsed 102560/125664 rows
Parsed 102592/125664 rows
Parsed 102624/125664 rows
Parsed 102656/125664 rows
Parsed 102688/125664 rows
Parsed 102720/125664 rows
Parsed 102752/125664 rows
Parsed 102784/125664 rows
Parsed 102816/125664 rows
Parsed 102848/125664 rows
Parsed 102880/125664 rows
Parsed 102912/125664 rows
Parsed 102944/125664 rows
Parsed 102976/125664 rows
Parsed 103008/125664 rows
Parsed 103040/125664 rows
Parsed 103072/125664 rows
Parsed 103104/125664 rows
Parsed 103136/125664 rows
Parsed 103168/125664 rows
Parsed 103200/125664 rows
Parsed 103232/125664 rows
Parsed 103264/125664 rows
Parsed 103296/125664 rows
Parsed 103328/125664 rows
Parsed 103360/125664 rows
Parsed 103392/125664 rows
Parsed 103424/125664 rows
Parsed 103456/125664 rows
Parsed 103488/125664 rows
Parsed 103520/125664 rows
Parsed 103552/125664 rows
Parsed 103584/125664 rows
Parsed 103616/125664 rows
Parsed 103648/125664 rows
Parsed 103680/125664 rows
Parsed 103712/125664 rows
Parsed 103744/125664 rows
Parsed 103776/125664 rows
Parsed 103808/125664 rows
Parsed 103840/125664 rows
Parsed 103872/125664 rows
Parsed 103904/125664 rows
Parsed 103936/125664 rows
Parsed 103968/125664 rows
Parsed 104000/125664 rows
Parsed 104032/125664 rows
Parsed 104064/125664 rows
Parsed 104096/125664 rows
Parsed 104128/125664 rows
Parsed 104160/125664 rows
Parsed 104192/125664 rows
Parsed 104224/125664 rows
Parsed 104256/125664 rows
Parsed 104288/125664 rows
Parsed 104320/125664 rows
Parsed 104352/125664 rows
Parsed 104384/125664 rows
Parsed 104416/125664 rows
Parsed 104448/125664 rows
Parsed 104480/125664 rows
Parsed 104512/125664 rows
Parsed 104544/125664 rows
Parsed 104576/125664 rows
Parsed 104608/125664 rows
Parsed 104640/125664 rows
Parsed 104672/125664 rows
Parsed 104704/125664 rows
Parsed 104736/125664 rows
Parsed 104768/125664 rows
Parsed 104800/125664 rows
Parsed 104832/125664 rows
Parsed 104864/125664 rows
Parsed 104896/125664 rows
Parsed 104928/125664 rows
Parsed 104960/125664 rows
Parsed 104992/125664 rows
Parsed 105024/125664 rows
Parsed 105056/125664 rows
Parsed 105088/125664 rows
Parsed 105120/125664 rows
Parsed 105152/125664 rows
Parsed 105184/125664 rows
Parsed 105216/125664 rows
Parsed 105248/125664 rows
Parsed 105280/125664 rows
Parsed 105312/125664 rows
Parsed 105344/125664 rows
Parsed 105376/125664 rows
Parsed 105408/125664 rows
Parsed 105440/125664 rows
Parsed 105472/125664 rows
Parsed 105504/125664 rows
Parsed 105536/125664 rows
Parsed 105568/125664 rows
Parsed 105600/125664 rows
Parsed 105632/125664 rows
Parsed 105664/125664 rows
Parsed 105696/125664 rows
Parsed 105728/125664 rows
Parsed 105760/125664 rows
Parsed 105792/125664 rows
Parsed 105824/125664 rows
Parsed 105856/125664 rows
Parsed 105888/125664 rows
Parsed 105920/125664 rows
Parsed 105952/125664 rows
Parsed 105984/125664 rows
Parsed 106016/125664 rows
Parsed 106048/125664 rows
Parsed 106080/125664 rows
Parsed 106112/125664 rows
Parsed 106144/125664 rows
Parsed 106176/125664 rows
Parsed 106208/125664 rows
Parsed 106240/125664 rows
Parsed 106272/125664 rows
Parsed 106304/125664 rows
Parsed 106336/125664 rows
Parsed 106368/125664 rows
Parsed 106400/125664 rows
Parsed 106432/125664 rows
Parsed 106464/125664 rows
Parsed 106496/125664 rows
Parsed 106528/125664 rows
Parsed 106560/125664 rows
Parsed 106592/125664 rows
Parsed 106624/125664 rows
Parsed 106656/125664 rows
Parsed 106688/125664 rows
Parsed 106720/125664 rows
Parsed 106752/125664 rows
Parsed 106784/125664 rows
Parsed 106816/125664 rows
Parsed 106848/125664 rows
Parsed 106880/125664 rows
Parsed 106912/125664 rows
Parsed 106944/125664 rows
Parsed 106976/125664 rows
Parsed 107008/125664 rows
Parsed 107040/125664 rows
Parsed 107072/125664 rows
Parsed 107104/125664 rows
Parsed 107136/125664 rows
Parsed 107168/125664 rows
Parsed 107200/125664 rows
Parsed 107232/125664 rows
Parsed 107264/125664 rows
Parsed 107296/125664 rows
Parsed 107328/125664 rows
Parsed 107360/125664 rows
Parsed 107392/125664 rows
Parsed 107424/125664 rows
Parsed 107456/125664 rows
Parsed 107488/125664 rows
Parsed 107520/125664 rows
Parsed 107552/125664 rows
Parsed 107584/125664 rows
Parsed 107616/125664 rows
Parsed 107648/125664 rows
Parsed 107680/125664 rows
Parsed 107712/125664 rows
Parsed 107744/125664 rows
Parsed 107776/125664 rows
Parsed 107808/125664 rows
Parsed 107840/125664 rows
Parsed 107872/125664 rows
Parsed 107904/125664 rows
Parsed 107936/125664 rows
Parsed 107968/125664 rows
Parsed 108000/125664 rows
Parsed 108032/125664 rows
Parsed 108064/125664 rows
Parsed 108096/125664 rows
Parsed 108128/125664 rows
Parsed 108160/125664 rows
Parsed 108192/125664 rows
Parsed 108224/125664 rows
Parsed 108256/125664 rows
Parsed 108288/125664 rows
Parsed 108320/125664 rows
Parsed 108352/125664 rows
Parsed 108384/125664 rows
Parsed 108416/125664 rows
Parsed 108448/125664 rows
Parsed 108480/125664 rows
Parsed 108512/125664 rows
Parsed 108544/125664 rows
Parsed 108576/125664 rows
Parsed 108608/125664 rows
Parsed 108640/125664 rows
Parsed 108672/125664 rows
Parsed 108704/125664 rows
Parsed 108736/125664 rows
Parsed 108768/125664 rows
Parsed 108800/125664 rows
Parsed 108832/125664 rows
Parsed 108864/125664 rows
Parsed 108896/125664 rows
Parsed 108928/125664 rows
Parsed 108960/125664 rows
Parsed 108992/125664 rows
Parsed 109024/125664 rows
Parsed 109056/125664 rows
Parsed 109088/125664 rows
Parsed 109120/125664 rows
Parsed 109152/125664 rows
Parsed 109184/125664 rows
Parsed 109216/125664 rows
Parsed 109248/125664 rows
Parsed 109280/125664 rows
Parsed 109312/125664 rows
Parsed 109344/125664 rows
Parsed 109376/125664 rows
Parsed 109408/125664 rows
Parsed 109440/125664 rows
Parsed 109472/125664 rows
Parsed 109504/125664 rows
Parsed 109536/125664 rows
Parsed 109568/125664 rows
Parsed 109600/125664 rows
Parsed 109632/125664 rows
Parsed 109664/125664 rows
Parsed 109696/125664 rows
Parsed 109728/125664 rows
Parsed 109760/125664 rows
Parsed 109792/125664 rows
Parsed 109824/125664 rows
Parsed 109856/125664 rows
Parsed 109888/125664 rows
Parsed 109920/125664 rows
Parsed 109952/125664 rows
Parsed 109984/125664 rows
Parsed 110016/125664 rows
Parsed 110048/125664 rows
Parsed 110080/125664 rows
Parsed 110112/125664 rows
Parsed 110144/125664 rows
Parsed 110176/125664 rows
Parsed 110208/125664 rows
Parsed 110240/125664 rows
Parsed 110272/125664 rows
Parsed 110304/125664 rows
Parsed 110336/125664 rows
Parsed 110368/125664 rows
Parsed 110400/125664 rows
Parsed 110432/125664 rows
Parsed 110464/125664 rows
Parsed 110496/125664 rows
Parsed 110528/125664 rows
Parsed 110560/125664 rows
Parsed 110592/125664 rows
Parsed 110624/125664 rows
Parsed 110656/125664 rows
Parsed 110688/125664 rows
Parsed 110720/125664 rows
Parsed 110752/125664 rows
Parsed 110784/125664 rows
Parsed 110816/125664 rows
Parsed 110848/125664 rows
Parsed 110880/125664 rows
Parsed 110912/125664 rows
Parsed 110944/125664 rows
Parsed 110976/125664 rows
Parsed 111008/125664 rows
Parsed 111040/125664 rows
Parsed 111072/125664 rows
Parsed 111104/125664 rows
Parsed 111136/125664 rows
Parsed 111168/125664 rows
Parsed 111200/125664 rows
Parsed 111232/125664 rows
Parsed 111264/125664 rows
Parsed 111296/125664 rows
Parsed 111328/125664 rows
Parsed 111360/125664 rows
Parsed 111392/125664 rows
Parsed 111424/125664 rows
Parsed 111456/125664 rows
Parsed 111488/125664 rows
Parsed 111520/125664 rows
Parsed 111552/125664 rows
Parsed 111584/125664 rows
Parsed 111616/125664 rows
Parsed 111648/125664 rows
Parsed 111680/125664 rows
Parsed 111712/125664 rows
Parsed 111744/125664 rows
Parsed 111776/125664 rows
Parsed 111808/125664 rows
Parsed 111840/125664 rows
Parsed 111872/125664 rows
Parsed 111904/125664 rows
Parsed 111936/125664 rows
Parsed 111968/125664 rows
Parsed 112000/125664 rows
Parsed 112032/125664 rows
Parsed 112064/125664 rows
Parsed 112096/125664 rows
Parsed 112128/125664 rows
Parsed 112160/125664 rows
Parsed 112192/125664 rows
Parsed 112224/125664 rows
Parsed 112256/125664 rows
Parsed 112288/125664 rows
Parsed 112320/125664 rows
Parsed 112352/125664 rows
Parsed 112384/125664 rows
Parsed 112416/125664 rows
Parsed 112448/125664 rows
Parsed 112480/125664 rows
Parsed 112512/125664 rows
Parsed 112544/125664 rows
Parsed 112576/125664 rows
Parsed 112608/125664 rows
Parsed 112640/125664 rows
Parsed 112672/125664 rows
Parsed 112704/125664 rows
Parsed 112736/125664 rows
Parsed 112768/125664 rows
Parsed 112800/125664 rows
Parsed 112832/125664 rows
Parsed 112864/125664 rows
Parsed 112896/125664 rows
Parsed 112928/125664 rows
Parsed 112960/125664 rows
Parsed 112992/125664 rows
Parsed 113024/125664 rows
Parsed 113056/125664 rows
Parsed 113088/125664 rows
Parsed 113120/125664 rows
Parsed 113152/125664 rows
Parsed 113184/125664 rows
Parsed 113216/125664 rows
Parsed 113248/125664 rows
Parsed 113280/125664 rows
Parsed 113312/125664 rows
Parsed 113344/125664 rows
Parsed 113376/125664 rows
Parsed 113408/125664 rows
Parsed 113440/125664 rows
Parsed 113472/125664 rows
Parsed 113504/125664 rows
Parsed 113536/125664 rows
Parsed 113568/125664 rows
Parsed 113600/125664 rows
Parsed 113632/125664 rows
Parsed 113664/125664 rows
Parsed 113696/125664 rows
Parsed 113728/125664 rows
Parsed 113760/125664 rows
Parsed 113792/125664 rows
Parsed 113824/125664 rows
Parsed 113856/125664 rows
Parsed 113888/125664 rows
Parsed 113920/125664 rows
Parsed 113952/125664 rows
Parsed 113984/125664 rows
Parsed 114016/125664 rows
Parsed 114048/125664 rows
Parsed 114080/125664 rows
Parsed 114112/125664 rows
Parsed 114144/125664 rows
Parsed 114176/125664 rows
Parsed 114208/125664 rows
Parsed 114240/125664 rows
Parsed 114272/125664 rows
Parsed 114304/125664 rows
Parsed 114336/125664 rows
Parsed 114368/125664 rows
Parsed 114400/125664 rows
Parsed 114432/125664 rows
Parsed 114464/125664 rows
Parsed 114496/125664 rows
Parsed 114528/125664 rows
Parsed 114560/125664 rows
Parsed 114592/125664 rows
Parsed 114624/125664 rows
Parsed 114656/125664 rows
Parsed 114688/125664 rows
Parsed 114720/125664 rows
Parsed 114752/125664 rows
Parsed 114784/125664 rows
Parsed 114816/125664 rows
Parsed 114848/125664 rows
Parsed 114880/125664 rows
Parsed 114912/125664 rows
Parsed 114944/125664 rows
Parsed 114976/125664 rows
Parsed 115008/125664 rows
Parsed 115040/125664 rows
Parsed 115072/125664 rows
Parsed 115104/125664 rows
Parsed 115136/125664 rows
Parsed 115168/125664 rows
Parsed 115200/125664 rows
Parsed 115232/125664 rows
Parsed 115264/125664 rows
Parsed 115296/125664 rows
Parsed 115328/125664 rows
Parsed 115360/125664 rows
Parsed 115392/125664 rows
Parsed 115424/125664 rows
Parsed 115456/125664 rows
Parsed 115488/125664 rows
Parsed 115520/125664 rows
Parsed 115552/125664 rows
Parsed 115584/125664 rows
Parsed 115616/125664 rows
Parsed 115648/125664 rows
Parsed 115680/125664 rows
Parsed 115712/125664 rows
Parsed 115744/125664 rows
Parsed 115776/125664 rows
Parsed 115808/125664 rows
Parsed 115840/125664 rows
Parsed 115872/125664 rows
Parsed 115904/125664 rows
Parsed 115936/125664 rows
Parsed 115968/125664 rows
Parsed 116000/125664 rows
Parsed 116032/125664 rows
Parsed 116064/125664 rows
Parsed 116096/125664 rows
Parsed 116128/125664 rows
Parsed 116160/125664 rows
Parsed 116192/125664 rows
Parsed 116224/125664 rows
Parsed 116256/125664 rows
Parsed 116288/125664 rows
Parsed 116320/125664 rows
Parsed 116352/125664 rows
Parsed 116384/125664 rows
Parsed 116416/125664 rows
Parsed 116448/125664 rows
Parsed 116480/125664 rows
Parsed 116512/125664 rows
Parsed 116544/125664 rows
Parsed 116576/125664 rows
Parsed 116608/125664 rows
Parsed 116640/125664 rows
Parsed 116672/125664 rows
Parsed 116704/125664 rows
Parsed 116736/125664 rows
Parsed 116768/125664 rows
Parsed 116800/125664 rows
Parsed 116832/125664 rows
Parsed 116864/125664 rows
Parsed 116896/125664 rows
Parsed 116928/125664 rows
Parsed 116960/125664 rows
Parsed 116992/125664 rows
Parsed 117024/125664 rows
Parsed 117056/125664 rows
Parsed 117088/125664 rows
Parsed 117120/125664 rows
Parsed 117152/125664 rows
Parsed 117184/125664 rows
Parsed 117216/125664 rows
Parsed 117248/125664 rows
Parsed 117280/125664 rows
Parsed 117312/125664 rows
Parsed 117344/125664 rows
Parsed 117376/125664 rows
Parsed 117408/125664 rows
Parsed 117440/125664 rows
Parsed 117472/125664 rows
Parsed 117504/125664 rows
Parsed 117536/125664 rows
Parsed 117568/125664 rows
Parsed 117600/125664 rows
Parsed 117632/125664 rows
Parsed 117664/125664 rows
Parsed 117696/125664 rows
Parsed 117728/125664 rows
Parsed 117760/125664 rows
Parsed 117792/125664 rows
Parsed 117824/125664 rows
Parsed 117856/125664 rows
Parsed 117888/125664 rows
Parsed 117920/125664 rows
Parsed 117952/125664 rows
Parsed 117984/125664 rows
Parsed 118016/125664 rows
Parsed 118048/125664 rows
Parsed 118080/125664 rows
Parsed 118112/125664 rows
Parsed 118144/125664 rows
Parsed 118176/125664 rows
Parsed 118208/125664 rows
Parsed 118240/125664 rows
Parsed 118272/125664 rows
Parsed 118304/125664 rows
Parsed 118336/125664 rows
Parsed 118368/125664 rows
Parsed 118400/125664 rows
Parsed 118432/125664 rows
Parsed 118464/125664 rows
Parsed 118496/125664 rows
Parsed 118528/125664 rows
Parsed 118560/125664 rows
Parsed 118592/125664 rows
Parsed 118624/125664 rows
Parsed 118656/125664 rows
Parsed 118688/125664 rows
Parsed 118720/125664 rows
Parsed 118752/125664 rows
Parsed 118784/125664 rows
Parsed 118816/125664 rows
Parsed 118848/125664 rows
Parsed 118880/125664 rows
Parsed 118912/125664 rows
Parsed 118944/125664 rows
Parsed 118976/125664 rows
Parsed 119008/125664 rows
Parsed 119040/125664 rows
Parsed 119072/125664 rows
Parsed 119104/125664 rows
Parsed 119136/125664 rows
Parsed 119168/125664 rows
Parsed 119200/125664 rows
Parsed 119232/125664 rows
Parsed 119264/125664 rows
Parsed 119296/125664 rows
Parsed 119328/125664 rows
Parsed 119360/125664 rows
Parsed 119392/125664 rows
Parsed 119424/125664 rows
Parsed 119456/125664 rows
Parsed 119488/125664 rows
Parsed 119520/125664 rows
Parsed 119552/125664 rows
Parsed 119584/125664 rows
Parsed 119616/125664 rows
Parsed 119648/125664 rows
Parsed 119680/125664 rows
Parsed 119712/125664 rows
Parsed 119744/125664 rows
Parsed 119776/125664 rows
Parsed 119808/125664 rows
Parsed 119840/125664 rows
Parsed 119872/125664 rows
Parsed 119904/125664 rows
Parsed 119936/125664 rows
Parsed 119968/125664 rows
Parsed 120000/125664 rows
Parsed 120032/125664 rows
Parsed 120064/125664 rows
Parsed 120096/125664 rows
Parsed 120128/125664 rows
Parsed 120160/125664 rows
Parsed 120192/125664 rows
Parsed 120224/125664 rows
Parsed 120256/125664 rows
Parsed 120288/125664 rows
Parsed 120320/125664 rows
Parsed 120352/125664 rows
Parsed 120384/125664 rows
Parsed 120416/125664 rows
Parsed 120448/125664 rows
Parsed 120480/125664 rows
Parsed 120512/125664 rows
Parsed 120544/125664 rows
Parsed 120576/125664 rows
Parsed 120608/125664 rows
Parsed 120640/125664 rows
Parsed 120672/125664 rows
Parsed 120704/125664 rows
Parsed 120736/125664 rows
Parsed 120768/125664 rows
Parsed 120800/125664 rows
Parsed 120832/125664 rows
Parsed 120864/125664 rows
Parsed 120896/125664 rows
Parsed 120928/125664 rows
Parsed 120960/125664 rows
Parsed 120992/125664 rows
Parsed 121024/125664 rows
Parsed 121056/125664 rows
Parsed 121088/125664 rows
Parsed 121120/125664 rows
Parsed 121152/125664 rows
Parsed 121184/125664 rows
Parsed 121216/125664 rows
Parsed 121248/125664 rows
Parsed 121280/125664 rows
Parsed 121312/125664 rows
Parsed 121344/125664 rows
Parsed 121376/125664 rows
Parsed 121408/125664 rows
Parsed 121440/125664 rows
Parsed 121472/125664 rows
Parsed 121504/125664 rows
Parsed 121536/125664 rows
Parsed 121568/125664 rows
Parsed 121600/125664 rows
Parsed 121632/125664 rows
Parsed 121664/125664 rows
Parsed 121696/125664 rows
Parsed 121728/125664 rows
Parsed 121760/125664 rows
Parsed 121792/125664 rows
Parsed 121824/125664 rows
Parsed 121856/125664 rows
Parsed 121888/125664 rows
Parsed 121920/125664 rows
Parsed 121952/125664 rows
Parsed 121984/125664 rows
Parsed 122016/125664 rows
Parsed 122048/125664 rows
Parsed 122080/125664 rows
Parsed 122112/125664 rows
Parsed 122144/125664 rows
Parsed 122176/125664 rows
Parsed 122208/125664 rows
Parsed 122240/125664 rows
Parsed 122272/125664 rows
Parsed 122304/125664 rows
Parsed 122336/125664 rows
Parsed 122368/125664 rows
Parsed 122400/125664 rows
Parsed 122432/125664 rows
Parsed 122464/125664 rows
Parsed 122496/125664 rows
Parsed 122528/125664 rows
Parsed 122560/125664 rows
Parsed 122592/125664 rows
Parsed 122624/125664 rows
Parsed 122656/125664 rows
Parsed 122688/125664 rows
Parsed 122720/125664 rows
Parsed 122752/125664 rows
Parsed 122784/125664 rows
Parsed 122816/125664 rows
Parsed 122848/125664 rows
Parsed 122880/125664 rows
Parsed 122912/125664 rows
Parsed 122944/125664 rows
Parsed 122976/125664 rows
Parsed 123008/125664 rows
Parsed 123040/125664 rows
Parsed 123072/125664 rows
Parsed 123104/125664 rows
Parsed 123136/125664 rows
Parsed 123168/125664 rows
Parsed 123200/125664 rows
Parsed 123232/125664 rows
Parsed 123264/125664 rows
Parsed 123296/125664 rows
Parsed 123328/125664 rows
Parsed 123360/125664 rows
Parsed 123392/125664 rows
Parsed 123424/125664 rows
Parsed 123456/125664 rows
Parsed 123488/125664 rows
Parsed 123520/125664 rows
Parsed 123552/125664 rows
Parsed 123584/125664 rows
Parsed 123616/125664 rows
Parsed 123648/125664 rows
Parsed 123680/125664 rows
Parsed 123712/125664 rows
Parsed 123744/125664 rows
Parsed 123776/125664 rows
Parsed 123808/125664 rows
Parsed 123840/125664 rows
Parsed 123872/125664 rows
Parsed 123904/125664 rows
Parsed 123936/125664 rows
Parsed 123968/125664 rows
Parsed 124000/125664 rows
Parsed 124032/125664 rows
Parsed 124064/125664 rows
Parsed 124096/125664 rows
Parsed 124128/125664 rows
Parsed 124160/125664 rows
Parsed 124192/125664 rows
Parsed 124224/125664 rows
Parsed 124256/125664 rows
Parsed 124288/125664 rows
Parsed 124320/125664 rows
Parsed 124352/125664 rows
Parsed 124384/125664 rows
Parsed 124416/125664 rows
Parsed 124448/125664 rows
Parsed 124480/125664 rows
Parsed 124512/125664 rows
Parsed 124544/125664 rows
Parsed 124576/125664 rows
Parsed 124608/125664 rows
Parsed 124640/125664 rows
Parsed 124672/125664 rows
Parsed 124704/125664 rows
Parsed 124736/125664 rows
Parsed 124768/125664 rows
Parsed 124800/125664 rows
Parsed 124832/125664 rows
Parsed 124864/125664 rows
Parsed 124896/125664 rows
Parsed 124928/125664 rows
Parsed 124960/125664 rows
Parsed 124992/125664 rows
Parsed 125024/125664 rows
Parsed 125056/125664 rows
Parsed 125088/125664 rows
Parsed 125120/125664 rows
Parsed 125152/125664 rows
Parsed 125184/125664 rows
Parsed 125216/125664 rows
Parsed 125248/125664 rows
Parsed 125280/125664 rows
Parsed 125312/125664 rows
Parsed 125344/125664 rows
Parsed 125376/125664 rows
Parsed 125408/125664 rows
Parsed 125440/125664 rows
Parsed 125472/125664 rows
Parsed 125504/125664 rows
Parsed 125536/125664 rows
Parsed 125568/125664 rows
Parsed 125600/125664 rows
Parsed 125632/125664 rows
Parsed 125664/125664 rows
Saved parsed results to: /projects/simlai1/Viberank/data/VibeRank/raw/hmls/TAYVISPDAT/rc_responses/AIES_tayvispdat_DS8_NewFixedLoggerRun1SeedFixed_parsed.csv

IN : /projects/simlai1/Viberank/data/VibeRank/raw/hmls/TAYVISPDAT/rc_responses/AIES_tayvispdat_llama7_NewFixedLoggerRun1SeedFixed.jsonl
OUT: /projects/simlai1/Viberank/data/VibeRank/raw/hmls/TAYVISPDAT/rc_responses/AIES_tayvispdat_llama7_NewFixedLoggerRun1SeedFixed_parsed.csv

Parsing
/projects/simlai1/Viberank/data/VibeRank/raw/hmls/TAYVISPDAT/rc_responses/AIES_tayvispdat_llama7_NewFixedLoggerRun1SeedFixed.jsonl
Loaded 125664 response rows
Parsed 32/125664 rows
Parsed 64/125664 rows
Parsed 96/125664 rows
Parsed 128/125664 rows
Parsed 160/125664 rows
Parsed 192/125664 rows
Parsed 224/125664 rows
Parsed 256/125664 rows
Parsed 288/125664 rows
Parsed 320/125664 rows
Parsed 352/125664 rows
Parsed 384/125664 rows
Parsed 416/125664 rows
Parsed 448/125664 rows
Parsed 480/125664 rows
Parsed 512/125664 rows
Parsed 544/125664 rows
Parsed 576/125664 rows
Parsed 608/125664 rows
Parsed 640/125664 rows
Parsed 672/125664 rows
Parsed 704/125664 rows
Parsed 736/125664 rows
Parsed 768/125664 rows
Parsed 800/125664 rows
Parsed 832/125664 rows
Parsed 864/125664 rows
Parsed 896/125664 rows
Parsed 928/125664 rows
Parsed 960/125664 rows
Parsed 992/125664 rows
Parsed 1024/125664 rows
Parsed 1056/125664 rows
Parsed 1088/125664 rows
Parsed 1120/125664 rows
Parsed 1152/125664 rows
Parsed 1184/125664 rows
Parsed 1216/125664 rows
Parsed 1248/125664 rows
Parsed 1280/125664 rows
Parsed 1312/125664 rows
Parsed 1344/125664 rows
Parsed 1376/125664 rows
Parsed 1408/125664 rows
Parsed 1440/125664 rows
Parsed 1472/125664 rows
Parsed 1504/125664 rows
Parsed 1536/125664 rows
Parsed 1568/125664 rows
Parsed 1600/125664 rows
Parsed 1632/125664 rows
Parsed 1664/125664 rows
Parsed 1696/125664 rows
Parsed 1728/125664 rows
Parsed 1760/125664 rows
Parsed 1792/125664 rows
Parsed 1824/125664 rows
Parsed 1856/125664 rows
Parsed 1888/125664 rows
Parsed 1920/125664 rows
Parsed 1952/125664 rows
Parsed 1984/125664 rows
Parsed 2016/125664 rows
Parsed 2048/125664 rows
Parsed 2080/125664 rows
Parsed 2112/125664 rows
Parsed 2144/125664 rows
Parsed 2176/125664 rows
Parsed 2208/125664 rows
Parsed 2240/125664 rows
Parsed 2272/125664 rows
Parsed 2304/125664 rows
Parsed 2336/125664 rows
Parsed 2368/125664 rows
Parsed 2400/125664 rows
Parsed 2432/125664 rows
Parsed 2464/125664 rows
Parsed 2496/125664 rows
Parsed 2528/125664 rows
Parsed 2560/125664 rows
Parsed 2592/125664 rows
Parsed 2624/125664 rows
Parsed 2656/125664 rows
Parsed 2688/125664 rows
Parsed 2720/125664 rows
Parsed 2752/125664 rows
Parsed 2784/125664 rows
Parsed 2816/125664 rows
Parsed 2848/125664 rows
Parsed 2880/125664 rows
Parsed 2912/125664 rows
Parsed 2944/125664 rows
Parsed 2976/125664 rows
Parsed 3008/125664 rows
Parsed 3040/125664 rows
Parsed 3072/125664 rows
Parsed 3104/125664 rows
Parsed 3136/125664 rows
Parsed 3168/125664 rows
Parsed 3200/125664 rows
Parsed 3232/125664 rows
Parsed 3264/125664 rows
Parsed 3296/125664 rows
Parsed 3328/125664 rows
Parsed 3360/125664 rows
Parsed 3392/125664 rows
Parsed 3424/125664 rows
Parsed 3456/125664 rows
Parsed 3488/125664 rows
Parsed 3520/125664 rows
Parsed 3552/125664 rows
Parsed 3584/125664 rows
Parsed 3616/125664 rows
Parsed 3648/125664 rows
Parsed 3680/125664 rows
Parsed 3712/125664 rows
Parsed 3744/125664 rows
Parsed 3776/125664 rows
Parsed 3808/125664 rows
Parsed 3840/125664 rows
Parsed 3872/125664 rows
Parsed 3904/125664 rows
Parsed 3936/125664 rows
Parsed 3968/125664 rows
Parsed 4000/125664 rows
Parsed 4032/125664 rows
Parsed 4064/125664 rows
Parsed 4096/125664 rows
Parsed 4128/125664 rows
Parsed 4160/125664 rows
Parsed 4192/125664 rows
Parsed 4224/125664 rows
Parsed 4256/125664 rows
Parsed 4288/125664 rows
Parsed 4320/125664 rows
Parsed 4352/125664 rows
Parsed 4384/125664 rows
Parsed 4416/125664 rows
Parsed 4448/125664 rows
Parsed 4480/125664 rows
Parsed 4512/125664 rows
Parsed 4544/125664 rows
Parsed 4576/125664 rows
Parsed 4608/125664 rows
Parsed 4640/125664 rows
Parsed 4672/125664 rows
Parsed 4704/125664 rows
Parsed 4736/125664 rows
Parsed 4768/125664 rows
Parsed 4800/125664 rows
Parsed 4832/125664 rows
Parsed 4864/125664 rows
Parsed 4896/125664 rows
Parsed 4928/125664 rows
Parsed 4960/125664 rows
Parsed 4992/125664 rows
Parsed 5024/125664 rows
Parsed 5056/125664 rows
Parsed 5088/125664 rows
Parsed 5120/125664 rows
Parsed 5152/125664 rows
Parsed 5184/125664 rows
Parsed 5216/125664 rows
Parsed 5248/125664 rows
Parsed 5280/125664 rows
Parsed 5312/125664 rows
Parsed 5344/125664 rows
Parsed 5376/125664 rows
Parsed 5408/125664 rows
Parsed 5440/125664 rows
Parsed 5472/125664 rows
Parsed 5504/125664 rows
Parsed 5536/125664 rows
Parsed 5568/125664 rows
Parsed 5600/125664 rows
Parsed 5632/125664 rows
Parsed 5664/125664 rows
Parsed 5696/125664 rows
Parsed 5728/125664 rows
Parsed 5760/125664 rows
Parsed 5792/125664 rows
Parsed 5824/125664 rows
Parsed 5856/125664 rows
Parsed 5888/125664 rows
Parsed 5920/125664 rows
Parsed 5952/125664 rows
Parsed 5984/125664 rows
Parsed 6016/125664 rows
Parsed 6048/125664 rows
Parsed 6080/125664 rows
Parsed 6112/125664 rows
Parsed 6144/125664 rows
Parsed 6176/125664 rows
Parsed 6208/125664 rows
Parsed 6240/125664 rows
Parsed 6272/125664 rows
Parsed 6304/125664 rows
Parsed 6336/125664 rows
Parsed 6368/125664 rows
Parsed 6400/125664 rows
Parsed 6432/125664 rows
Parsed 6464/125664 rows
Parsed 6496/125664 rows
Parsed 6528/125664 rows
Parsed 6560/125664 rows
Parsed 6592/125664 rows
Parsed 6624/125664 rows
Parsed 6656/125664 rows
Parsed 6688/125664 rows
Parsed 6720/125664 rows
Parsed 6752/125664 rows
Parsed 6784/125664 rows
Parsed 6816/125664 rows
Parsed 6848/125664 rows
Parsed 6880/125664 rows
Parsed 6912/125664 rows
Parsed 6944/125664 rows
Parsed 6976/125664 rows
Parsed 7008/125664 rows
Parsed 7040/125664 rows
Parsed 7072/125664 rows
Parsed 7104/125664 rows
Parsed 7136/125664 rows
Parsed 7168/125664 rows
Parsed 7200/125664 rows
Parsed 7232/125664 rows
Parsed 7264/125664 rows
Parsed 7296/125664 rows
Parsed 7328/125664 rows
Parsed 7360/125664 rows
Parsed 7392/125664 rows
Parsed 7424/125664 rows
Parsed 7456/125664 rows
Parsed 7488/125664 rows
Parsed 7520/125664 rows
Parsed 7552/125664 rows
Parsed 7584/125664 rows
Parsed 7616/125664 rows
Parsed 7648/125664 rows
Parsed 7680/125664 rows
Parsed 7712/125664 rows
Parsed 7744/125664 rows
Parsed 7776/125664 rows
Parsed 7808/125664 rows
Parsed 7840/125664 rows
Parsed 7872/125664 rows
Parsed 7904/125664 rows
Parsed 7936/125664 rows
Parsed 7968/125664 rows
Parsed 8000/125664 rows
Parsed 8032/125664 rows
Parsed 8064/125664 rows
Parsed 8096/125664 rows
Parsed 8128/125664 rows
Parsed 8160/125664 rows
Parsed 8192/125664 rows
Parsed 8224/125664 rows
Parsed 8256/125664 rows
Parsed 8288/125664 rows
Parsed 8320/125664 rows
Parsed 8352/125664 rows
Parsed 8384/125664 rows
Parsed 8416/125664 rows
Parsed 8448/125664 rows
Parsed 8480/125664 rows
Parsed 8512/125664 rows
Parsed 8544/125664 rows
Parsed 8576/125664 rows
Parsed 8608/125664 rows
Parsed 8640/125664 rows
Parsed 8672/125664 rows
Parsed 8704/125664 rows
Parsed 8736/125664 rows
Parsed 8768/125664 rows
Parsed 8800/125664 rows
Parsed 8832/125664 rows
Parsed 8864/125664 rows
Parsed 8896/125664 rows
Parsed 8928/125664 rows
Parsed 8960/125664 rows
Parsed 8992/125664 rows
Parsed 9024/125664 rows
Parsed 9056/125664 rows
Parsed 9088/125664 rows
Parsed 9120/125664 rows
Parsed 9152/125664 rows
Parsed 9184/125664 rows
Parsed 9216/125664 rows
Parsed 9248/125664 rows
Parsed 9280/125664 rows
Parsed 9312/125664 rows
Parsed 9344/125664 rows
Parsed 9376/125664 rows
Parsed 9408/125664 rows
Parsed 9440/125664 rows
Parsed 9472/125664 rows
Parsed 9504/125664 rows
Parsed 9536/125664 rows
Parsed 9568/125664 rows
Parsed 9600/125664 rows
Parsed 9632/125664 rows
Parsed 9664/125664 rows
Parsed 9696/125664 rows
Parsed 9728/125664 rows
Parsed 9760/125664 rows
Parsed 9792/125664 rows
Parsed 9824/125664 rows
Parsed 9856/125664 rows
Parsed 9888/125664 rows
Parsed 9920/125664 rows
Parsed 9952/125664 rows
Parsed 9984/125664 rows
Parsed 10016/125664 rows
Parsed 10048/125664 rows
Parsed 10080/125664 rows
Parsed 10112/125664 rows
Parsed 10144/125664 rows
Parsed 10176/125664 rows
Parsed 10208/125664 rows
Parsed 10240/125664 rows
Parsed 10272/125664 rows
Parsed 10304/125664 rows
Parsed 10336/125664 rows
Parsed 10368/125664 rows
Parsed 10400/125664 rows
Parsed 10432/125664 rows
Parsed 10464/125664 rows
Parsed 10496/125664 rows
Parsed 10528/125664 rows
Parsed 10560/125664 rows
Parsed 10592/125664 rows
Parsed 10624/125664 rows
Parsed 10656/125664 rows
Parsed 10688/125664 rows
Parsed 10720/125664 rows
Parsed 10752/125664 rows
Parsed 10784/125664 rows
Parsed 10816/125664 rows
Parsed 10848/125664 rows
Parsed 10880/125664 rows
Parsed 10912/125664 rows
Parsed 10944/125664 rows
Parsed 10976/125664 rows
Parsed 11008/125664 rows
Parsed 11040/125664 rows
Parsed 11072/125664 rows
Parsed 11104/125664 rows
Parsed 11136/125664 rows
Parsed 11168/125664 rows
Parsed 11200/125664 rows
Parsed 11232/125664 rows
Parsed 11264/125664 rows
Parsed 11296/125664 rows
Parsed 11328/125664 rows
Parsed 11360/125664 rows
Parsed 11392/125664 rows
Parsed 11424/125664 rows
Parsed 11456/125664 rows
Parsed 11488/125664 rows
Parsed 11520/125664 rows
Parsed 11552/125664 rows
Parsed 11584/125664 rows
Parsed 11616/125664 rows
Parsed 11648/125664 rows
Parsed 11680/125664 rows
Parsed 11712/125664 rows
Parsed 11744/125664 rows
Parsed 11776/125664 rows
Parsed 11808/125664 rows
Parsed 11840/125664 rows
Parsed 11872/125664 rows
Parsed 11904/125664 rows
Parsed 11936/125664 rows
Parsed 11968/125664 rows
Parsed 12000/125664 rows
Parsed 12032/125664 rows
Parsed 12064/125664 rows
Parsed 12096/125664 rows
Parsed 12128/125664 rows
Parsed 12160/125664 rows
Parsed 12192/125664 rows
Parsed 12224/125664 rows
Parsed 12256/125664 rows
Parsed 12288/125664 rows
Parsed 12320/125664 rows
Parsed 12352/125664 rows
Parsed 12384/125664 rows
Parsed 12416/125664 rows
Parsed 12448/125664 rows
Parsed 12480/125664 rows
Parsed 12512/125664 rows
Parsed 12544/125664 rows
Parsed 12576/125664 rows
Parsed 12608/125664 rows
Parsed 12640/125664 rows
Parsed 12672/125664 rows
Parsed 12704/125664 rows
Parsed 12736/125664 rows
Parsed 12768/125664 rows
Parsed 12800/125664 rows
Parsed 12832/125664 rows
Parsed 12864/125664 rows
Parsed 12896/125664 rows
Parsed 12928/125664 rows
Parsed 12960/125664 rows
Parsed 12992/125664 rows
Parsed 13024/125664 rows
Parsed 13056/125664 rows
Parsed 13088/125664 rows
Parsed 13120/125664 rows
Parsed 13152/125664 rows
Parsed 13184/125664 rows
Parsed 13216/125664 rows
Parsed 13248/125664 rows
Parsed 13280/125664 rows
Parsed 13312/125664 rows
Parsed 13344/125664 rows
Parsed 13376/125664 rows
Parsed 13408/125664 rows
Parsed 13440/125664 rows
Parsed 13472/125664 rows
Parsed 13504/125664 rows
Parsed 13536/125664 rows
Parsed 13568/125664 rows
Parsed 13600/125664 rows
Parsed 13632/125664 rows
Parsed 13664/125664 rows
Parsed 13696/125664 rows
Parsed 13728/125664 rows
Parsed 13760/125664 rows
Parsed 13792/125664 rows
Parsed 13824/125664 rows
Parsed 13856/125664 rows
Parsed 13888/125664 rows
Parsed 13920/125664 rows
Parsed 13952/125664 rows
Parsed 13984/125664 rows
Parsed 14016/125664 rows
Parsed 14048/125664 rows
Parsed 14080/125664 rows
Parsed 14112/125664 rows
Parsed 14144/125664 rows
Parsed 14176/125664 rows
Parsed 14208/125664 rows
Parsed 14240/125664 rows
Parsed 14272/125664 rows
Parsed 14304/125664 rows
Parsed 14336/125664 rows
Parsed 14368/125664 rows
Parsed 14400/125664 rows
Parsed 14432/125664 rows
Parsed 14464/125664 rows
Parsed 14496/125664 rows
Parsed 14528/125664 rows
Parsed 14560/125664 rows
Parsed 14592/125664 rows
Parsed 14624/125664 rows
Parsed 14656/125664 rows
Parsed 14688/125664 rows
Parsed 14720/125664 rows
Parsed 14752/125664 rows
Parsed 14784/125664 rows
Parsed 14816/125664 rows
Parsed 14848/125664 rows
Parsed 14880/125664 rows
Parsed 14912/125664 rows
Parsed 14944/125664 rows
Parsed 14976/125664 rows
Parsed 15008/125664 rows
Parsed 15040/125664 rows
Parsed 15072/125664 rows
Parsed 15104/125664 rows
Parsed 15136/125664 rows
Parsed 15168/125664 rows
Parsed 15200/125664 rows
Parsed 15232/125664 rows
Parsed 15264/125664 rows
Parsed 15296/125664 rows
Parsed 15328/125664 rows
Parsed 15360/125664 rows
Parsed 15392/125664 rows
Parsed 15424/125664 rows
Parsed 15456/125664 rows
Parsed 15488/125664 rows
Parsed 15520/125664 rows
Parsed 15552/125664 rows
Parsed 15584/125664 rows
Parsed 15616/125664 rows
Parsed 15648/125664 rows
Parsed 15680/125664 rows
Parsed 15712/125664 rows
Parsed 15744/125664 rows
Parsed 15776/125664 rows
Parsed 15808/125664 rows
Parsed 15840/125664 rows
Parsed 15872/125664 rows
Parsed 15904/125664 rows
Parsed 15936/125664 rows
Parsed 15968/125664 rows
Parsed 16000/125664 rows
Parsed 16032/125664 rows
Parsed 16064/125664 rows
Parsed 16096/125664 rows
Parsed 16128/125664 rows
Parsed 16160/125664 rows
Parsed 16192/125664 rows
Parsed 16224/125664 rows
Parsed 16256/125664 rows
Parsed 16288/125664 rows
Parsed 16320/125664 rows
Parsed 16352/125664 rows
Parsed 16384/125664 rows
Parsed 16416/125664 rows
Parsed 16448/125664 rows
Parsed 16480/125664 rows
Parsed 16512/125664 rows
Parsed 16544/125664 rows
Parsed 16576/125664 rows
Parsed 16608/125664 rows
Parsed 16640/125664 rows
Parsed 16672/125664 rows
Parsed 16704/125664 rows
Parsed 16736/125664 rows
Parsed 16768/125664 rows
Parsed 16800/125664 rows
Parsed 16832/125664 rows
Parsed 16864/125664 rows
Parsed 16896/125664 rows
Parsed 16928/125664 rows
Parsed 16960/125664 rows
Parsed 16992/125664 rows
Parsed 17024/125664 rows
Parsed 17056/125664 rows
Parsed 17088/125664 rows
Parsed 17120/125664 rows
Parsed 17152/125664 rows
Parsed 17184/125664 rows
Parsed 17216/125664 rows
Parsed 17248/125664 rows
Parsed 17280/125664 rows
Parsed 17312/125664 rows
Parsed 17344/125664 rows
Parsed 17376/125664 rows
Parsed 17408/125664 rows
Parsed 17440/125664 rows
Parsed 17472/125664 rows
Parsed 17504/125664 rows
Parsed 17536/125664 rows
Parsed 17568/125664 rows
Parsed 17600/125664 rows
Parsed 17632/125664 rows
Parsed 17664/125664 rows
Parsed 17696/125664 rows
Parsed 17728/125664 rows
Parsed 17760/125664 rows
Parsed 17792/125664 rows
Parsed 17824/125664 rows
Parsed 17856/125664 rows
Parsed 17888/125664 rows
Parsed 17920/125664 rows
Parsed 17952/125664 rows
Parsed 17984/125664 rows
Parsed 18016/125664 rows
Parsed 18048/125664 rows
Parsed 18080/125664 rows
Parsed 18112/125664 rows
Parsed 18144/125664 rows
Parsed 18176/125664 rows
Parsed 18208/125664 rows
Parsed 18240/125664 rows
Parsed 18272/125664 rows
Parsed 18304/125664 rows
Parsed 18336/125664 rows
Parsed 18368/125664 rows
Parsed 18400/125664 rows
Parsed 18432/125664 rows
Parsed 18464/125664 rows
Parsed 18496/125664 rows
Parsed 18528/125664 rows
Parsed 18560/125664 rows
Parsed 18592/125664 rows
Parsed 18624/125664 rows
Parsed 18656/125664 rows
Parsed 18688/125664 rows
Parsed 18720/125664 rows
Parsed 18752/125664 rows
Parsed 18784/125664 rows
Parsed 18816/125664 rows
Parsed 18848/125664 rows
Parsed 18880/125664 rows
Parsed 18912/125664 rows
Parsed 18944/125664 rows
Parsed 18976/125664 rows
Parsed 19008/125664 rows
Parsed 19040/125664 rows
Parsed 19072/125664 rows
Parsed 19104/125664 rows
Parsed 19136/125664 rows
Parsed 19168/125664 rows
Parsed 19200/125664 rows
Parsed 19232/125664 rows
Parsed 19264/125664 rows
Parsed 19296/125664 rows
Parsed 19328/125664 rows
Parsed 19360/125664 rows
Parsed 19392/125664 rows
Parsed 19424/125664 rows
Parsed 19456/125664 rows
Parsed 19488/125664 rows
Parsed 19520/125664 rows
Parsed 19552/125664 rows
Parsed 19584/125664 rows
Parsed 19616/125664 rows
Parsed 19648/125664 rows
Parsed 19680/125664 rows
Parsed 19712/125664 rows
Parsed 19744/125664 rows
Parsed 19776/125664 rows
Parsed 19808/125664 rows
Parsed 19840/125664 rows
Parsed 19872/125664 rows
Parsed 19904/125664 rows
Parsed 19936/125664 rows
Parsed 19968/125664 rows
Parsed 20000/125664 rows
Parsed 20032/125664 rows
Parsed 20064/125664 rows
Parsed 20096/125664 rows
Parsed 20128/125664 rows
Parsed 20160/125664 rows
Parsed 20192/125664 rows
Parsed 20224/125664 rows
Parsed 20256/125664 rows
Parsed 20288/125664 rows
Parsed 20320/125664 rows
Parsed 20352/125664 rows
Parsed 20384/125664 rows
Parsed 20416/125664 rows
Parsed 20448/125664 rows
Parsed 20480/125664 rows
Parsed 20512/125664 rows
Parsed 20544/125664 rows
Parsed 20576/125664 rows
Parsed 20608/125664 rows
Parsed 20640/125664 rows
Parsed 20672/125664 rows
Parsed 20704/125664 rows
Parsed 20736/125664 rows
Parsed 20768/125664 rows
Parsed 20800/125664 rows
Parsed 20832/125664 rows
Parsed 20864/125664 rows
Parsed 20896/125664 rows
Parsed 20928/125664 rows
Parsed 20960/125664 rows
Parsed 20992/125664 rows
Parsed 21024/125664 rows
Parsed 21056/125664 rows
Parsed 21088/125664 rows
Parsed 21120/125664 rows
Parsed 21152/125664 rows
Parsed 21184/125664 rows
Parsed 21216/125664 rows
Parsed 21248/125664 rows
Parsed 21280/125664 rows
Parsed 21312/125664 rows
Parsed 21344/125664 rows
Parsed 21376/125664 rows
Parsed 21408/125664 rows
Parsed 21440/125664 rows
Parsed 21472/125664 rows
Parsed 21504/125664 rows
Parsed 21536/125664 rows
Parsed 21568/125664 rows
Parsed 21600/125664 rows
Parsed 21632/125664 rows
Parsed 21664/125664 rows
Parsed 21696/125664 rows
Parsed 21728/125664 rows
Parsed 21760/125664 rows
Parsed 21792/125664 rows
Parsed 21824/125664 rows
Parsed 21856/125664 rows
Parsed 21888/125664 rows
Parsed 21920/125664 rows
Parsed 21952/125664 rows
Parsed 21984/125664 rows
Parsed 22016/125664 rows
Parsed 22048/125664 rows
Parsed 22080/125664 rows
Parsed 22112/125664 rows
Parsed 22144/125664 rows
Parsed 22176/125664 rows
Parsed 22208/125664 rows
Parsed 22240/125664 rows
Parsed 22272/125664 rows
Parsed 22304/125664 rows
Parsed 22336/125664 rows
Parsed 22368/125664 rows
Parsed 22400/125664 rows
Parsed 22432/125664 rows
Parsed 22464/125664 rows
Parsed 22496/125664 rows
Parsed 22528/125664 rows
Parsed 22560/125664 rows
Parsed 22592/125664 rows
Parsed 22624/125664 rows
Parsed 22656/125664 rows
Parsed 22688/125664 rows
Parsed 22720/125664 rows
Parsed 22752/125664 rows
Parsed 22784/125664 rows
Parsed 22816/125664 rows
Parsed 22848/125664 rows
Parsed 22880/125664 rows
Parsed 22912/125664 rows
Parsed 22944/125664 rows
Parsed 22976/125664 rows
Parsed 23008/125664 rows
Parsed 23040/125664 rows
Parsed 23072/125664 rows
Parsed 23104/125664 rows
Parsed 23136/125664 rows
Parsed 23168/125664 rows
Parsed 23200/125664 rows
Parsed 23232/125664 rows
Parsed 23264/125664 rows
Parsed 23296/125664 rows
Parsed 23328/125664 rows
Parsed 23360/125664 rows
Parsed 23392/125664 rows
Parsed 23424/125664 rows
Parsed 23456/125664 rows
Parsed 23488/125664 rows
Parsed 23520/125664 rows
Parsed 23552/125664 rows
Parsed 23584/125664 rows
Parsed 23616/125664 rows
Parsed 23648/125664 rows
Parsed 23680/125664 rows
Parsed 23712/125664 rows
Parsed 23744/125664 rows
Parsed 23776/125664 rows
Parsed 23808/125664 rows
Parsed 23840/125664 rows
Parsed 23872/125664 rows
Parsed 23904/125664 rows
Parsed 23936/125664 rows
Parsed 23968/125664 rows
Parsed 24000/125664 rows
Parsed 24032/125664 rows
Parsed 24064/125664 rows
Parsed 24096/125664 rows
Parsed 24128/125664 rows
Parsed 24160/125664 rows
Parsed 24192/125664 rows
Parsed 24224/125664 rows
Parsed 24256/125664 rows
Parsed 24288/125664 rows
Parsed 24320/125664 rows
Parsed 24352/125664 rows
Parsed 24384/125664 rows
Parsed 24416/125664 rows
Parsed 24448/125664 rows
Parsed 24480/125664 rows
Parsed 24512/125664 rows
Parsed 24544/125664 rows
Parsed 24576/125664 rows
Parsed 24608/125664 rows
Parsed 24640/125664 rows
Parsed 24672/125664 rows
Parsed 24704/125664 rows
Parsed 24736/125664 rows
Parsed 24768/125664 rows
Parsed 24800/125664 rows
Parsed 24832/125664 rows
Parsed 24864/125664 rows
Parsed 24896/125664 rows
Parsed 24928/125664 rows
Parsed 24960/125664 rows
Parsed 24992/125664 rows
Parsed 25024/125664 rows
Parsed 25056/125664 rows
Parsed 25088/125664 rows
Parsed 25120/125664 rows
Parsed 25152/125664 rows
Parsed 25184/125664 rows
Parsed 25216/125664 rows
Parsed 25248/125664 rows
Parsed 25280/125664 rows
Parsed 25312/125664 rows
Parsed 25344/125664 rows
Parsed 25376/125664 rows
Parsed 25408/125664 rows
Parsed 25440/125664 rows
Parsed 25472/125664 rows
Parsed 25504/125664 rows
Parsed 25536/125664 rows
Parsed 25568/125664 rows
Parsed 25600/125664 rows
Parsed 25632/125664 rows
Parsed 25664/125664 rows
Parsed 25696/125664 rows
Parsed 25728/125664 rows
Parsed 25760/125664 rows
Parsed 25792/125664 rows
Parsed 25824/125664 rows
Parsed 25856/125664 rows
Parsed 25888/125664 rows
Parsed 25920/125664 rows
Parsed 25952/125664 rows
Parsed 25984/125664 rows
Parsed 26016/125664 rows
Parsed 26048/125664 rows
Parsed 26080/125664 rows
Parsed 26112/125664 rows
Parsed 26144/125664 rows
Parsed 26176/125664 rows
Parsed 26208/125664 rows
Parsed 26240/125664 rows
Parsed 26272/125664 rows
Parsed 26304/125664 rows
Parsed 26336/125664 rows
Parsed 26368/125664 rows
Parsed 26400/125664 rows
Parsed 26432/125664 rows
Parsed 26464/125664 rows
Parsed 26496/125664 rows
Parsed 26528/125664 rows
Parsed 26560/125664 rows
Parsed 26592/125664 rows
Parsed 26624/125664 rows
Parsed 26656/125664 rows
Parsed 26688/125664 rows
Parsed 26720/125664 rows
Parsed 26752/125664 rows
Parsed 26784/125664 rows
Parsed 26816/125664 rows
Parsed 26848/125664 rows
Parsed 26880/125664 rows
Parsed 26912/125664 rows
Parsed 26944/125664 rows
Parsed 26976/125664 rows
Parsed 27008/125664 rows
Parsed 27040/125664 rows
Parsed 27072/125664 rows
Parsed 27104/125664 rows
Parsed 27136/125664 rows
Parsed 27168/125664 rows
Parsed 27200/125664 rows
Parsed 27232/125664 rows
Parsed 27264/125664 rows
Parsed 27296/125664 rows
Parsed 27328/125664 rows
Parsed 27360/125664 rows
Parsed 27392/125664 rows
Parsed 27424/125664 rows
Parsed 27456/125664 rows
Parsed 27488/125664 rows
Parsed 27520/125664 rows
Parsed 27552/125664 rows
Parsed 27584/125664 rows
Parsed 27616/125664 rows
Parsed 27648/125664 rows
Parsed 27680/125664 rows
Parsed 27712/125664 rows
Parsed 27744/125664 rows
Parsed 27776/125664 rows
Parsed 27808/125664 rows
Parsed 27840/125664 rows
Parsed 27872/125664 rows
Parsed 27904/125664 rows
Parsed 27936/125664 rows
Parsed 27968/125664 rows
Parsed 28000/125664 rows
Parsed 28032/125664 rows
Parsed 28064/125664 rows
Parsed 28096/125664 rows
Parsed 28128/125664 rows
Parsed 28160/125664 rows
Parsed 28192/125664 rows
Parsed 28224/125664 rows
Parsed 28256/125664 rows
Parsed 28288/125664 rows
Parsed 28320/125664 rows
Parsed 28352/125664 rows
Parsed 28384/125664 rows
Parsed 28416/125664 rows
Parsed 28448/125664 rows
Parsed 28480/125664 rows
Parsed 28512/125664 rows
Parsed 28544/125664 rows
Parsed 28576/125664 rows
Parsed 28608/125664 rows
Parsed 28640/125664 rows
Parsed 28672/125664 rows
Parsed 28704/125664 rows
Parsed 28736/125664 rows
Parsed 28768/125664 rows
Parsed 28800/125664 rows
Parsed 28832/125664 rows
Parsed 28864/125664 rows
Parsed 28896/125664 rows
Parsed 28928/125664 rows
Parsed 28960/125664 rows
Parsed 28992/125664 rows
Parsed 29024/125664 rows
Parsed 29056/125664 rows
Parsed 29088/125664 rows
Parsed 29120/125664 rows
Parsed 29152/125664 rows
Parsed 29184/125664 rows
Parsed 29216/125664 rows
Parsed 29248/125664 rows
Parsed 29280/125664 rows
Parsed 29312/125664 rows
Parsed 29344/125664 rows
Parsed 29376/125664 rows
Parsed 29408/125664 rows
Parsed 29440/125664 rows
Parsed 29472/125664 rows
Parsed 29504/125664 rows
Parsed 29536/125664 rows
Parsed 29568/125664 rows
Parsed 29600/125664 rows
Parsed 29632/125664 rows
Parsed 29664/125664 rows
Parsed 29696/125664 rows
Parsed 29728/125664 rows
Parsed 29760/125664 rows
Parsed 29792/125664 rows
Parsed 29824/125664 rows
Parsed 29856/125664 rows
Parsed 29888/125664 rows
Parsed 29920/125664 rows
Parsed 29952/125664 rows
Parsed 29984/125664 rows
Parsed 30016/125664 rows
Parsed 30048/125664 rows
Parsed 30080/125664 rows
Parsed 30112/125664 rows
Parsed 30144/125664 rows
Parsed 30176/125664 rows
Parsed 30208/125664 rows
Parsed 30240/125664 rows
Parsed 30272/125664 rows
Parsed 30304/125664 rows
Parsed 30336/125664 rows
Parsed 30368/125664 rows
Parsed 30400/125664 rows
Parsed 30432/125664 rows
Parsed 30464/125664 rows
Parsed 30496/125664 rows
Parsed 30528/125664 rows
Parsed 30560/125664 rows
Parsed 30592/125664 rows
Parsed 30624/125664 rows
Parsed 30656/125664 rows
Parsed 30688/125664 rows
Parsed 30720/125664 rows
Parsed 30752/125664 rows
Parsed 30784/125664 rows
Parsed 30816/125664 rows
Parsed 30848/125664 rows
Parsed 30880/125664 rows
Parsed 30912/125664 rows
Parsed 30944/125664 rows
Parsed 30976/125664 rows
Parsed 31008/125664 rows
Parsed 31040/125664 rows
Parsed 31072/125664 rows
Parsed 31104/125664 rows
Parsed 31136/125664 rows
Parsed 31168/125664 rows
Parsed 31200/125664 rows
Parsed 31232/125664 rows
Parsed 31264/125664 rows
Parsed 31296/125664 rows
Parsed 31328/125664 rows
Parsed 31360/125664 rows
Parsed 31392/125664 rows
Parsed 31424/125664 rows
Parsed 31456/125664 rows
Parsed 31488/125664 rows
Parsed 31520/125664 rows
Parsed 31552/125664 rows
Parsed 31584/125664 rows
Parsed 31616/125664 rows
Parsed 31648/125664 rows
Parsed 31680/125664 rows
Parsed 31712/125664 rows
Parsed 31744/125664 rows
Parsed 31776/125664 rows
Parsed 31808/125664 rows
Parsed 31840/125664 rows
Parsed 31872/125664 rows
Parsed 31904/125664 rows
Parsed 31936/125664 rows
Parsed 31968/125664 rows
Parsed 32000/125664 rows
Parsed 32032/125664 rows
Parsed 32064/125664 rows
Parsed 32096/125664 rows
Parsed 32128/125664 rows
Parsed 32160/125664 rows
Parsed 32192/125664 rows
Parsed 32224/125664 rows
Parsed 32256/125664 rows
Parsed 32288/125664 rows
Parsed 32320/125664 rows
Parsed 32352/125664 rows
Parsed 32384/125664 rows
Parsed 32416/125664 rows
Parsed 32448/125664 rows
Parsed 32480/125664 rows
Parsed 32512/125664 rows
Parsed 32544/125664 rows
Parsed 32576/125664 rows
Parsed 32608/125664 rows
Parsed 32640/125664 rows
Parsed 32672/125664 rows
Parsed 32704/125664 rows
Parsed 32736/125664 rows
Parsed 32768/125664 rows
Parsed 32800/125664 rows
Parsed 32832/125664 rows
Parsed 32864/125664 rows
Parsed 32896/125664 rows
Parsed 32928/125664 rows
Parsed 32960/125664 rows
Parsed 32992/125664 rows
Parsed 33024/125664 rows
Parsed 33056/125664 rows
Parsed 33088/125664 rows
Parsed 33120/125664 rows
Parsed 33152/125664 rows
Parsed 33184/125664 rows
Parsed 33216/125664 rows
Parsed 33248/125664 rows
Parsed 33280/125664 rows
Parsed 33312/125664 rows
Parsed 33344/125664 rows
Parsed 33376/125664 rows
Parsed 33408/125664 rows
Parsed 33440/125664 rows
Parsed 33472/125664 rows
Parsed 33504/125664 rows
Parsed 33536/125664 rows
Parsed 33568/125664 rows
Parsed 33600/125664 rows
Parsed 33632/125664 rows
Parsed 33664/125664 rows
Parsed 33696/125664 rows
Parsed 33728/125664 rows
Parsed 33760/125664 rows
Parsed 33792/125664 rows
Parsed 33824/125664 rows
Parsed 33856/125664 rows
Parsed 33888/125664 rows
Parsed 33920/125664 rows
Parsed 33952/125664 rows
Parsed 33984/125664 rows
Parsed 34016/125664 rows
Parsed 34048/125664 rows
Parsed 34080/125664 rows
Parsed 34112/125664 rows
Parsed 34144/125664 rows
Parsed 34176/125664 rows
Parsed 34208/125664 rows
Parsed 34240/125664 rows
Parsed 34272/125664 rows
Parsed 34304/125664 rows
Parsed 34336/125664 rows
Parsed 34368/125664 rows
Parsed 34400/125664 rows
Parsed 34432/125664 rows
Parsed 34464/125664 rows
Parsed 34496/125664 rows
Parsed 34528/125664 rows
Parsed 34560/125664 rows
Parsed 34592/125664 rows
Parsed 34624/125664 rows
Parsed 34656/125664 rows
Parsed 34688/125664 rows
Parsed 34720/125664 rows
Parsed 34752/125664 rows
Parsed 34784/125664 rows
Parsed 34816/125664 rows
Parsed 34848/125664 rows
Parsed 34880/125664 rows
Parsed 34912/125664 rows
Parsed 34944/125664 rows
Parsed 34976/125664 rows
Parsed 35008/125664 rows
Parsed 35040/125664 rows
Parsed 35072/125664 rows
Parsed 35104/125664 rows
Parsed 35136/125664 rows
Parsed 35168/125664 rows
Parsed 35200/125664 rows
Parsed 35232/125664 rows
Parsed 35264/125664 rows
Parsed 35296/125664 rows
Parsed 35328/125664 rows
Parsed 35360/125664 rows
Parsed 35392/125664 rows
Parsed 35424/125664 rows
Parsed 35456/125664 rows
Parsed 35488/125664 rows
Parsed 35520/125664 rows
Parsed 35552/125664 rows
Parsed 35584/125664 rows
Parsed 35616/125664 rows
Parsed 35648/125664 rows
Parsed 35680/125664 rows
Parsed 35712/125664 rows
Parsed 35744/125664 rows
Parsed 35776/125664 rows
Parsed 35808/125664 rows
Parsed 35840/125664 rows
Parsed 35872/125664 rows
Parsed 35904/125664 rows
Parsed 35936/125664 rows
Parsed 35968/125664 rows
Parsed 36000/125664 rows
Parsed 36032/125664 rows
Parsed 36064/125664 rows
Parsed 36096/125664 rows
Parsed 36128/125664 rows
Parsed 36160/125664 rows
Parsed 36192/125664 rows
Parsed 36224/125664 rows
Parsed 36256/125664 rows
Parsed 36288/125664 rows
Parsed 36320/125664 rows
Parsed 36352/125664 rows
Parsed 36384/125664 rows
Parsed 36416/125664 rows
Parsed 36448/125664 rows
Parsed 36480/125664 rows
Parsed 36512/125664 rows
Parsed 36544/125664 rows
Parsed 36576/125664 rows
Parsed 36608/125664 rows
Parsed 36640/125664 rows
Parsed 36672/125664 rows
Parsed 36704/125664 rows
Parsed 36736/125664 rows
Parsed 36768/125664 rows
Parsed 36800/125664 rows
Parsed 36832/125664 rows
Parsed 36864/125664 rows
Parsed 36896/125664 rows
Parsed 36928/125664 rows
Parsed 36960/125664 rows
Parsed 36992/125664 rows
Parsed 37024/125664 rows
Parsed 37056/125664 rows
Parsed 37088/125664 rows
Parsed 37120/125664 rows
Parsed 37152/125664 rows
Parsed 37184/125664 rows
Parsed 37216/125664 rows
Parsed 37248/125664 rows
Parsed 37280/125664 rows
Parsed 37312/125664 rows
Parsed 37344/125664 rows
Parsed 37376/125664 rows
Parsed 37408/125664 rows
Parsed 37440/125664 rows
Parsed 37472/125664 rows
Parsed 37504/125664 rows
Parsed 37536/125664 rows
Parsed 37568/125664 rows
Parsed 37600/125664 rows
Parsed 37632/125664 rows
Parsed 37664/125664 rows
Parsed 37696/125664 rows
Parsed 37728/125664 rows
Parsed 37760/125664 rows
Parsed 37792/125664 rows
Parsed 37824/125664 rows
Parsed 37856/125664 rows
Parsed 37888/125664 rows
Parsed 37920/125664 rows
Parsed 37952/125664 rows
Parsed 37984/125664 rows
Parsed 38016/125664 rows
Parsed 38048/125664 rows
Parsed 38080/125664 rows
Parsed 38112/125664 rows
Parsed 38144/125664 rows
Parsed 38176/125664 rows
Parsed 38208/125664 rows
Parsed 38240/125664 rows
Parsed 38272/125664 rows
Parsed 38304/125664 rows
Parsed 38336/125664 rows
Parsed 38368/125664 rows
Parsed 38400/125664 rows
Parsed 38432/125664 rows
Parsed 38464/125664 rows
Parsed 38496/125664 rows
Parsed 38528/125664 rows
Parsed 38560/125664 rows
Parsed 38592/125664 rows
Parsed 38624/125664 rows
Parsed 38656/125664 rows
Parsed 38688/125664 rows
Parsed 38720/125664 rows
Parsed 38752/125664 rows
Parsed 38784/125664 rows
Parsed 38816/125664 rows
Parsed 38848/125664 rows
Parsed 38880/125664 rows
Parsed 38912/125664 rows
Parsed 38944/125664 rows
Parsed 38976/125664 rows
Parsed 39008/125664 rows
Parsed 39040/125664 rows
Parsed 39072/125664 rows
Parsed 39104/125664 rows
Parsed 39136/125664 rows
Parsed 39168/125664 rows
Parsed 39200/125664 rows
Parsed 39232/125664 rows
Parsed 39264/125664 rows
Parsed 39296/125664 rows
Parsed 39328/125664 rows
Parsed 39360/125664 rows
Parsed 39392/125664 rows
Parsed 39424/125664 rows
Parsed 39456/125664 rows
Parsed 39488/125664 rows
Parsed 39520/125664 rows
Parsed 39552/125664 rows
Parsed 39584/125664 rows
Parsed 39616/125664 rows
Parsed 39648/125664 rows
Parsed 39680/125664 rows
Parsed 39712/125664 rows
Parsed 39744/125664 rows
Parsed 39776/125664 rows
Parsed 39808/125664 rows
Parsed 39840/125664 rows
Parsed 39872/125664 rows
Parsed 39904/125664 rows
Parsed 39936/125664 rows
Parsed 39968/125664 rows
Parsed 40000/125664 rows
Parsed 40032/125664 rows
Parsed 40064/125664 rows
Parsed 40096/125664 rows
Parsed 40128/125664 rows
Parsed 40160/125664 rows
Parsed 40192/125664 rows
Parsed 40224/125664 rows
Parsed 40256/125664 rows
Parsed 40288/125664 rows
Parsed 40320/125664 rows
Parsed 40352/125664 rows
Parsed 40384/125664 rows
Parsed 40416/125664 rows
Parsed 40448/125664 rows
Parsed 40480/125664 rows
Parsed 40512/125664 rows
Parsed 40544/125664 rows
Parsed 40576/125664 rows
Parsed 40608/125664 rows
Parsed 40640/125664 rows
Parsed 40672/125664 rows
Parsed 40704/125664 rows
Parsed 40736/125664 rows
Parsed 40768/125664 rows
Parsed 40800/125664 rows
Parsed 40832/125664 rows
Parsed 40864/125664 rows
Parsed 40896/125664 rows
Parsed 40928/125664 rows
Parsed 40960/125664 rows
Parsed 40992/125664 rows
Parsed 41024/125664 rows
Parsed 41056/125664 rows
Parsed 41088/125664 rows
Parsed 41120/125664 rows
Parsed 41152/125664 rows
Parsed 41184/125664 rows
Parsed 41216/125664 rows
Parsed 41248/125664 rows
Parsed 41280/125664 rows
Parsed 41312/125664 rows
Parsed 41344/125664 rows
Parsed 41376/125664 rows
Parsed 41408/125664 rows
Parsed 41440/125664 rows
Parsed 41472/125664 rows
Parsed 41504/125664 rows
Parsed 41536/125664 rows
Parsed 41568/125664 rows
Parsed 41600/125664 rows
Parsed 41632/125664 rows
Parsed 41664/125664 rows
Parsed 41696/125664 rows
Parsed 41728/125664 rows
Parsed 41760/125664 rows
Parsed 41792/125664 rows
Parsed 41824/125664 rows
Parsed 41856/125664 rows
Parsed 41888/125664 rows
Parsed 41920/125664 rows
Parsed 41952/125664 rows
Parsed 41984/125664 rows
Parsed 42016/125664 rows
Parsed 42048/125664 rows
Parsed 42080/125664 rows
Parsed 42112/125664 rows
Parsed 42144/125664 rows
Parsed 42176/125664 rows
Parsed 42208/125664 rows
Parsed 42240/125664 rows
Parsed 42272/125664 rows
Parsed 42304/125664 rows
Parsed 42336/125664 rows
Parsed 42368/125664 rows
Parsed 42400/125664 rows
Parsed 42432/125664 rows
Parsed 42464/125664 rows
Parsed 42496/125664 rows
Parsed 42528/125664 rows
Parsed 42560/125664 rows
Parsed 42592/125664 rows
Parsed 42624/125664 rows
Parsed 42656/125664 rows
Parsed 42688/125664 rows
Parsed 42720/125664 rows
Parsed 42752/125664 rows
Parsed 42784/125664 rows
Parsed 42816/125664 rows
Parsed 42848/125664 rows
Parsed 42880/125664 rows
Parsed 42912/125664 rows
Parsed 42944/125664 rows
Parsed 42976/125664 rows
Parsed 43008/125664 rows
Parsed 43040/125664 rows
Parsed 43072/125664 rows
Parsed 43104/125664 rows
Parsed 43136/125664 rows
Parsed 43168/125664 rows
Parsed 43200/125664 rows
Parsed 43232/125664 rows
Parsed 43264/125664 rows
Parsed 43296/125664 rows
Parsed 43328/125664 rows
Parsed 43360/125664 rows
Parsed 43392/125664 rows
Parsed 43424/125664 rows
Parsed 43456/125664 rows
Parsed 43488/125664 rows
Parsed 43520/125664 rows
Parsed 43552/125664 rows
Parsed 43584/125664 rows
Parsed 43616/125664 rows
Parsed 43648/125664 rows
Parsed 43680/125664 rows
Parsed 43712/125664 rows
Parsed 43744/125664 rows
Parsed 43776/125664 rows
Parsed 43808/125664 rows
Parsed 43840/125664 rows
Parsed 43872/125664 rows
Parsed 43904/125664 rows
Parsed 43936/125664 rows
Parsed 43968/125664 rows
Parsed 44000/125664 rows
Parsed 44032/125664 rows
Parsed 44064/125664 rows
Parsed 44096/125664 rows
Parsed 44128/125664 rows
Parsed 44160/125664 rows
Parsed 44192/125664 rows
Parsed 44224/125664 rows
Parsed 44256/125664 rows
Parsed 44288/125664 rows
Parsed 44320/125664 rows
Parsed 44352/125664 rows
Parsed 44384/125664 rows
Parsed 44416/125664 rows
Parsed 44448/125664 rows
Parsed 44480/125664 rows
Parsed 44512/125664 rows
Parsed 44544/125664 rows
Parsed 44576/125664 rows
Parsed 44608/125664 rows
Parsed 44640/125664 rows
Parsed 44672/125664 rows
Parsed 44704/125664 rows
Parsed 44736/125664 rows
Parsed 44768/125664 rows
Parsed 44800/125664 rows
Parsed 44832/125664 rows
Parsed 44864/125664 rows
Parsed 44896/125664 rows
Parsed 44928/125664 rows
Parsed 44960/125664 rows
Parsed 44992/125664 rows
Parsed 45024/125664 rows
Parsed 45056/125664 rows
Parsed 45088/125664 rows
Parsed 45120/125664 rows
Parsed 45152/125664 rows
Parsed 45184/125664 rows
Parsed 45216/125664 rows
Parsed 45248/125664 rows
Parsed 45280/125664 rows
Parsed 45312/125664 rows
Parsed 45344/125664 rows
Parsed 45376/125664 rows
Parsed 45408/125664 rows
Parsed 45440/125664 rows
Parsed 45472/125664 rows
Parsed 45504/125664 rows
Parsed 45536/125664 rows
Parsed 45568/125664 rows
Parsed 45600/125664 rows
Parsed 45632/125664 rows
Parsed 45664/125664 rows
Parsed 45696/125664 rows
Parsed 45728/125664 rows
Parsed 45760/125664 rows
Parsed 45792/125664 rows
Parsed 45824/125664 rows
Parsed 45856/125664 rows
Parsed 45888/125664 rows
Parsed 45920/125664 rows
Parsed 45952/125664 rows
Parsed 45984/125664 rows
Parsed 46016/125664 rows
Parsed 46048/125664 rows
Parsed 46080/125664 rows
Parsed 46112/125664 rows
Parsed 46144/125664 rows
Parsed 46176/125664 rows
Parsed 46208/125664 rows
Parsed 46240/125664 rows
Parsed 46272/125664 rows
Parsed 46304/125664 rows
Parsed 46336/125664 rows
Parsed 46368/125664 rows
Parsed 46400/125664 rows
Parsed 46432/125664 rows
Parsed 46464/125664 rows
Parsed 46496/125664 rows
Parsed 46528/125664 rows
Parsed 46560/125664 rows
Parsed 46592/125664 rows
Parsed 46624/125664 rows
Parsed 46656/125664 rows
Parsed 46688/125664 rows
Parsed 46720/125664 rows
Parsed 46752/125664 rows
Parsed 46784/125664 rows
Parsed 46816/125664 rows
Parsed 46848/125664 rows
Parsed 46880/125664 rows
Parsed 46912/125664 rows
Parsed 46944/125664 rows
Parsed 46976/125664 rows
Parsed 47008/125664 rows
Parsed 47040/125664 rows
Parsed 47072/125664 rows
Parsed 47104/125664 rows
Parsed 47136/125664 rows
Parsed 47168/125664 rows
Parsed 47200/125664 rows
Parsed 47232/125664 rows
Parsed 47264/125664 rows
Parsed 47296/125664 rows
Parsed 47328/125664 rows
Parsed 47360/125664 rows
Parsed 47392/125664 rows
Parsed 47424/125664 rows
Parsed 47456/125664 rows
Parsed 47488/125664 rows
Parsed 47520/125664 rows
Parsed 47552/125664 rows
Parsed 47584/125664 rows
Parsed 47616/125664 rows
Parsed 47648/125664 rows
Parsed 47680/125664 rows
Parsed 47712/125664 rows
Parsed 47744/125664 rows
Parsed 47776/125664 rows
Parsed 47808/125664 rows
Parsed 47840/125664 rows
Parsed 47872/125664 rows
Parsed 47904/125664 rows
Parsed 47936/125664 rows
Parsed 47968/125664 rows
Parsed 48000/125664 rows
Parsed 48032/125664 rows
Parsed 48064/125664 rows
Parsed 48096/125664 rows
Parsed 48128/125664 rows
Parsed 48160/125664 rows
Parsed 48192/125664 rows
Parsed 48224/125664 rows
Parsed 48256/125664 rows
Parsed 48288/125664 rows
Parsed 48320/125664 rows
Parsed 48352/125664 rows
Parsed 48384/125664 rows
Parsed 48416/125664 rows
Parsed 48448/125664 rows
Parsed 48480/125664 rows
Parsed 48512/125664 rows
Parsed 48544/125664 rows
Parsed 48576/125664 rows
Parsed 48608/125664 rows
Parsed 48640/125664 rows
Parsed 48672/125664 rows
Parsed 48704/125664 rows
Parsed 48736/125664 rows
Parsed 48768/125664 rows
Parsed 48800/125664 rows
Parsed 48832/125664 rows
Parsed 48864/125664 rows
Parsed 48896/125664 rows
Parsed 48928/125664 rows
Parsed 48960/125664 rows
Parsed 48992/125664 rows
Parsed 49024/125664 rows
Parsed 49056/125664 rows
Parsed 49088/125664 rows
Parsed 49120/125664 rows
Parsed 49152/125664 rows
Parsed 49184/125664 rows
Parsed 49216/125664 rows
Parsed 49248/125664 rows
Parsed 49280/125664 rows
Parsed 49312/125664 rows
Parsed 49344/125664 rows
Parsed 49376/125664 rows
Parsed 49408/125664 rows
Parsed 49440/125664 rows
Parsed 49472/125664 rows
Parsed 49504/125664 rows
Parsed 49536/125664 rows
Parsed 49568/125664 rows
Parsed 49600/125664 rows
Parsed 49632/125664 rows
Parsed 49664/125664 rows
Parsed 49696/125664 rows
Parsed 49728/125664 rows
Parsed 49760/125664 rows
Parsed 49792/125664 rows
Parsed 49824/125664 rows
Parsed 49856/125664 rows
Parsed 49888/125664 rows
Parsed 49920/125664 rows
Parsed 49952/125664 rows
Parsed 49984/125664 rows
Parsed 50016/125664 rows
Parsed 50048/125664 rows
Parsed 50080/125664 rows
Parsed 50112/125664 rows
Parsed 50144/125664 rows
Parsed 50176/125664 rows
Parsed 50208/125664 rows
Parsed 50240/125664 rows
Parsed 50272/125664 rows
Parsed 50304/125664 rows
Parsed 50336/125664 rows
Parsed 50368/125664 rows
Parsed 50400/125664 rows
Parsed 50432/125664 rows
Parsed 50464/125664 rows
Parsed 50496/125664 rows
Parsed 50528/125664 rows
Parsed 50560/125664 rows
Parsed 50592/125664 rows
Parsed 50624/125664 rows
Parsed 50656/125664 rows
Parsed 50688/125664 rows
Parsed 50720/125664 rows
Parsed 50752/125664 rows
Parsed 50784/125664 rows
Parsed 50816/125664 rows
Parsed 50848/125664 rows
Parsed 50880/125664 rows
Parsed 50912/125664 rows
Parsed 50944/125664 rows
Parsed 50976/125664 rows
Parsed 51008/125664 rows
Parsed 51040/125664 rows
Parsed 51072/125664 rows
Parsed 51104/125664 rows
Parsed 51136/125664 rows
Parsed 51168/125664 rows
Parsed 51200/125664 rows
Parsed 51232/125664 rows
Parsed 51264/125664 rows
Parsed 51296/125664 rows
Parsed 51328/125664 rows
Parsed 51360/125664 rows
Parsed 51392/125664 rows
Parsed 51424/125664 rows
Parsed 51456/125664 rows
Parsed 51488/125664 rows
Parsed 51520/125664 rows
Parsed 51552/125664 rows
Parsed 51584/125664 rows
Parsed 51616/125664 rows
Parsed 51648/125664 rows
Parsed 51680/125664 rows
Parsed 51712/125664 rows
Parsed 51744/125664 rows
Parsed 51776/125664 rows
Parsed 51808/125664 rows
Parsed 51840/125664 rows
Parsed 51872/125664 rows
Parsed 51904/125664 rows
Parsed 51936/125664 rows
Parsed 51968/125664 rows
Parsed 52000/125664 rows
Parsed 52032/125664 rows
Parsed 52064/125664 rows
Parsed 52096/125664 rows
Parsed 52128/125664 rows
Parsed 52160/125664 rows
Parsed 52192/125664 rows
Parsed 52224/125664 rows
Parsed 52256/125664 rows
Parsed 52288/125664 rows
Parsed 52320/125664 rows
Parsed 52352/125664 rows
Parsed 52384/125664 rows
Parsed 52416/125664 rows
Parsed 52448/125664 rows
Parsed 52480/125664 rows
Parsed 52512/125664 rows
Parsed 52544/125664 rows
Parsed 52576/125664 rows
Parsed 52608/125664 rows
Parsed 52640/125664 rows
Parsed 52672/125664 rows
Parsed 52704/125664 rows
Parsed 52736/125664 rows
Parsed 52768/125664 rows
Parsed 52800/125664 rows
Parsed 52832/125664 rows
Parsed 52864/125664 rows
Parsed 52896/125664 rows
Parsed 52928/125664 rows
Parsed 52960/125664 rows
Parsed 52992/125664 rows
Parsed 53024/125664 rows
Parsed 53056/125664 rows
Parsed 53088/125664 rows
Parsed 53120/125664 rows
Parsed 53152/125664 rows
Parsed 53184/125664 rows
Parsed 53216/125664 rows
Parsed 53248/125664 rows
Parsed 53280/125664 rows
Parsed 53312/125664 rows
Parsed 53344/125664 rows
Parsed 53376/125664 rows
Parsed 53408/125664 rows
Parsed 53440/125664 rows
Parsed 53472/125664 rows
Parsed 53504/125664 rows
Parsed 53536/125664 rows
Parsed 53568/125664 rows
Parsed 53600/125664 rows
Parsed 53632/125664 rows
Parsed 53664/125664 rows
Parsed 53696/125664 rows
Parsed 53728/125664 rows
Parsed 53760/125664 rows
Parsed 53792/125664 rows
Parsed 53824/125664 rows
Parsed 53856/125664 rows
Parsed 53888/125664 rows
Parsed 53920/125664 rows
Parsed 53952/125664 rows
Parsed 53984/125664 rows
Parsed 54016/125664 rows
Parsed 54048/125664 rows
Parsed 54080/125664 rows
Parsed 54112/125664 rows
Parsed 54144/125664 rows
Parsed 54176/125664 rows
Parsed 54208/125664 rows
Parsed 54240/125664 rows
Parsed 54272/125664 rows
Parsed 54304/125664 rows
Parsed 54336/125664 rows
Parsed 54368/125664 rows
Parsed 54400/125664 rows
Parsed 54432/125664 rows
Parsed 54464/125664 rows
Parsed 54496/125664 rows
Parsed 54528/125664 rows
Parsed 54560/125664 rows
Parsed 54592/125664 rows
Parsed 54624/125664 rows
Parsed 54656/125664 rows
Parsed 54688/125664 rows
Parsed 54720/125664 rows
Parsed 54752/125664 rows
Parsed 54784/125664 rows
Parsed 54816/125664 rows
Parsed 54848/125664 rows
Parsed 54880/125664 rows
Parsed 54912/125664 rows
Parsed 54944/125664 rows
Parsed 54976/125664 rows
Parsed 55008/125664 rows
Parsed 55040/125664 rows
Parsed 55072/125664 rows
Parsed 55104/125664 rows
Parsed 55136/125664 rows
Parsed 55168/125664 rows
Parsed 55200/125664 rows
Parsed 55232/125664 rows
Parsed 55264/125664 rows
Parsed 55296/125664 rows
Parsed 55328/125664 rows
Parsed 55360/125664 rows
Parsed 55392/125664 rows
Parsed 55424/125664 rows
Parsed 55456/125664 rows
Parsed 55488/125664 rows
Parsed 55520/125664 rows
Parsed 55552/125664 rows
Parsed 55584/125664 rows
Parsed 55616/125664 rows
Parsed 55648/125664 rows
Parsed 55680/125664 rows
Parsed 55712/125664 rows
Parsed 55744/125664 rows
Parsed 55776/125664 rows
Parsed 55808/125664 rows
Parsed 55840/125664 rows
Parsed 55872/125664 rows
Parsed 55904/125664 rows
Parsed 55936/125664 rows
Parsed 55968/125664 rows
Parsed 56000/125664 rows
Parsed 56032/125664 rows
Parsed 56064/125664 rows
Parsed 56096/125664 rows
Parsed 56128/125664 rows
Parsed 56160/125664 rows
Parsed 56192/125664 rows
Parsed 56224/125664 rows
Parsed 56256/125664 rows
Parsed 56288/125664 rows
Parsed 56320/125664 rows
Parsed 56352/125664 rows
Parsed 56384/125664 rows
Parsed 56416/125664 rows
Parsed 56448/125664 rows
Parsed 56480/125664 rows
Parsed 56512/125664 rows
Parsed 56544/125664 rows
Parsed 56576/125664 rows
Parsed 56608/125664 rows
Parsed 56640/125664 rows
Parsed 56672/125664 rows
Parsed 56704/125664 rows
Parsed 56736/125664 rows
Parsed 56768/125664 rows
Parsed 56800/125664 rows
Parsed 56832/125664 rows
Parsed 56864/125664 rows
Parsed 56896/125664 rows
Parsed 56928/125664 rows
Parsed 56960/125664 rows
Parsed 56992/125664 rows
Parsed 57024/125664 rows
Parsed 57056/125664 rows
Parsed 57088/125664 rows
Parsed 57120/125664 rows
Parsed 57152/125664 rows
Parsed 57184/125664 rows
Parsed 57216/125664 rows
Parsed 57248/125664 rows
Parsed 57280/125664 rows
Parsed 57312/125664 rows
Parsed 57344/125664 rows
Parsed 57376/125664 rows
Parsed 57408/125664 rows
Parsed 57440/125664 rows
Parsed 57472/125664 rows
Parsed 57504/125664 rows
Parsed 57536/125664 rows
Parsed 57568/125664 rows
Parsed 57600/125664 rows
Parsed 57632/125664 rows
Parsed 57664/125664 rows
Parsed 57696/125664 rows
Parsed 57728/125664 rows
Parsed 57760/125664 rows
Parsed 57792/125664 rows
Parsed 57824/125664 rows
Parsed 57856/125664 rows
Parsed 57888/125664 rows
Parsed 57920/125664 rows
Parsed 57952/125664 rows
Parsed 57984/125664 rows
Parsed 58016/125664 rows
Parsed 58048/125664 rows
Parsed 58080/125664 rows
Parsed 58112/125664 rows
Parsed 58144/125664 rows
Parsed 58176/125664 rows
Parsed 58208/125664 rows
Parsed 58240/125664 rows
Parsed 58272/125664 rows
Parsed 58304/125664 rows
Parsed 58336/125664 rows
Parsed 58368/125664 rows
Parsed 58400/125664 rows
Parsed 58432/125664 rows
Parsed 58464/125664 rows
Parsed 58496/125664 rows
Parsed 58528/125664 rows
Parsed 58560/125664 rows
Parsed 58592/125664 rows
Parsed 58624/125664 rows
Parsed 58656/125664 rows
Parsed 58688/125664 rows
Parsed 58720/125664 rows
Parsed 58752/125664 rows
Parsed 58784/125664 rows
Parsed 58816/125664 rows
Parsed 58848/125664 rows
Parsed 58880/125664 rows
Parsed 58912/125664 rows
Parsed 58944/125664 rows
Parsed 58976/125664 rows
Parsed 59008/125664 rows
Parsed 59040/125664 rows
Parsed 59072/125664 rows
Parsed 59104/125664 rows
Parsed 59136/125664 rows
Parsed 59168/125664 rows
Parsed 59200/125664 rows
Parsed 59232/125664 rows
Parsed 59264/125664 rows
Parsed 59296/125664 rows
Parsed 59328/125664 rows
Parsed 59360/125664 rows
Parsed 59392/125664 rows
Parsed 59424/125664 rows
Parsed 59456/125664 rows
Parsed 59488/125664 rows
Parsed 59520/125664 rows
Parsed 59552/125664 rows
Parsed 59584/125664 rows
Parsed 59616/125664 rows
Parsed 59648/125664 rows
Parsed 59680/125664 rows
Parsed 59712/125664 rows
Parsed 59744/125664 rows
Parsed 59776/125664 rows
Parsed 59808/125664 rows
Parsed 59840/125664 rows
Parsed 59872/125664 rows
Parsed 59904/125664 rows
Parsed 59936/125664 rows
Parsed 59968/125664 rows
Parsed 60000/125664 rows
Parsed 60032/125664 rows
Parsed 60064/125664 rows
Parsed 60096/125664 rows
Parsed 60128/125664 rows
Parsed 60160/125664 rows
Parsed 60192/125664 rows
Parsed 60224/125664 rows
Parsed 60256/125664 rows
Parsed 60288/125664 rows
Parsed 60320/125664 rows
Parsed 60352/125664 rows
Parsed 60384/125664 rows
Parsed 60416/125664 rows
Parsed 60448/125664 rows
Parsed 60480/125664 rows
Parsed 60512/125664 rows
Parsed 60544/125664 rows
Parsed 60576/125664 rows
Parsed 60608/125664 rows
Parsed 60640/125664 rows
Parsed 60672/125664 rows
Parsed 60704/125664 rows
Parsed 60736/125664 rows
Parsed 60768/125664 rows
Parsed 60800/125664 rows
Parsed 60832/125664 rows
Parsed 60864/125664 rows
Parsed 60896/125664 rows
Parsed 60928/125664 rows
Parsed 60960/125664 rows
Parsed 60992/125664 rows
Parsed 61024/125664 rows
Parsed 61056/125664 rows
Parsed 61088/125664 rows
Parsed 61120/125664 rows
Parsed 61152/125664 rows
Parsed 61184/125664 rows
Parsed 61216/125664 rows
Parsed 61248/125664 rows
Parsed 61280/125664 rows
Parsed 61312/125664 rows
Parsed 61344/125664 rows
Parsed 61376/125664 rows
Parsed 61408/125664 rows
Parsed 61440/125664 rows
Parsed 61472/125664 rows
Parsed 61504/125664 rows
Parsed 61536/125664 rows
Parsed 61568/125664 rows
Parsed 61600/125664 rows
Parsed 61632/125664 rows
Parsed 61664/125664 rows
Parsed 61696/125664 rows
Parsed 61728/125664 rows
Parsed 61760/125664 rows
Parsed 61792/125664 rows
Parsed 61824/125664 rows
Parsed 61856/125664 rows
Parsed 61888/125664 rows
Parsed 61920/125664 rows
Parsed 61952/125664 rows
Parsed 61984/125664 rows
Parsed 62016/125664 rows
Parsed 62048/125664 rows
Parsed 62080/125664 rows
Parsed 62112/125664 rows
Parsed 62144/125664 rows
Parsed 62176/125664 rows
Parsed 62208/125664 rows
Parsed 62240/125664 rows
Parsed 62272/125664 rows
Parsed 62304/125664 rows
Parsed 62336/125664 rows
Parsed 62368/125664 rows
Parsed 62400/125664 rows
Parsed 62432/125664 rows
Parsed 62464/125664 rows
Parsed 62496/125664 rows
Parsed 62528/125664 rows
Parsed 62560/125664 rows
Parsed 62592/125664 rows
Parsed 62624/125664 rows
Parsed 62656/125664 rows
Parsed 62688/125664 rows
Parsed 62720/125664 rows
Parsed 62752/125664 rows
Parsed 62784/125664 rows
Parsed 62816/125664 rows
Parsed 62848/125664 rows
Parsed 62880/125664 rows
Parsed 62912/125664 rows
Parsed 62944/125664 rows
Parsed 62976/125664 rows
Parsed 63008/125664 rows
Parsed 63040/125664 rows
Parsed 63072/125664 rows
Parsed 63104/125664 rows
Parsed 63136/125664 rows
Parsed 63168/125664 rows
Parsed 63200/125664 rows
Parsed 63232/125664 rows
Parsed 63264/125664 rows
Parsed 63296/125664 rows
Parsed 63328/125664 rows
Parsed 63360/125664 rows
Parsed 63392/125664 rows
Parsed 63424/125664 rows
Parsed 63456/125664 rows
Parsed 63488/125664 rows
Parsed 63520/125664 rows
Parsed 63552/125664 rows
Parsed 63584/125664 rows
Parsed 63616/125664 rows
Parsed 63648/125664 rows
Parsed 63680/125664 rows
Parsed 63712/125664 rows
Parsed 63744/125664 rows
Parsed 63776/125664 rows
Parsed 63808/125664 rows
Parsed 63840/125664 rows
Parsed 63872/125664 rows
Parsed 63904/125664 rows
Parsed 63936/125664 rows
Parsed 63968/125664 rows
Parsed 64000/125664 rows
Parsed 64032/125664 rows
Parsed 64064/125664 rows
Parsed 64096/125664 rows
Parsed 64128/125664 rows
Parsed 64160/125664 rows
Parsed 64192/125664 rows
Parsed 64224/125664 rows
Parsed 64256/125664 rows
Parsed 64288/125664 rows
Parsed 64320/125664 rows
Parsed 64352/125664 rows
Parsed 64384/125664 rows
Parsed 64416/125664 rows
Parsed 64448/125664 rows
Parsed 64480/125664 rows
Parsed 64512/125664 rows
Parsed 64544/125664 rows
Parsed 64576/125664 rows
Parsed 64608/125664 rows
Parsed 64640/125664 rows
Parsed 64672/125664 rows
Parsed 64704/125664 rows
Parsed 64736/125664 rows
Parsed 64768/125664 rows
Parsed 64800/125664 rows
Parsed 64832/125664 rows
Parsed 64864/125664 rows
Parsed 64896/125664 rows
Parsed 64928/125664 rows
Parsed 64960/125664 rows
Parsed 64992/125664 rows
Parsed 65024/125664 rows
Parsed 65056/125664 rows
Parsed 65088/125664 rows
Parsed 65120/125664 rows
Parsed 65152/125664 rows
Parsed 65184/125664 rows
Parsed 65216/125664 rows
Parsed 65248/125664 rows
Parsed 65280/125664 rows
Parsed 65312/125664 rows
Parsed 65344/125664 rows
Parsed 65376/125664 rows
Parsed 65408/125664 rows
Parsed 65440/125664 rows
Parsed 65472/125664 rows
Parsed 65504/125664 rows
Parsed 65536/125664 rows
Parsed 65568/125664 rows
Parsed 65600/125664 rows
Parsed 65632/125664 rows
Parsed 65664/125664 rows
Parsed 65696/125664 rows
Parsed 65728/125664 rows
Parsed 65760/125664 rows
Parsed 65792/125664 rows
Parsed 65824/125664 rows
Parsed 65856/125664 rows
Parsed 65888/125664 rows
Parsed 65920/125664 rows
Parsed 65952/125664 rows
Parsed 65984/125664 rows
Parsed 66016/125664 rows
Parsed 66048/125664 rows
Parsed 66080/125664 rows
Parsed 66112/125664 rows
Parsed 66144/125664 rows
Parsed 66176/125664 rows
Parsed 66208/125664 rows
Parsed 66240/125664 rows
Parsed 66272/125664 rows
Parsed 66304/125664 rows
Parsed 66336/125664 rows
Parsed 66368/125664 rows
Parsed 66400/125664 rows
Parsed 66432/125664 rows
Parsed 66464/125664 rows
Parsed 66496/125664 rows
Parsed 66528/125664 rows
Parsed 66560/125664 rows
Parsed 66592/125664 rows
Parsed 66624/125664 rows
Parsed 66656/125664 rows
Parsed 66688/125664 rows
Parsed 66720/125664 rows
Parsed 66752/125664 rows
Parsed 66784/125664 rows
Parsed 66816/125664 rows
Parsed 66848/125664 rows
Parsed 66880/125664 rows
Parsed 66912/125664 rows
Parsed 66944/125664 rows
Parsed 66976/125664 rows
Parsed 67008/125664 rows
Parsed 67040/125664 rows
Parsed 67072/125664 rows
Parsed 67104/125664 rows
Parsed 67136/125664 rows
Parsed 67168/125664 rows
Parsed 67200/125664 rows
Parsed 67232/125664 rows
Parsed 67264/125664 rows
Parsed 67296/125664 rows
Parsed 67328/125664 rows
Parsed 67360/125664 rows
Parsed 67392/125664 rows
Parsed 67424/125664 rows
Parsed 67456/125664 rows
Parsed 67488/125664 rows
Parsed 67520/125664 rows
Parsed 67552/125664 rows
Parsed 67584/125664 rows
Parsed 67616/125664 rows
Parsed 67648/125664 rows
Parsed 67680/125664 rows
Parsed 67712/125664 rows
Parsed 67744/125664 rows
Parsed 67776/125664 rows
Parsed 67808/125664 rows
Parsed 67840/125664 rows
Parsed 67872/125664 rows
Parsed 67904/125664 rows
Parsed 67936/125664 rows
Parsed 67968/125664 rows
Parsed 68000/125664 rows
Parsed 68032/125664 rows
Parsed 68064/125664 rows
Parsed 68096/125664 rows
Parsed 68128/125664 rows
Parsed 68160/125664 rows
Parsed 68192/125664 rows
Parsed 68224/125664 rows
Parsed 68256/125664 rows
Parsed 68288/125664 rows
Parsed 68320/125664 rows
Parsed 68352/125664 rows
Parsed 68384/125664 rows
Parsed 68416/125664 rows
Parsed 68448/125664 rows
Parsed 68480/125664 rows
Parsed 68512/125664 rows
Parsed 68544/125664 rows
Parsed 68576/125664 rows
Parsed 68608/125664 rows
Parsed 68640/125664 rows
Parsed 68672/125664 rows
Parsed 68704/125664 rows
Parsed 68736/125664 rows
Parsed 68768/125664 rows
Parsed 68800/125664 rows
Parsed 68832/125664 rows
Parsed 68864/125664 rows
Parsed 68896/125664 rows
Parsed 68928/125664 rows
Parsed 68960/125664 rows
Parsed 68992/125664 rows
Parsed 69024/125664 rows
Parsed 69056/125664 rows
Parsed 69088/125664 rows
Parsed 69120/125664 rows
Parsed 69152/125664 rows
Parsed 69184/125664 rows
Parsed 69216/125664 rows
Parsed 69248/125664 rows
Parsed 69280/125664 rows
Parsed 69312/125664 rows
Parsed 69344/125664 rows
Parsed 69376/125664 rows
Parsed 69408/125664 rows
Parsed 69440/125664 rows
Parsed 69472/125664 rows
Parsed 69504/125664 rows
Parsed 69536/125664 rows
Parsed 69568/125664 rows
Parsed 69600/125664 rows
Parsed 69632/125664 rows
Parsed 69664/125664 rows
Parsed 69696/125664 rows
Parsed 69728/125664 rows
Parsed 69760/125664 rows
Parsed 69792/125664 rows
Parsed 69824/125664 rows
Parsed 69856/125664 rows
Parsed 69888/125664 rows
Parsed 69920/125664 rows
Parsed 69952/125664 rows
Parsed 69984/125664 rows
Parsed 70016/125664 rows
Parsed 70048/125664 rows
Parsed 70080/125664 rows
Parsed 70112/125664 rows
Parsed 70144/125664 rows
Parsed 70176/125664 rows
Parsed 70208/125664 rows
Parsed 70240/125664 rows
Parsed 70272/125664 rows
Parsed 70304/125664 rows
Parsed 70336/125664 rows
Parsed 70368/125664 rows
Parsed 70400/125664 rows
Parsed 70432/125664 rows
Parsed 70464/125664 rows
Parsed 70496/125664 rows
Parsed 70528/125664 rows
Parsed 70560/125664 rows
Parsed 70592/125664 rows
Parsed 70624/125664 rows
Parsed 70656/125664 rows
Parsed 70688/125664 rows
Parsed 70720/125664 rows
Parsed 70752/125664 rows
Parsed 70784/125664 rows
Parsed 70816/125664 rows
Parsed 70848/125664 rows
Parsed 70880/125664 rows
Parsed 70912/125664 rows
Parsed 70944/125664 rows
Parsed 70976/125664 rows
Parsed 71008/125664 rows
Parsed 71040/125664 rows
Parsed 71072/125664 rows
Parsed 71104/125664 rows
Parsed 71136/125664 rows
Parsed 71168/125664 rows
Parsed 71200/125664 rows
Parsed 71232/125664 rows
Parsed 71264/125664 rows
Parsed 71296/125664 rows
Parsed 71328/125664 rows
Parsed 71360/125664 rows
Parsed 71392/125664 rows
Parsed 71424/125664 rows
Parsed 71456/125664 rows
Parsed 71488/125664 rows
Parsed 71520/125664 rows
Parsed 71552/125664 rows
Parsed 71584/125664 rows
Parsed 71616/125664 rows
Parsed 71648/125664 rows
Parsed 71680/125664 rows
Parsed 71712/125664 rows
Parsed 71744/125664 rows
Parsed 71776/125664 rows
Parsed 71808/125664 rows
Parsed 71840/125664 rows
Parsed 71872/125664 rows
Parsed 71904/125664 rows
Parsed 71936/125664 rows
Parsed 71968/125664 rows
Parsed 72000/125664 rows
Parsed 72032/125664 rows
Parsed 72064/125664 rows
Parsed 72096/125664 rows
Parsed 72128/125664 rows
Parsed 72160/125664 rows
Parsed 72192/125664 rows
Parsed 72224/125664 rows
Parsed 72256/125664 rows
Parsed 72288/125664 rows
Parsed 72320/125664 rows
Parsed 72352/125664 rows
Parsed 72384/125664 rows
Parsed 72416/125664 rows
Parsed 72448/125664 rows
Parsed 72480/125664 rows
Parsed 72512/125664 rows
Parsed 72544/125664 rows
Parsed 72576/125664 rows
Parsed 72608/125664 rows
Parsed 72640/125664 rows
Parsed 72672/125664 rows
Parsed 72704/125664 rows
Parsed 72736/125664 rows
Parsed 72768/125664 rows
Parsed 72800/125664 rows
Parsed 72832/125664 rows
Parsed 72864/125664 rows
Parsed 72896/125664 rows
Parsed 72928/125664 rows
Parsed 72960/125664 rows
Parsed 72992/125664 rows
Parsed 73024/125664 rows
Parsed 73056/125664 rows
Parsed 73088/125664 rows
Parsed 73120/125664 rows
Parsed 73152/125664 rows
Parsed 73184/125664 rows
Parsed 73216/125664 rows
Parsed 73248/125664 rows
Parsed 73280/125664 rows
Parsed 73312/125664 rows
Parsed 73344/125664 rows
Parsed 73376/125664 rows
Parsed 73408/125664 rows
Parsed 73440/125664 rows
Parsed 73472/125664 rows
Parsed 73504/125664 rows
Parsed 73536/125664 rows
Parsed 73568/125664 rows
Parsed 73600/125664 rows
Parsed 73632/125664 rows
Parsed 73664/125664 rows
Parsed 73696/125664 rows
Parsed 73728/125664 rows
Parsed 73760/125664 rows
Parsed 73792/125664 rows
Parsed 73824/125664 rows
Parsed 73856/125664 rows
Parsed 73888/125664 rows
Parsed 73920/125664 rows
Parsed 73952/125664 rows
Parsed 73984/125664 rows
Parsed 74016/125664 rows
Parsed 74048/125664 rows
Parsed 74080/125664 rows
Parsed 74112/125664 rows
Parsed 74144/125664 rows
Parsed 74176/125664 rows
Parsed 74208/125664 rows
Parsed 74240/125664 rows
Parsed 74272/125664 rows
Parsed 74304/125664 rows
Parsed 74336/125664 rows
Parsed 74368/125664 rows
Parsed 74400/125664 rows
Parsed 74432/125664 rows
Parsed 74464/125664 rows
Parsed 74496/125664 rows
Parsed 74528/125664 rows
Parsed 74560/125664 rows
Parsed 74592/125664 rows
Parsed 74624/125664 rows
Parsed 74656/125664 rows
Parsed 74688/125664 rows
Parsed 74720/125664 rows
Parsed 74752/125664 rows
Parsed 74784/125664 rows
Parsed 74816/125664 rows
Parsed 74848/125664 rows
Parsed 74880/125664 rows
Parsed 74912/125664 rows
Parsed 74944/125664 rows
Parsed 74976/125664 rows
Parsed 75008/125664 rows
Parsed 75040/125664 rows
Parsed 75072/125664 rows
Parsed 75104/125664 rows
Parsed 75136/125664 rows
Parsed 75168/125664 rows
Parsed 75200/125664 rows
Parsed 75232/125664 rows
Parsed 75264/125664 rows
Parsed 75296/125664 rows
Parsed 75328/125664 rows
Parsed 75360/125664 rows
Parsed 75392/125664 rows
Parsed 75424/125664 rows
Parsed 75456/125664 rows
Parsed 75488/125664 rows
Parsed 75520/125664 rows
Parsed 75552/125664 rows
Parsed 75584/125664 rows
Parsed 75616/125664 rows
Parsed 75648/125664 rows
Parsed 75680/125664 rows
Parsed 75712/125664 rows
Parsed 75744/125664 rows
Parsed 75776/125664 rows
Parsed 75808/125664 rows
Parsed 75840/125664 rows
Parsed 75872/125664 rows
Parsed 75904/125664 rows
Parsed 75936/125664 rows
Parsed 75968/125664 rows
Parsed 76000/125664 rows
Parsed 76032/125664 rows
Parsed 76064/125664 rows
Parsed 76096/125664 rows
Parsed 76128/125664 rows
Parsed 76160/125664 rows
Parsed 76192/125664 rows
Parsed 76224/125664 rows
Parsed 76256/125664 rows
Parsed 76288/125664 rows
Parsed 76320/125664 rows
Parsed 76352/125664 rows
Parsed 76384/125664 rows
Parsed 76416/125664 rows
Parsed 76448/125664 rows
Parsed 76480/125664 rows
Parsed 76512/125664 rows
Parsed 76544/125664 rows
Parsed 76576/125664 rows
Parsed 76608/125664 rows
Parsed 76640/125664 rows
Parsed 76672/125664 rows
Parsed 76704/125664 rows
Parsed 76736/125664 rows
Parsed 76768/125664 rows
Parsed 76800/125664 rows
Parsed 76832/125664 rows
Parsed 76864/125664 rows
Parsed 76896/125664 rows
Parsed 76928/125664 rows
Parsed 76960/125664 rows
Parsed 76992/125664 rows
Parsed 77024/125664 rows
Parsed 77056/125664 rows
Parsed 77088/125664 rows
Parsed 77120/125664 rows
Parsed 77152/125664 rows
Parsed 77184/125664 rows
Parsed 77216/125664 rows
Parsed 77248/125664 rows
Parsed 77280/125664 rows
Parsed 77312/125664 rows
Parsed 77344/125664 rows
Parsed 77376/125664 rows
Parsed 77408/125664 rows
Parsed 77440/125664 rows
Parsed 77472/125664 rows
Parsed 77504/125664 rows
Parsed 77536/125664 rows
Parsed 77568/125664 rows
Parsed 77600/125664 rows
Parsed 77632/125664 rows
Parsed 77664/125664 rows
Parsed 77696/125664 rows
Parsed 77728/125664 rows
Parsed 77760/125664 rows
Parsed 77792/125664 rows
Parsed 77824/125664 rows
Parsed 77856/125664 rows
Parsed 77888/125664 rows
Parsed 77920/125664 rows
Parsed 77952/125664 rows
Parsed 77984/125664 rows
Parsed 78016/125664 rows
Parsed 78048/125664 rows
Parsed 78080/125664 rows
Parsed 78112/125664 rows
Parsed 78144/125664 rows
Parsed 78176/125664 rows
Parsed 78208/125664 rows
Parsed 78240/125664 rows
Parsed 78272/125664 rows
Parsed 78304/125664 rows
Parsed 78336/125664 rows
Parsed 78368/125664 rows
Parsed 78400/125664 rows
Parsed 78432/125664 rows
Parsed 78464/125664 rows
Parsed 78496/125664 rows
Parsed 78528/125664 rows
Parsed 78560/125664 rows
Parsed 78592/125664 rows
Parsed 78624/125664 rows
Parsed 78656/125664 rows
Parsed 78688/125664 rows
Parsed 78720/125664 rows
Parsed 78752/125664 rows
Parsed 78784/125664 rows
Parsed 78816/125664 rows
Parsed 78848/125664 rows
Parsed 78880/125664 rows
Parsed 78912/125664 rows
Parsed 78944/125664 rows
Parsed 78976/125664 rows
Parsed 79008/125664 rows
Parsed 79040/125664 rows
Parsed 79072/125664 rows
Parsed 79104/125664 rows
Parsed 79136/125664 rows
Parsed 79168/125664 rows
Parsed 79200/125664 rows
Parsed 79232/125664 rows
Parsed 79264/125664 rows
Parsed 79296/125664 rows
Parsed 79328/125664 rows
Parsed 79360/125664 rows
Parsed 79392/125664 rows
Parsed 79424/125664 rows
Parsed 79456/125664 rows
Parsed 79488/125664 rows
Parsed 79520/125664 rows
Parsed 79552/125664 rows
Parsed 79584/125664 rows
Parsed 79616/125664 rows
Parsed 79648/125664 rows
Parsed 79680/125664 rows
Parsed 79712/125664 rows
Parsed 79744/125664 rows
Parsed 79776/125664 rows
Parsed 79808/125664 rows
Parsed 79840/125664 rows
Parsed 79872/125664 rows
Parsed 79904/125664 rows
Parsed 79936/125664 rows
Parsed 79968/125664 rows
Parsed 80000/125664 rows
Parsed 80032/125664 rows
Parsed 80064/125664 rows
Parsed 80096/125664 rows
Parsed 80128/125664 rows
Parsed 80160/125664 rows
Parsed 80192/125664 rows
Parsed 80224/125664 rows
Parsed 80256/125664 rows
Parsed 80288/125664 rows
Parsed 80320/125664 rows
Parsed 80352/125664 rows
Parsed 80384/125664 rows
Parsed 80416/125664 rows
Parsed 80448/125664 rows
Parsed 80480/125664 rows
Parsed 80512/125664 rows
Parsed 80544/125664 rows
Parsed 80576/125664 rows
Parsed 80608/125664 rows
Parsed 80640/125664 rows
Parsed 80672/125664 rows
Parsed 80704/125664 rows
Parsed 80736/125664 rows
Parsed 80768/125664 rows
Parsed 80800/125664 rows
Parsed 80832/125664 rows
Parsed 80864/125664 rows
Parsed 80896/125664 rows
Parsed 80928/125664 rows
Parsed 80960/125664 rows
Parsed 80992/125664 rows
Parsed 81024/125664 rows
Parsed 81056/125664 rows
Parsed 81088/125664 rows
Parsed 81120/125664 rows
Parsed 81152/125664 rows
Parsed 81184/125664 rows
Parsed 81216/125664 rows
Parsed 81248/125664 rows
Parsed 81280/125664 rows
Parsed 81312/125664 rows
Parsed 81344/125664 rows
Parsed 81376/125664 rows
Parsed 81408/125664 rows
Parsed 81440/125664 rows
Parsed 81472/125664 rows
Parsed 81504/125664 rows
Parsed 81536/125664 rows
Parsed 81568/125664 rows
Parsed 81600/125664 rows
Parsed 81632/125664 rows
Parsed 81664/125664 rows
Parsed 81696/125664 rows
Parsed 81728/125664 rows
Parsed 81760/125664 rows
Parsed 81792/125664 rows
Parsed 81824/125664 rows
Parsed 81856/125664 rows
Parsed 81888/125664 rows
Parsed 81920/125664 rows
Parsed 81952/125664 rows
Parsed 81984/125664 rows
Parsed 82016/125664 rows
Parsed 82048/125664 rows
Parsed 82080/125664 rows
Parsed 82112/125664 rows
Parsed 82144/125664 rows
Parsed 82176/125664 rows
Parsed 82208/125664 rows
Parsed 82240/125664 rows
Parsed 82272/125664 rows
Parsed 82304/125664 rows
Parsed 82336/125664 rows
Parsed 82368/125664 rows
Parsed 82400/125664 rows
Parsed 82432/125664 rows
Parsed 82464/125664 rows
Parsed 82496/125664 rows
Parsed 82528/125664 rows
Parsed 82560/125664 rows
Parsed 82592/125664 rows
Parsed 82624/125664 rows
Parsed 82656/125664 rows
Parsed 82688/125664 rows
Parsed 82720/125664 rows
Parsed 82752/125664 rows
Parsed 82784/125664 rows
Parsed 82816/125664 rows
Parsed 82848/125664 rows
Parsed 82880/125664 rows
Parsed 82912/125664 rows
Parsed 82944/125664 rows
Parsed 82976/125664 rows
Parsed 83008/125664 rows
Parsed 83040/125664 rows
Parsed 83072/125664 rows
Parsed 83104/125664 rows
Parsed 83136/125664 rows
Parsed 83168/125664 rows
Parsed 83200/125664 rows
Parsed 83232/125664 rows
Parsed 83264/125664 rows
Parsed 83296/125664 rows
Parsed 83328/125664 rows
Parsed 83360/125664 rows
Parsed 83392/125664 rows
Parsed 83424/125664 rows
Parsed 83456/125664 rows
Parsed 83488/125664 rows
Parsed 83520/125664 rows
Parsed 83552/125664 rows
Parsed 83584/125664 rows
Parsed 83616/125664 rows
Parsed 83648/125664 rows
Parsed 83680/125664 rows
Parsed 83712/125664 rows
Parsed 83744/125664 rows
Parsed 83776/125664 rows
Parsed 83808/125664 rows
Parsed 83840/125664 rows
Parsed 83872/125664 rows
Parsed 83904/125664 rows
Parsed 83936/125664 rows
Parsed 83968/125664 rows
Parsed 84000/125664 rows
Parsed 84032/125664 rows
Parsed 84064/125664 rows
Parsed 84096/125664 rows
Parsed 84128/125664 rows
Parsed 84160/125664 rows
Parsed 84192/125664 rows
Parsed 84224/125664 rows
Parsed 84256/125664 rows
Parsed 84288/125664 rows
Parsed 84320/125664 rows
Parsed 84352/125664 rows
Parsed 84384/125664 rows
Parsed 84416/125664 rows
Parsed 84448/125664 rows
Parsed 84480/125664 rows
Parsed 84512/125664 rows
Parsed 84544/125664 rows
Parsed 84576/125664 rows
Parsed 84608/125664 rows
Parsed 84640/125664 rows
Parsed 84672/125664 rows
Parsed 84704/125664 rows
Parsed 84736/125664 rows
Parsed 84768/125664 rows
Parsed 84800/125664 rows
Parsed 84832/125664 rows
Parsed 84864/125664 rows
Parsed 84896/125664 rows
Parsed 84928/125664 rows
Parsed 84960/125664 rows
Parsed 84992/125664 rows
Parsed 85024/125664 rows
Parsed 85056/125664 rows
Parsed 85088/125664 rows
Parsed 85120/125664 rows
Parsed 85152/125664 rows
Parsed 85184/125664 rows
Parsed 85216/125664 rows
Parsed 85248/125664 rows
Parsed 85280/125664 rows
Parsed 85312/125664 rows
Parsed 85344/125664 rows
Parsed 85376/125664 rows
Parsed 85408/125664 rows
Parsed 85440/125664 rows
Parsed 85472/125664 rows
Parsed 85504/125664 rows
Parsed 85536/125664 rows
Parsed 85568/125664 rows
Parsed 85600/125664 rows
Parsed 85632/125664 rows
Parsed 85664/125664 rows
Parsed 85696/125664 rows
Parsed 85728/125664 rows
Parsed 85760/125664 rows
Parsed 85792/125664 rows
Parsed 85824/125664 rows
Parsed 85856/125664 rows
Parsed 85888/125664 rows
Parsed 85920/125664 rows
Parsed 85952/125664 rows
Parsed 85984/125664 rows
Parsed 86016/125664 rows
Parsed 86048/125664 rows
Parsed 86080/125664 rows
Parsed 86112/125664 rows
Parsed 86144/125664 rows
Parsed 86176/125664 rows
Parsed 86208/125664 rows
Parsed 86240/125664 rows
Parsed 86272/125664 rows
Parsed 86304/125664 rows
Parsed 86336/125664 rows
Parsed 86368/125664 rows
Parsed 86400/125664 rows
Parsed 86432/125664 rows
Parsed 86464/125664 rows
Parsed 86496/125664 rows
Parsed 86528/125664 rows
Parsed 86560/125664 rows
Parsed 86592/125664 rows
Parsed 86624/125664 rows
Parsed 86656/125664 rows
Parsed 86688/125664 rows
Parsed 86720/125664 rows
Parsed 86752/125664 rows
Parsed 86784/125664 rows
Parsed 86816/125664 rows
Parsed 86848/125664 rows
Parsed 86880/125664 rows
Parsed 86912/125664 rows
Parsed 86944/125664 rows
Parsed 86976/125664 rows
Parsed 87008/125664 rows
Parsed 87040/125664 rows
Parsed 87072/125664 rows
Parsed 87104/125664 rows
Parsed 87136/125664 rows
Parsed 87168/125664 rows
Parsed 87200/125664 rows
Parsed 87232/125664 rows
Parsed 87264/125664 rows
Parsed 87296/125664 rows
Parsed 87328/125664 rows
Parsed 87360/125664 rows
Parsed 87392/125664 rows
Parsed 87424/125664 rows
Parsed 87456/125664 rows
Parsed 87488/125664 rows
Parsed 87520/125664 rows
Parsed 87552/125664 rows
Parsed 87584/125664 rows
Parsed 87616/125664 rows
Parsed 87648/125664 rows
Parsed 87680/125664 rows
Parsed 87712/125664 rows
Parsed 87744/125664 rows
Parsed 87776/125664 rows
Parsed 87808/125664 rows
Parsed 87840/125664 rows
Parsed 87872/125664 rows
Parsed 87904/125664 rows
Parsed 87936/125664 rows
Parsed 87968/125664 rows
Parsed 88000/125664 rows
Parsed 88032/125664 rows
Parsed 88064/125664 rows
Parsed 88096/125664 rows
Parsed 88128/125664 rows
Parsed 88160/125664 rows
Parsed 88192/125664 rows
Parsed 88224/125664 rows
Parsed 88256/125664 rows
Parsed 88288/125664 rows
Parsed 88320/125664 rows
Parsed 88352/125664 rows
Parsed 88384/125664 rows
Parsed 88416/125664 rows
Parsed 88448/125664 rows
Parsed 88480/125664 rows
Parsed 88512/125664 rows
Parsed 88544/125664 rows
Parsed 88576/125664 rows
Parsed 88608/125664 rows
Parsed 88640/125664 rows
Parsed 88672/125664 rows
Parsed 88704/125664 rows
Parsed 88736/125664 rows
Parsed 88768/125664 rows
Parsed 88800/125664 rows
Parsed 88832/125664 rows
Parsed 88864/125664 rows
Parsed 88896/125664 rows
Parsed 88928/125664 rows
Parsed 88960/125664 rows
Parsed 88992/125664 rows
Parsed 89024/125664 rows
Parsed 89056/125664 rows
Parsed 89088/125664 rows
Parsed 89120/125664 rows
Parsed 89152/125664 rows
Parsed 89184/125664 rows
Parsed 89216/125664 rows
Parsed 89248/125664 rows
Parsed 89280/125664 rows
Parsed 89312/125664 rows
Parsed 89344/125664 rows
Parsed 89376/125664 rows
Parsed 89408/125664 rows
Parsed 89440/125664 rows
Parsed 89472/125664 rows
Parsed 89504/125664 rows
Parsed 89536/125664 rows
Parsed 89568/125664 rows
Parsed 89600/125664 rows
Parsed 89632/125664 rows
Parsed 89664/125664 rows
Parsed 89696/125664 rows
Parsed 89728/125664 rows
Parsed 89760/125664 rows
Parsed 89792/125664 rows
Parsed 89824/125664 rows
Parsed 89856/125664 rows
Parsed 89888/125664 rows
Parsed 89920/125664 rows
Parsed 89952/125664 rows
Parsed 89984/125664 rows
Parsed 90016/125664 rows
Parsed 90048/125664 rows
Parsed 90080/125664 rows
Parsed 90112/125664 rows
Parsed 90144/125664 rows
Parsed 90176/125664 rows
Parsed 90208/125664 rows
Parsed 90240/125664 rows
Parsed 90272/125664 rows
Parsed 90304/125664 rows
Parsed 90336/125664 rows
Parsed 90368/125664 rows
Parsed 90400/125664 rows
Parsed 90432/125664 rows
Parsed 90464/125664 rows
Parsed 90496/125664 rows
Parsed 90528/125664 rows
Parsed 90560/125664 rows
Parsed 90592/125664 rows
Parsed 90624/125664 rows
Parsed 90656/125664 rows
Parsed 90688/125664 rows
Parsed 90720/125664 rows
Parsed 90752/125664 rows
Parsed 90784/125664 rows
Parsed 90816/125664 rows
Parsed 90848/125664 rows
Parsed 90880/125664 rows
Parsed 90912/125664 rows
Parsed 90944/125664 rows
Parsed 90976/125664 rows
Parsed 91008/125664 rows
Parsed 91040/125664 rows
Parsed 91072/125664 rows
Parsed 91104/125664 rows
Parsed 91136/125664 rows
Parsed 91168/125664 rows
Parsed 91200/125664 rows
Parsed 91232/125664 rows
Parsed 91264/125664 rows
Parsed 91296/125664 rows
Parsed 91328/125664 rows
Parsed 91360/125664 rows
Parsed 91392/125664 rows
Parsed 91424/125664 rows
Parsed 91456/125664 rows
Parsed 91488/125664 rows
Parsed 91520/125664 rows
Parsed 91552/125664 rows
Parsed 91584/125664 rows
Parsed 91616/125664 rows
Parsed 91648/125664 rows
Parsed 91680/125664 rows
Parsed 91712/125664 rows
Parsed 91744/125664 rows
Parsed 91776/125664 rows
Parsed 91808/125664 rows
Parsed 91840/125664 rows
Parsed 91872/125664 rows
Parsed 91904/125664 rows
Parsed 91936/125664 rows
Parsed 91968/125664 rows
Parsed 92000/125664 rows
Parsed 92032/125664 rows
Parsed 92064/125664 rows
Parsed 92096/125664 rows
Parsed 92128/125664 rows
Parsed 92160/125664 rows
Parsed 92192/125664 rows
Parsed 92224/125664 rows
Parsed 92256/125664 rows
Parsed 92288/125664 rows
Parsed 92320/125664 rows
Parsed 92352/125664 rows
Parsed 92384/125664 rows
Parsed 92416/125664 rows
Parsed 92448/125664 rows
Parsed 92480/125664 rows
Parsed 92512/125664 rows
Parsed 92544/125664 rows
Parsed 92576/125664 rows
Parsed 92608/125664 rows
Parsed 92640/125664 rows
Parsed 92672/125664 rows
Parsed 92704/125664 rows
Parsed 92736/125664 rows
Parsed 92768/125664 rows
Parsed 92800/125664 rows
Parsed 92832/125664 rows
Parsed 92864/125664 rows
Parsed 92896/125664 rows
Parsed 92928/125664 rows
Parsed 92960/125664 rows
Parsed 92992/125664 rows
Parsed 93024/125664 rows
Parsed 93056/125664 rows
Parsed 93088/125664 rows
Parsed 93120/125664 rows
Parsed 93152/125664 rows
Parsed 93184/125664 rows
Parsed 93216/125664 rows
Parsed 93248/125664 rows
Parsed 93280/125664 rows
Parsed 93312/125664 rows
Parsed 93344/125664 rows
Parsed 93376/125664 rows
Parsed 93408/125664 rows
Parsed 93440/125664 rows
Parsed 93472/125664 rows
Parsed 93504/125664 rows
Parsed 93536/125664 rows
Parsed 93568/125664 rows
Parsed 93600/125664 rows
Parsed 93632/125664 rows
Parsed 93664/125664 rows
Parsed 93696/125664 rows
Parsed 93728/125664 rows
Parsed 93760/125664 rows
Parsed 93792/125664 rows
Parsed 93824/125664 rows
Parsed 93856/125664 rows
Parsed 93888/125664 rows
Parsed 93920/125664 rows
Parsed 93952/125664 rows
Parsed 93984/125664 rows
Parsed 94016/125664 rows
Parsed 94048/125664 rows
Parsed 94080/125664 rows
Parsed 94112/125664 rows
Parsed 94144/125664 rows
Parsed 94176/125664 rows
Parsed 94208/125664 rows
Parsed 94240/125664 rows
Parsed 94272/125664 rows
Parsed 94304/125664 rows
Parsed 94336/125664 rows
Parsed 94368/125664 rows
Parsed 94400/125664 rows
Parsed 94432/125664 rows
Parsed 94464/125664 rows
Parsed 94496/125664 rows
Parsed 94528/125664 rows
Parsed 94560/125664 rows
Parsed 94592/125664 rows
Parsed 94624/125664 rows
Parsed 94656/125664 rows
Parsed 94688/125664 rows
Parsed 94720/125664 rows
Parsed 94752/125664 rows
Parsed 94784/125664 rows
Parsed 94816/125664 rows
Parsed 94848/125664 rows
Parsed 94880/125664 rows
Parsed 94912/125664 rows
Parsed 94944/125664 rows
Parsed 94976/125664 rows
Parsed 95008/125664 rows
Parsed 95040/125664 rows
Parsed 95072/125664 rows
Parsed 95104/125664 rows
Parsed 95136/125664 rows
Parsed 95168/125664 rows
Parsed 95200/125664 rows
Parsed 95232/125664 rows
Parsed 95264/125664 rows
Parsed 95296/125664 rows
Parsed 95328/125664 rows
Parsed 95360/125664 rows
Parsed 95392/125664 rows
Parsed 95424/125664 rows
Parsed 95456/125664 rows
Parsed 95488/125664 rows
Parsed 95520/125664 rows
Parsed 95552/125664 rows
Parsed 95584/125664 rows
Parsed 95616/125664 rows
Parsed 95648/125664 rows
Parsed 95680/125664 rows
Parsed 95712/125664 rows
Parsed 95744/125664 rows
Parsed 95776/125664 rows
Parsed 95808/125664 rows
Parsed 95840/125664 rows
Parsed 95872/125664 rows
Parsed 95904/125664 rows
Parsed 95936/125664 rows
Parsed 95968/125664 rows
Parsed 96000/125664 rows
Parsed 96032/125664 rows
Parsed 96064/125664 rows
Parsed 96096/125664 rows
Parsed 96128/125664 rows
Parsed 96160/125664 rows
Parsed 96192/125664 rows
Parsed 96224/125664 rows
Parsed 96256/125664 rows
Parsed 96288/125664 rows
Parsed 96320/125664 rows
Parsed 96352/125664 rows
Parsed 96384/125664 rows
Parsed 96416/125664 rows
Parsed 96448/125664 rows
Parsed 96480/125664 rows
Parsed 96512/125664 rows
Parsed 96544/125664 rows
Parsed 96576/125664 rows
Parsed 96608/125664 rows
Parsed 96640/125664 rows
Parsed 96672/125664 rows
Parsed 96704/125664 rows
Parsed 96736/125664 rows
Parsed 96768/125664 rows
Parsed 96800/125664 rows
Parsed 96832/125664 rows
Parsed 96864/125664 rows
Parsed 96896/125664 rows
Parsed 96928/125664 rows
Parsed 96960/125664 rows
Parsed 96992/125664 rows
Parsed 97024/125664 rows
Parsed 97056/125664 rows
Parsed 97088/125664 rows
Parsed 97120/125664 rows
Parsed 97152/125664 rows
Parsed 97184/125664 rows
Parsed 97216/125664 rows
Parsed 97248/125664 rows
Parsed 97280/125664 rows
Parsed 97312/125664 rows
Parsed 97344/125664 rows
Parsed 97376/125664 rows
Parsed 97408/125664 rows
Parsed 97440/125664 rows
Parsed 97472/125664 rows
Parsed 97504/125664 rows
Parsed 97536/125664 rows
Parsed 97568/125664 rows
Parsed 97600/125664 rows
Parsed 97632/125664 rows
Parsed 97664/125664 rows
Parsed 97696/125664 rows
Parsed 97728/125664 rows
Parsed 97760/125664 rows
Parsed 97792/125664 rows
Parsed 97824/125664 rows
Parsed 97856/125664 rows
Parsed 97888/125664 rows
Parsed 97920/125664 rows
Parsed 97952/125664 rows
Parsed 97984/125664 rows
Parsed 98016/125664 rows
Parsed 98048/125664 rows
Parsed 98080/125664 rows
Parsed 98112/125664 rows
Parsed 98144/125664 rows
Parsed 98176/125664 rows
Parsed 98208/125664 rows
Parsed 98240/125664 rows
Parsed 98272/125664 rows
Parsed 98304/125664 rows
Parsed 98336/125664 rows
Parsed 98368/125664 rows
Parsed 98400/125664 rows
Parsed 98432/125664 rows
Parsed 98464/125664 rows
Parsed 98496/125664 rows
Parsed 98528/125664 rows
Parsed 98560/125664 rows
Parsed 98592/125664 rows
Parsed 98624/125664 rows
Parsed 98656/125664 rows
Parsed 98688/125664 rows
Parsed 98720/125664 rows
Parsed 98752/125664 rows
Parsed 98784/125664 rows
Parsed 98816/125664 rows
Parsed 98848/125664 rows
Parsed 98880/125664 rows
Parsed 98912/125664 rows
Parsed 98944/125664 rows
Parsed 98976/125664 rows
Parsed 99008/125664 rows
Parsed 99040/125664 rows
Parsed 99072/125664 rows
Parsed 99104/125664 rows
Parsed 99136/125664 rows
Parsed 99168/125664 rows
Parsed 99200/125664 rows
Parsed 99232/125664 rows
Parsed 99264/125664 rows
Parsed 99296/125664 rows
Parsed 99328/125664 rows
Parsed 99360/125664 rows
Parsed 99392/125664 rows
Parsed 99424/125664 rows
Parsed 99456/125664 rows
Parsed 99488/125664 rows
Parsed 99520/125664 rows
Parsed 99552/125664 rows
Parsed 99584/125664 rows
Parsed 99616/125664 rows
Parsed 99648/125664 rows
Parsed 99680/125664 rows
Parsed 99712/125664 rows
Parsed 99744/125664 rows
Parsed 99776/125664 rows
Parsed 99808/125664 rows
Parsed 99840/125664 rows
Parsed 99872/125664 rows
Parsed 99904/125664 rows
Parsed 99936/125664 rows
Parsed 99968/125664 rows
Parsed 100000/125664 rows
Parsed 100032/125664 rows
Parsed 100064/125664 rows
Parsed 100096/125664 rows
Parsed 100128/125664 rows
Parsed 100160/125664 rows
Parsed 100192/125664 rows
Parsed 100224/125664 rows
Parsed 100256/125664 rows
Parsed 100288/125664 rows
Parsed 100320/125664 rows
Parsed 100352/125664 rows
Parsed 100384/125664 rows
Parsed 100416/125664 rows
Parsed 100448/125664 rows
Parsed 100480/125664 rows
Parsed 100512/125664 rows
Parsed 100544/125664 rows
Parsed 100576/125664 rows
Parsed 100608/125664 rows
Parsed 100640/125664 rows
Parsed 100672/125664 rows
Parsed 100704/125664 rows
Parsed 100736/125664 rows
Parsed 100768/125664 rows
Parsed 100800/125664 rows
Parsed 100832/125664 rows
Parsed 100864/125664 rows
Parsed 100896/125664 rows
Parsed 100928/125664 rows
Parsed 100960/125664 rows
Parsed 100992/125664 rows
Parsed 101024/125664 rows
Parsed 101056/125664 rows
Parsed 101088/125664 rows
Parsed 101120/125664 rows
Parsed 101152/125664 rows
Parsed 101184/125664 rows
Parsed 101216/125664 rows
Parsed 101248/125664 rows
Parsed 101280/125664 rows
Parsed 101312/125664 rows
Parsed 101344/125664 rows
Parsed 101376/125664 rows
Parsed 101408/125664 rows
Parsed 101440/125664 rows
Parsed 101472/125664 rows
Parsed 101504/125664 rows
Parsed 101536/125664 rows
Parsed 101568/125664 rows
Parsed 101600/125664 rows
Parsed 101632/125664 rows
Parsed 101664/125664 rows
Parsed 101696/125664 rows
Parsed 101728/125664 rows
Parsed 101760/125664 rows
Parsed 101792/125664 rows
Parsed 101824/125664 rows
Parsed 101856/125664 rows
Parsed 101888/125664 rows
Parsed 101920/125664 rows
Parsed 101952/125664 rows
Parsed 101984/125664 rows
Parsed 102016/125664 rows
Parsed 102048/125664 rows
Parsed 102080/125664 rows
Parsed 102112/125664 rows
Parsed 102144/125664 rows
Parsed 102176/125664 rows
Parsed 102208/125664 rows
Parsed 102240/125664 rows
Parsed 102272/125664 rows
Parsed 102304/125664 rows
Parsed 102336/125664 rows
Parsed 102368/125664 rows
Parsed 102400/125664 rows
Parsed 102432/125664 rows
Parsed 102464/125664 rows
Parsed 102496/125664 rows
Parsed 102528/125664 rows
Parsed 102560/125664 rows
Parsed 102592/125664 rows
Parsed 102624/125664 rows
Parsed 102656/125664 rows
Parsed 102688/125664 rows
Parsed 102720/125664 rows
Parsed 102752/125664 rows
Parsed 102784/125664 rows
Parsed 102816/125664 rows
Parsed 102848/125664 rows
Parsed 102880/125664 rows
Parsed 102912/125664 rows
Parsed 102944/125664 rows
Parsed 102976/125664 rows
Parsed 103008/125664 rows
Parsed 103040/125664 rows
Parsed 103072/125664 rows
Parsed 103104/125664 rows
Parsed 103136/125664 rows
Parsed 103168/125664 rows
Parsed 103200/125664 rows
Parsed 103232/125664 rows
Parsed 103264/125664 rows
Parsed 103296/125664 rows
Parsed 103328/125664 rows
Parsed 103360/125664 rows
Parsed 103392/125664 rows
Parsed 103424/125664 rows
Parsed 103456/125664 rows
Parsed 103488/125664 rows
Parsed 103520/125664 rows
Parsed 103552/125664 rows
Parsed 103584/125664 rows
Parsed 103616/125664 rows
Parsed 103648/125664 rows
Parsed 103680/125664 rows
Parsed 103712/125664 rows
Parsed 103744/125664 rows
Parsed 103776/125664 rows
Parsed 103808/125664 rows
Parsed 103840/125664 rows
Parsed 103872/125664 rows
Parsed 103904/125664 rows
Parsed 103936/125664 rows
Parsed 103968/125664 rows
Parsed 104000/125664 rows
Parsed 104032/125664 rows
Parsed 104064/125664 rows
Parsed 104096/125664 rows
Parsed 104128/125664 rows
Parsed 104160/125664 rows
Parsed 104192/125664 rows
Parsed 104224/125664 rows
Parsed 104256/125664 rows
Parsed 104288/125664 rows
Parsed 104320/125664 rows
Parsed 104352/125664 rows
Parsed 104384/125664 rows
Parsed 104416/125664 rows
Parsed 104448/125664 rows
Parsed 104480/125664 rows
Parsed 104512/125664 rows
Parsed 104544/125664 rows
Parsed 104576/125664 rows
Parsed 104608/125664 rows
Parsed 104640/125664 rows
Parsed 104672/125664 rows
Parsed 104704/125664 rows
Parsed 104736/125664 rows
Parsed 104768/125664 rows
Parsed 104800/125664 rows
Parsed 104832/125664 rows
Parsed 104864/125664 rows
Parsed 104896/125664 rows
Parsed 104928/125664 rows
Parsed 104960/125664 rows
Parsed 104992/125664 rows
Parsed 105024/125664 rows
Parsed 105056/125664 rows
Parsed 105088/125664 rows
Parsed 105120/125664 rows
Parsed 105152/125664 rows
Parsed 105184/125664 rows
Parsed 105216/125664 rows
Parsed 105248/125664 rows
Parsed 105280/125664 rows
Parsed 105312/125664 rows
Parsed 105344/125664 rows
Parsed 105376/125664 rows
Parsed 105408/125664 rows
Parsed 105440/125664 rows
Parsed 105472/125664 rows
Parsed 105504/125664 rows
Parsed 105536/125664 rows
Parsed 105568/125664 rows
Parsed 105600/125664 rows
Parsed 105632/125664 rows
Parsed 105664/125664 rows
Parsed 105696/125664 rows
Parsed 105728/125664 rows
Parsed 105760/125664 rows
Parsed 105792/125664 rows
Parsed 105824/125664 rows
Parsed 105856/125664 rows
Parsed 105888/125664 rows
Parsed 105920/125664 rows
Parsed 105952/125664 rows
Parsed 105984/125664 rows
Parsed 106016/125664 rows
Parsed 106048/125664 rows
Parsed 106080/125664 rows
Parsed 106112/125664 rows
Parsed 106144/125664 rows
Parsed 106176/125664 rows
Parsed 106208/125664 rows
Parsed 106240/125664 rows
Parsed 106272/125664 rows
Parsed 106304/125664 rows
Parsed 106336/125664 rows
Parsed 106368/125664 rows
Parsed 106400/125664 rows
Parsed 106432/125664 rows
Parsed 106464/125664 rows
Parsed 106496/125664 rows
Parsed 106528/125664 rows
Parsed 106560/125664 rows
Parsed 106592/125664 rows
Parsed 106624/125664 rows
Parsed 106656/125664 rows
Parsed 106688/125664 rows
Parsed 106720/125664 rows
Parsed 106752/125664 rows
Parsed 106784/125664 rows
Parsed 106816/125664 rows
Parsed 106848/125664 rows
Parsed 106880/125664 rows
Parsed 106912/125664 rows
Parsed 106944/125664 rows
Parsed 106976/125664 rows
Parsed 107008/125664 rows
Parsed 107040/125664 rows
Parsed 107072/125664 rows
Parsed 107104/125664 rows
Parsed 107136/125664 rows
Parsed 107168/125664 rows
Parsed 107200/125664 rows
Parsed 107232/125664 rows
Parsed 107264/125664 rows
Parsed 107296/125664 rows
Parsed 107328/125664 rows
Parsed 107360/125664 rows
Parsed 107392/125664 rows
Parsed 107424/125664 rows
Parsed 107456/125664 rows
Parsed 107488/125664 rows
Parsed 107520/125664 rows
Parsed 107552/125664 rows
Parsed 107584/125664 rows
Parsed 107616/125664 rows
Parsed 107648/125664 rows
Parsed 107680/125664 rows
Parsed 107712/125664 rows
Parsed 107744/125664 rows
Parsed 107776/125664 rows
Parsed 107808/125664 rows
Parsed 107840/125664 rows
Parsed 107872/125664 rows
Parsed 107904/125664 rows
Parsed 107936/125664 rows
Parsed 107968/125664 rows
Parsed 108000/125664 rows
Parsed 108032/125664 rows
Parsed 108064/125664 rows
Parsed 108096/125664 rows
Parsed 108128/125664 rows
Parsed 108160/125664 rows
Parsed 108192/125664 rows
Parsed 108224/125664 rows
Parsed 108256/125664 rows
Parsed 108288/125664 rows
Parsed 108320/125664 rows
Parsed 108352/125664 rows
Parsed 108384/125664 rows
Parsed 108416/125664 rows
Parsed 108448/125664 rows
Parsed 108480/125664 rows
Parsed 108512/125664 rows
Parsed 108544/125664 rows
Parsed 108576/125664 rows
Parsed 108608/125664 rows
Parsed 108640/125664 rows
Parsed 108672/125664 rows
Parsed 108704/125664 rows
Parsed 108736/125664 rows
Parsed 108768/125664 rows
Parsed 108800/125664 rows
Parsed 108832/125664 rows
Parsed 108864/125664 rows
Parsed 108896/125664 rows
Parsed 108928/125664 rows
Parsed 108960/125664 rows
Parsed 108992/125664 rows
Parsed 109024/125664 rows
Parsed 109056/125664 rows
Parsed 109088/125664 rows
Parsed 109120/125664 rows
Parsed 109152/125664 rows
Parsed 109184/125664 rows
Parsed 109216/125664 rows
Parsed 109248/125664 rows
Parsed 109280/125664 rows
Parsed 109312/125664 rows
Parsed 109344/125664 rows
Parsed 109376/125664 rows
Parsed 109408/125664 rows
Parsed 109440/125664 rows
Parsed 109472/125664 rows
Parsed 109504/125664 rows
Parsed 109536/125664 rows
Parsed 109568/125664 rows
Parsed 109600/125664 rows
Parsed 109632/125664 rows
Parsed 109664/125664 rows
Parsed 109696/125664 rows
Parsed 109728/125664 rows
Parsed 109760/125664 rows
Parsed 109792/125664 rows
Parsed 109824/125664 rows
Parsed 109856/125664 rows
Parsed 109888/125664 rows
Parsed 109920/125664 rows
Parsed 109952/125664 rows
Parsed 109984/125664 rows
Parsed 110016/125664 rows
Parsed 110048/125664 rows
Parsed 110080/125664 rows
Parsed 110112/125664 rows
Parsed 110144/125664 rows
Parsed 110176/125664 rows
Parsed 110208/125664 rows
Parsed 110240/125664 rows
Parsed 110272/125664 rows
Parsed 110304/125664 rows
Parsed 110336/125664 rows
Parsed 110368/125664 rows
Parsed 110400/125664 rows
Parsed 110432/125664 rows
Parsed 110464/125664 rows
Parsed 110496/125664 rows
Parsed 110528/125664 rows
Parsed 110560/125664 rows
Parsed 110592/125664 rows
Parsed 110624/125664 rows
Parsed 110656/125664 rows
Parsed 110688/125664 rows
Parsed 110720/125664 rows
Parsed 110752/125664 rows
Parsed 110784/125664 rows
Parsed 110816/125664 rows
Parsed 110848/125664 rows
Parsed 110880/125664 rows
Parsed 110912/125664 rows
Parsed 110944/125664 rows
Parsed 110976/125664 rows
Parsed 111008/125664 rows
Parsed 111040/125664 rows
Parsed 111072/125664 rows
Parsed 111104/125664 rows
Parsed 111136/125664 rows
Parsed 111168/125664 rows
Parsed 111200/125664 rows
Parsed 111232/125664 rows
Parsed 111264/125664 rows
Parsed 111296/125664 rows
Parsed 111328/125664 rows
Parsed 111360/125664 rows
Parsed 111392/125664 rows
Parsed 111424/125664 rows
Parsed 111456/125664 rows
Parsed 111488/125664 rows
Parsed 111520/125664 rows
Parsed 111552/125664 rows
Parsed 111584/125664 rows
Parsed 111616/125664 rows
Parsed 111648/125664 rows
Parsed 111680/125664 rows
Parsed 111712/125664 rows
Parsed 111744/125664 rows
Parsed 111776/125664 rows
Parsed 111808/125664 rows
Parsed 111840/125664 rows
Parsed 111872/125664 rows
Parsed 111904/125664 rows
Parsed 111936/125664 rows
Parsed 111968/125664 rows
Parsed 112000/125664 rows
Parsed 112032/125664 rows
Parsed 112064/125664 rows
Parsed 112096/125664 rows
Parsed 112128/125664 rows
Parsed 112160/125664 rows
Parsed 112192/125664 rows
Parsed 112224/125664 rows
Parsed 112256/125664 rows
Parsed 112288/125664 rows
Parsed 112320/125664 rows
Parsed 112352/125664 rows
Parsed 112384/125664 rows
Parsed 112416/125664 rows
Parsed 112448/125664 rows
Parsed 112480/125664 rows
Parsed 112512/125664 rows
Parsed 112544/125664 rows
Parsed 112576/125664 rows
Parsed 112608/125664 rows
Parsed 112640/125664 rows
Parsed 112672/125664 rows
Parsed 112704/125664 rows
Parsed 112736/125664 rows
Parsed 112768/125664 rows
Parsed 112800/125664 rows
Parsed 112832/125664 rows
Parsed 112864/125664 rows
Parsed 112896/125664 rows
Parsed 112928/125664 rows
Parsed 112960/125664 rows
Parsed 112992/125664 rows
Parsed 113024/125664 rows
Parsed 113056/125664 rows
Parsed 113088/125664 rows
Parsed 113120/125664 rows
Parsed 113152/125664 rows
Parsed 113184/125664 rows
Parsed 113216/125664 rows
Parsed 113248/125664 rows
Parsed 113280/125664 rows
Parsed 113312/125664 rows
Parsed 113344/125664 rows
Parsed 113376/125664 rows
Parsed 113408/125664 rows
Parsed 113440/125664 rows
Parsed 113472/125664 rows
Parsed 113504/125664 rows
Parsed 113536/125664 rows
Parsed 113568/125664 rows
Parsed 113600/125664 rows
Parsed 113632/125664 rows
Parsed 113664/125664 rows
Parsed 113696/125664 rows
Parsed 113728/125664 rows
Parsed 113760/125664 rows
Parsed 113792/125664 rows
Parsed 113824/125664 rows
Parsed 113856/125664 rows
Parsed 113888/125664 rows
Parsed 113920/125664 rows
Parsed 113952/125664 rows
Parsed 113984/125664 rows
Parsed 114016/125664 rows
Parsed 114048/125664 rows
Parsed 114080/125664 rows
Parsed 114112/125664 rows
Parsed 114144/125664 rows
Parsed 114176/125664 rows
Parsed 114208/125664 rows
Parsed 114240/125664 rows
Parsed 114272/125664 rows
Parsed 114304/125664 rows
Parsed 114336/125664 rows
Parsed 114368/125664 rows
Parsed 114400/125664 rows
Parsed 114432/125664 rows
Parsed 114464/125664 rows
Parsed 114496/125664 rows
Parsed 114528/125664 rows
Parsed 114560/125664 rows
Parsed 114592/125664 rows
Parsed 114624/125664 rows
Parsed 114656/125664 rows
Parsed 114688/125664 rows
Parsed 114720/125664 rows
Parsed 114752/125664 rows
Parsed 114784/125664 rows
Parsed 114816/125664 rows
Parsed 114848/125664 rows
Parsed 114880/125664 rows
Parsed 114912/125664 rows
Parsed 114944/125664 rows
Parsed 114976/125664 rows
Parsed 115008/125664 rows
Parsed 115040/125664 rows
Parsed 115072/125664 rows
Parsed 115104/125664 rows
Parsed 115136/125664 rows
Parsed 115168/125664 rows
Parsed 115200/125664 rows
Parsed 115232/125664 rows
Parsed 115264/125664 rows
Parsed 115296/125664 rows
Parsed 115328/125664 rows
Parsed 115360/125664 rows
Parsed 115392/125664 rows
Parsed 115424/125664 rows
Parsed 115456/125664 rows
Parsed 115488/125664 rows
Parsed 115520/125664 rows
Parsed 115552/125664 rows
Parsed 115584/125664 rows
Parsed 115616/125664 rows
Parsed 115648/125664 rows
Parsed 115680/125664 rows
Parsed 115712/125664 rows
Parsed 115744/125664 rows
Parsed 115776/125664 rows
Parsed 115808/125664 rows
Parsed 115840/125664 rows
Parsed 115872/125664 rows
Parsed 115904/125664 rows
Parsed 115936/125664 rows
Parsed 115968/125664 rows
Parsed 116000/125664 rows
Parsed 116032/125664 rows
Parsed 116064/125664 rows
Parsed 116096/125664 rows
Parsed 116128/125664 rows
Parsed 116160/125664 rows
Parsed 116192/125664 rows
Parsed 116224/125664 rows
Parsed 116256/125664 rows
Parsed 116288/125664 rows
Parsed 116320/125664 rows
Parsed 116352/125664 rows
Parsed 116384/125664 rows
Parsed 116416/125664 rows
Parsed 116448/125664 rows
Parsed 116480/125664 rows
Parsed 116512/125664 rows
Parsed 116544/125664 rows
Parsed 116576/125664 rows
Parsed 116608/125664 rows
Parsed 116640/125664 rows
Parsed 116672/125664 rows
Parsed 116704/125664 rows
Parsed 116736/125664 rows
Parsed 116768/125664 rows
Parsed 116800/125664 rows
Parsed 116832/125664 rows
Parsed 116864/125664 rows
Parsed 116896/125664 rows
Parsed 116928/125664 rows
Parsed 116960/125664 rows
Parsed 116992/125664 rows
Parsed 117024/125664 rows
Parsed 117056/125664 rows
Parsed 117088/125664 rows
Parsed 117120/125664 rows
Parsed 117152/125664 rows
Parsed 117184/125664 rows
Parsed 117216/125664 rows
Parsed 117248/125664 rows
Parsed 117280/125664 rows
Parsed 117312/125664 rows
Parsed 117344/125664 rows
Parsed 117376/125664 rows
Parsed 117408/125664 rows
Parsed 117440/125664 rows
Parsed 117472/125664 rows
Parsed 117504/125664 rows
Parsed 117536/125664 rows
Parsed 117568/125664 rows
Parsed 117600/125664 rows
Parsed 117632/125664 rows
Parsed 117664/125664 rows
Parsed 117696/125664 rows
Parsed 117728/125664 rows
Parsed 117760/125664 rows
Parsed 117792/125664 rows
Parsed 117824/125664 rows
Parsed 117856/125664 rows
Parsed 117888/125664 rows
Parsed 117920/125664 rows
Parsed 117952/125664 rows
Parsed 117984/125664 rows
Parsed 118016/125664 rows
Parsed 118048/125664 rows
Parsed 118080/125664 rows
Parsed 118112/125664 rows
Parsed 118144/125664 rows
Parsed 118176/125664 rows
Parsed 118208/125664 rows
Parsed 118240/125664 rows
Parsed 118272/125664 rows
Parsed 118304/125664 rows
Parsed 118336/125664 rows
Parsed 118368/125664 rows
Parsed 118400/125664 rows
Parsed 118432/125664 rows
Parsed 118464/125664 rows
Parsed 118496/125664 rows
Parsed 118528/125664 rows
Parsed 118560/125664 rows
Parsed 118592/125664 rows
Parsed 118624/125664 rows
Parsed 118656/125664 rows
Parsed 118688/125664 rows
Parsed 118720/125664 rows
Parsed 118752/125664 rows
Parsed 118784/125664 rows
Parsed 118816/125664 rows
Parsed 118848/125664 rows
Parsed 118880/125664 rows
Parsed 118912/125664 rows
Parsed 118944/125664 rows
Parsed 118976/125664 rows
Parsed 119008/125664 rows
Parsed 119040/125664 rows
Parsed 119072/125664 rows
Parsed 119104/125664 rows
Parsed 119136/125664 rows
Parsed 119168/125664 rows
Parsed 119200/125664 rows
Parsed 119232/125664 rows
Parsed 119264/125664 rows
Parsed 119296/125664 rows
Parsed 119328/125664 rows
Parsed 119360/125664 rows
Parsed 119392/125664 rows
Parsed 119424/125664 rows
Parsed 119456/125664 rows
Parsed 119488/125664 rows
Parsed 119520/125664 rows
Parsed 119552/125664 rows
Parsed 119584/125664 rows
Parsed 119616/125664 rows
Parsed 119648/125664 rows
Parsed 119680/125664 rows
Parsed 119712/125664 rows
Parsed 119744/125664 rows
Parsed 119776/125664 rows
Parsed 119808/125664 rows
Parsed 119840/125664 rows
Parsed 119872/125664 rows
Parsed 119904/125664 rows
Parsed 119936/125664 rows
Parsed 119968/125664 rows
Parsed 120000/125664 rows
Parsed 120032/125664 rows
Parsed 120064/125664 rows
Parsed 120096/125664 rows
Parsed 120128/125664 rows
Parsed 120160/125664 rows
Parsed 120192/125664 rows
Parsed 120224/125664 rows
Parsed 120256/125664 rows
Parsed 120288/125664 rows
Parsed 120320/125664 rows
Parsed 120352/125664 rows
Parsed 120384/125664 rows
Parsed 120416/125664 rows
Parsed 120448/125664 rows
Parsed 120480/125664 rows
Parsed 120512/125664 rows
Parsed 120544/125664 rows
Parsed 120576/125664 rows
Parsed 120608/125664 rows
Parsed 120640/125664 rows
Parsed 120672/125664 rows
Parsed 120704/125664 rows
Parsed 120736/125664 rows
Parsed 120768/125664 rows
Parsed 120800/125664 rows
Parsed 120832/125664 rows
Parsed 120864/125664 rows
Parsed 120896/125664 rows
Parsed 120928/125664 rows
Parsed 120960/125664 rows
Parsed 120992/125664 rows
Parsed 121024/125664 rows
Parsed 121056/125664 rows
Parsed 121088/125664 rows
Parsed 121120/125664 rows
Parsed 121152/125664 rows
Parsed 121184/125664 rows
Parsed 121216/125664 rows
Parsed 121248/125664 rows
Parsed 121280/125664 rows
Parsed 121312/125664 rows
Parsed 121344/125664 rows
Parsed 121376/125664 rows
Parsed 121408/125664 rows
Parsed 121440/125664 rows
Parsed 121472/125664 rows
Parsed 121504/125664 rows
Parsed 121536/125664 rows
Parsed 121568/125664 rows
Parsed 121600/125664 rows
Parsed 121632/125664 rows
Parsed 121664/125664 rows
Parsed 121696/125664 rows
Parsed 121728/125664 rows
Parsed 121760/125664 rows
Parsed 121792/125664 rows
Parsed 121824/125664 rows
Parsed 121856/125664 rows
Parsed 121888/125664 rows
Parsed 121920/125664 rows
Parsed 121952/125664 rows
Parsed 121984/125664 rows
Parsed 122016/125664 rows
Parsed 122048/125664 rows
Parsed 122080/125664 rows
Parsed 122112/125664 rows
Parsed 122144/125664 rows
Parsed 122176/125664 rows
Parsed 122208/125664 rows
Parsed 122240/125664 rows
Parsed 122272/125664 rows
Parsed 122304/125664 rows
Parsed 122336/125664 rows
Parsed 122368/125664 rows
Parsed 122400/125664 rows
Parsed 122432/125664 rows
Parsed 122464/125664 rows
Parsed 122496/125664 rows
Parsed 122528/125664 rows
Parsed 122560/125664 rows
Parsed 122592/125664 rows
Parsed 122624/125664 rows
Parsed 122656/125664 rows
Parsed 122688/125664 rows
Parsed 122720/125664 rows
Parsed 122752/125664 rows
Parsed 122784/125664 rows
Parsed 122816/125664 rows
Parsed 122848/125664 rows
Parsed 122880/125664 rows
Parsed 122912/125664 rows
Parsed 122944/125664 rows
Parsed 122976/125664 rows
Parsed 123008/125664 rows
Parsed 123040/125664 rows
Parsed 123072/125664 rows
Parsed 123104/125664 rows
Parsed 123136/125664 rows
Parsed 123168/125664 rows
Parsed 123200/125664 rows
Parsed 123232/125664 rows
Parsed 123264/125664 rows
Parsed 123296/125664 rows
Parsed 123328/125664 rows
Parsed 123360/125664 rows
Parsed 123392/125664 rows
Parsed 123424/125664 rows
Parsed 123456/125664 rows
Parsed 123488/125664 rows
Parsed 123520/125664 rows
Parsed 123552/125664 rows
Parsed 123584/125664 rows
Parsed 123616/125664 rows
Parsed 123648/125664 rows
Parsed 123680/125664 rows
Parsed 123712/125664 rows
Parsed 123744/125664 rows
Parsed 123776/125664 rows
Parsed 123808/125664 rows
Parsed 123840/125664 rows
Parsed 123872/125664 rows
Parsed 123904/125664 rows
Parsed 123936/125664 rows
Parsed 123968/125664 rows
Parsed 124000/125664 rows
Parsed 124032/125664 rows
Parsed 124064/125664 rows
Parsed 124096/125664 rows
Parsed 124128/125664 rows
Parsed 124160/125664 rows
Parsed 124192/125664 rows
Parsed 124224/125664 rows
Parsed 124256/125664 rows
Parsed 124288/125664 rows
Parsed 124320/125664 rows
Parsed 124352/125664 rows
Parsed 124384/125664 rows
Parsed 124416/125664 rows
Parsed 124448/125664 rows
Parsed 124480/125664 rows
Parsed 124512/125664 rows
Parsed 124544/125664 rows
Parsed 124576/125664 rows
Parsed 124608/125664 rows
Parsed 124640/125664 rows
Parsed 124672/125664 rows
Parsed 124704/125664 rows
Parsed 124736/125664 rows
Parsed 124768/125664 rows
Parsed 124800/125664 rows
Parsed 124832/125664 rows
Parsed 124864/125664 rows
Parsed 124896/125664 rows
Parsed 124928/125664 rows
Parsed 124960/125664 rows
Parsed 124992/125664 rows
Parsed 125024/125664 rows
Parsed 125056/125664 rows
Parsed 125088/125664 rows
Parsed 125120/125664 rows
Parsed 125152/125664 rows
Parsed 125184/125664 rows
Parsed 125216/125664 rows
Parsed 125248/125664 rows
Parsed 125280/125664 rows
Parsed 125312/125664 rows
Parsed 125344/125664 rows
Parsed 125376/125664 rows
Parsed 125408/125664 rows
Parsed 125440/125664 rows
Parsed 125472/125664 rows
Parsed 125504/125664 rows
Parsed 125536/125664 rows
Parsed 125568/125664 rows
Parsed 125600/125664 rows
Parsed 125632/125664 rows
Parsed 125664/125664 rows
Saved parsed results to: /projects/simlai1/Viberank/data/VibeRank/raw/hmls/TAYVISPDAT/rc_responses/AIES_tayvispdat_llama7_NewFixedLoggerRun1SeedFixed_parsed.csv

IN : /projects/simlai1/Viberank/data/VibeRank/raw/hmls/TAYVISPDAT/rc_responses/AIES_tayvispdat_qwen_NewFixedLoggerRun1SeedFixed.jsonl
OUT: /projects/simlai1/Viberank/data/VibeRank/raw/hmls/TAYVISPDAT/rc_responses/AIES_tayvispdat_qwen_NewFixedLoggerRun1SeedFixed_parsed.csv

Parsing
/projects/simlai1/Viberank/data/VibeRank/raw/hmls/TAYVISPDAT/rc_responses/AIES_tayvispdat_qwen_NewFixedLoggerRun1SeedFixed.jsonl
Loaded 125664 response rows
Parsed 32/125664 rows
Parsed 64/125664 rows
Parsed 96/125664 rows
Parsed 128/125664 rows
Parsed 160/125664 rows
Parsed 192/125664 rows
Parsed 224/125664 rows
Parsed 256/125664 rows
Parsed 288/125664 rows
Parsed 320/125664 rows
Parsed 352/125664 rows
Parsed 384/125664 rows
Parsed 416/125664 rows
Parsed 448/125664 rows
Parsed 480/125664 rows
Parsed 512/125664 rows
Parsed 544/125664 rows
Parsed 576/125664 rows
Parsed 608/125664 rows
Parsed 640/125664 rows
Parsed 672/125664 rows
Parsed 704/125664 rows
Parsed 736/125664 rows
Parsed 768/125664 rows
Parsed 800/125664 rows
Parsed 832/125664 rows
Parsed 864/125664 rows
Parsed 896/125664 rows
Parsed 928/125664 rows
Parsed 960/125664 rows
Parsed 992/125664 rows
Parsed 1024/125664 rows
Parsed 1056/125664 rows
Parsed 1088/125664 rows
Parsed 1120/125664 rows
Parsed 1152/125664 rows
Parsed 1184/125664 rows
Parsed 1216/125664 rows
Parsed 1248/125664 rows
Parsed 1280/125664 rows
Parsed 1312/125664 rows
Parsed 1344/125664 rows
Parsed 1376/125664 rows
Parsed 1408/125664 rows
Parsed 1440/125664 rows
Parsed 1472/125664 rows
Parsed 1504/125664 rows
Parsed 1536/125664 rows
Parsed 1568/125664 rows
Parsed 1600/125664 rows
Parsed 1632/125664 rows
Parsed 1664/125664 rows
Parsed 1696/125664 rows
Parsed 1728/125664 rows
Parsed 1760/125664 rows
Parsed 1792/125664 rows
Parsed 1824/125664 rows
Parsed 1856/125664 rows
Parsed 1888/125664 rows
Parsed 1920/125664 rows
Parsed 1952/125664 rows
Parsed 1984/125664 rows
Parsed 2016/125664 rows
Parsed 2048/125664 rows
Parsed 2080/125664 rows
Parsed 2112/125664 rows
Parsed 2144/125664 rows
Parsed 2176/125664 rows
Parsed 2208/125664 rows
Parsed 2240/125664 rows
Parsed 2272/125664 rows
Parsed 2304/125664 rows
Parsed 2336/125664 rows
Parsed 2368/125664 rows
Parsed 2400/125664 rows
Parsed 2432/125664 rows
Parsed 2464/125664 rows
Parsed 2496/125664 rows
Parsed 2528/125664 rows
Parsed 2560/125664 rows
Parsed 2592/125664 rows
Parsed 2624/125664 rows
Parsed 2656/125664 rows
Parsed 2688/125664 rows
Parsed 2720/125664 rows
Parsed 2752/125664 rows
Parsed 2784/125664 rows
Parsed 2816/125664 rows
Parsed 2848/125664 rows
Parsed 2880/125664 rows
Parsed 2912/125664 rows
Parsed 2944/125664 rows
Parsed 2976/125664 rows
Parsed 3008/125664 rows
Parsed 3040/125664 rows
Parsed 3072/125664 rows
Parsed 3104/125664 rows
Parsed 3136/125664 rows
Parsed 3168/125664 rows
Parsed 3200/125664 rows
Parsed 3232/125664 rows
Parsed 3264/125664 rows
Parsed 3296/125664 rows
Parsed 3328/125664 rows
Parsed 3360/125664 rows
Parsed 3392/125664 rows
Parsed 3424/125664 rows
Parsed 3456/125664 rows
Parsed 3488/125664 rows
Parsed 3520/125664 rows
Parsed 3552/125664 rows
Parsed 3584/125664 rows
Parsed 3616/125664 rows
Parsed 3648/125664 rows
Parsed 3680/125664 rows
Parsed 3712/125664 rows
Parsed 3744/125664 rows
Parsed 3776/125664 rows
Parsed 3808/125664 rows
Parsed 3840/125664 rows
Parsed 3872/125664 rows
Parsed 3904/125664 rows
Parsed 3936/125664 rows
Parsed 3968/125664 rows
Parsed 4000/125664 rows
Parsed 4032/125664 rows
Parsed 4064/125664 rows
Parsed 4096/125664 rows
Parsed 4128/125664 rows
Parsed 4160/125664 rows
Parsed 4192/125664 rows
Parsed 4224/125664 rows
Parsed 4256/125664 rows
Parsed 4288/125664 rows
Parsed 4320/125664 rows
Parsed 4352/125664 rows
Parsed 4384/125664 rows
Parsed 4416/125664 rows
Parsed 4448/125664 rows
Parsed 4480/125664 rows
Parsed 4512/125664 rows
Parsed 4544/125664 rows
Parsed 4576/125664 rows
Parsed 4608/125664 rows
Parsed 4640/125664 rows
Parsed 4672/125664 rows
Parsed 4704/125664 rows
Parsed 4736/125664 rows
Parsed 4768/125664 rows
Parsed 4800/125664 rows
Parsed 4832/125664 rows
Parsed 4864/125664 rows
Parsed 4896/125664 rows
Parsed 4928/125664 rows
Parsed 4960/125664 rows
Parsed 4992/125664 rows
Parsed 5024/125664 rows
Parsed 5056/125664 rows
Parsed 5088/125664 rows
Parsed 5120/125664 rows
Parsed 5152/125664 rows
Parsed 5184/125664 rows
Parsed 5216/125664 rows
Parsed 5248/125664 rows
Parsed 5280/125664 rows
Parsed 5312/125664 rows
Parsed 5344/125664 rows
Parsed 5376/125664 rows
Parsed 5408/125664 rows
Parsed 5440/125664 rows
Parsed 5472/125664 rows
Parsed 5504/125664 rows
Parsed 5536/125664 rows
Parsed 5568/125664 rows
Parsed 5600/125664 rows
Parsed 5632/125664 rows
Parsed 5664/125664 rows
Parsed 5696/125664 rows
Parsed 5728/125664 rows
Parsed 5760/125664 rows
Parsed 5792/125664 rows
Parsed 5824/125664 rows
Parsed 5856/125664 rows
Parsed 5888/125664 rows
Parsed 5920/125664 rows
Parsed 5952/125664 rows
Parsed 5984/125664 rows
Parsed 6016/125664 rows
Parsed 6048/125664 rows
Parsed 6080/125664 rows
Parsed 6112/125664 rows
Parsed 6144/125664 rows
Parsed 6176/125664 rows
Parsed 6208/125664 rows
Parsed 6240/125664 rows
Parsed 6272/125664 rows
Parsed 6304/125664 rows
Parsed 6336/125664 rows
Parsed 6368/125664 rows
Parsed 6400/125664 rows
Parsed 6432/125664 rows
Parsed 6464/125664 rows
Parsed 6496/125664 rows
Parsed 6528/125664 rows
Parsed 6560/125664 rows
Parsed 6592/125664 rows
Parsed 6624/125664 rows
Parsed 6656/125664 rows
Parsed 6688/125664 rows
Parsed 6720/125664 rows
Parsed 6752/125664 rows
Parsed 6784/125664 rows
Parsed 6816/125664 rows
Parsed 6848/125664 rows
Parsed 6880/125664 rows
Parsed 6912/125664 rows
Parsed 6944/125664 rows
Parsed 6976/125664 rows
Parsed 7008/125664 rows
Parsed 7040/125664 rows
Parsed 7072/125664 rows
Parsed 7104/125664 rows
Parsed 7136/125664 rows
Parsed 7168/125664 rows
Parsed 7200/125664 rows
Parsed 7232/125664 rows
Parsed 7264/125664 rows
Parsed 7296/125664 rows
Parsed 7328/125664 rows
Parsed 7360/125664 rows
Parsed 7392/125664 rows
Parsed 7424/125664 rows
Parsed 7456/125664 rows
Parsed 7488/125664 rows
Parsed 7520/125664 rows
Parsed 7552/125664 rows
Parsed 7584/125664 rows
Parsed 7616/125664 rows
Parsed 7648/125664 rows
Parsed 7680/125664 rows
Parsed 7712/125664 rows
Parsed 7744/125664 rows
Parsed 7776/125664 rows
Parsed 7808/125664 rows
Parsed 7840/125664 rows
Parsed 7872/125664 rows
Parsed 7904/125664 rows
Parsed 7936/125664 rows
Parsed 7968/125664 rows
Parsed 8000/125664 rows
Parsed 8032/125664 rows
Parsed 8064/125664 rows
Parsed 8096/125664 rows
Parsed 8128/125664 rows
Parsed 8160/125664 rows
Parsed 8192/125664 rows
Parsed 8224/125664 rows
Parsed 8256/125664 rows
Parsed 8288/125664 rows
Parsed 8320/125664 rows
Parsed 8352/125664 rows
Parsed 8384/125664 rows
Parsed 8416/125664 rows
Parsed 8448/125664 rows
Parsed 8480/125664 rows
Parsed 8512/125664 rows
Parsed 8544/125664 rows
Parsed 8576/125664 rows
Parsed 8608/125664 rows
Parsed 8640/125664 rows
Parsed 8672/125664 rows
Parsed 8704/125664 rows
Parsed 8736/125664 rows
Parsed 8768/125664 rows
Parsed 8800/125664 rows
Parsed 8832/125664 rows
Parsed 8864/125664 rows
Parsed 8896/125664 rows
Parsed 8928/125664 rows
Parsed 8960/125664 rows
Parsed 8992/125664 rows
Parsed 9024/125664 rows
Parsed 9056/125664 rows
Parsed 9088/125664 rows
Parsed 9120/125664 rows
Parsed 9152/125664 rows
Parsed 9184/125664 rows
Parsed 9216/125664 rows
Parsed 9248/125664 rows
Parsed 9280/125664 rows
Parsed 9312/125664 rows
Parsed 9344/125664 rows
Parsed 9376/125664 rows
Parsed 9408/125664 rows
Parsed 9440/125664 rows
Parsed 9472/125664 rows
Parsed 9504/125664 rows
Parsed 9536/125664 rows
Parsed 9568/125664 rows
Parsed 9600/125664 rows
Parsed 9632/125664 rows
Parsed 9664/125664 rows
Parsed 9696/125664 rows
Parsed 9728/125664 rows
Parsed 9760/125664 rows
Parsed 9792/125664 rows
Parsed 9824/125664 rows
Parsed 9856/125664 rows
Parsed 9888/125664 rows
Parsed 9920/125664 rows
Parsed 9952/125664 rows
Parsed 9984/125664 rows
Parsed 10016/125664 rows
Parsed 10048/125664 rows
Parsed 10080/125664 rows
Parsed 10112/125664 rows
Parsed 10144/125664 rows
Parsed 10176/125664 rows
Parsed 10208/125664 rows
Parsed 10240/125664 rows
Parsed 10272/125664 rows
Parsed 10304/125664 rows
Parsed 10336/125664 rows
Parsed 10368/125664 rows
Parsed 10400/125664 rows
Parsed 10432/125664 rows
Parsed 10464/125664 rows
Parsed 10496/125664 rows
Parsed 10528/125664 rows
Parsed 10560/125664 rows
Parsed 10592/125664 rows
Parsed 10624/125664 rows
Parsed 10656/125664 rows
Parsed 10688/125664 rows
Parsed 10720/125664 rows
Parsed 10752/125664 rows
Parsed 10784/125664 rows
Parsed 10816/125664 rows
Parsed 10848/125664 rows
Parsed 10880/125664 rows
Parsed 10912/125664 rows
Parsed 10944/125664 rows
Parsed 10976/125664 rows
Parsed 11008/125664 rows
Parsed 11040/125664 rows
Parsed 11072/125664 rows
Parsed 11104/125664 rows
Parsed 11136/125664 rows
Parsed 11168/125664 rows
Parsed 11200/125664 rows
Parsed 11232/125664 rows
Parsed 11264/125664 rows
Parsed 11296/125664 rows
Parsed 11328/125664 rows
Parsed 11360/125664 rows
Parsed 11392/125664 rows
Parsed 11424/125664 rows
Parsed 11456/125664 rows
Parsed 11488/125664 rows
Parsed 11520/125664 rows
Parsed 11552/125664 rows
Parsed 11584/125664 rows
Parsed 11616/125664 rows
Parsed 11648/125664 rows
Parsed 11680/125664 rows
Parsed 11712/125664 rows
Parsed 11744/125664 rows
Parsed 11776/125664 rows
Parsed 11808/125664 rows
Parsed 11840/125664 rows
Parsed 11872/125664 rows
Parsed 11904/125664 rows
Parsed 11936/125664 rows
Parsed 11968/125664 rows
Parsed 12000/125664 rows
Parsed 12032/125664 rows
Parsed 12064/125664 rows
Parsed 12096/125664 rows
Parsed 12128/125664 rows
Parsed 12160/125664 rows
Parsed 12192/125664 rows
Parsed 12224/125664 rows
Parsed 12256/125664 rows
Parsed 12288/125664 rows
Parsed 12320/125664 rows
Parsed 12352/125664 rows
Parsed 12384/125664 rows
Parsed 12416/125664 rows
Parsed 12448/125664 rows
Parsed 12480/125664 rows
Parsed 12512/125664 rows
Parsed 12544/125664 rows
Parsed 12576/125664 rows
Parsed 12608/125664 rows
Parsed 12640/125664 rows
Parsed 12672/125664 rows
Parsed 12704/125664 rows
Parsed 12736/125664 rows
Parsed 12768/125664 rows
Parsed 12800/125664 rows
Parsed 12832/125664 rows
Parsed 12864/125664 rows
Parsed 12896/125664 rows
Parsed 12928/125664 rows
Parsed 12960/125664 rows
Parsed 12992/125664 rows
Parsed 13024/125664 rows
Parsed 13056/125664 rows
Parsed 13088/125664 rows
Parsed 13120/125664 rows
Parsed 13152/125664 rows
Parsed 13184/125664 rows
Parsed 13216/125664 rows
Parsed 13248/125664 rows
Parsed 13280/125664 rows
Parsed 13312/125664 rows
Parsed 13344/125664 rows
Parsed 13376/125664 rows
Parsed 13408/125664 rows
Parsed 13440/125664 rows
Parsed 13472/125664 rows
Parsed 13504/125664 rows
Parsed 13536/125664 rows
Parsed 13568/125664 rows
Parsed 13600/125664 rows
Parsed 13632/125664 rows
Parsed 13664/125664 rows
Parsed 13696/125664 rows
Parsed 13728/125664 rows
Parsed 13760/125664 rows
Parsed 13792/125664 rows
Parsed 13824/125664 rows
Parsed 13856/125664 rows
Parsed 13888/125664 rows
Parsed 13920/125664 rows
Parsed 13952/125664 rows
Parsed 13984/125664 rows
Parsed 14016/125664 rows
Parsed 14048/125664 rows
Parsed 14080/125664 rows
Parsed 14112/125664 rows
Parsed 14144/125664 rows
Parsed 14176/125664 rows
Parsed 14208/125664 rows
Parsed 14240/125664 rows
Parsed 14272/125664 rows
Parsed 14304/125664 rows
Parsed 14336/125664 rows
Parsed 14368/125664 rows
Parsed 14400/125664 rows
Parsed 14432/125664 rows
Parsed 14464/125664 rows
Parsed 14496/125664 rows
Parsed 14528/125664 rows
Parsed 14560/125664 rows
Parsed 14592/125664 rows
Parsed 14624/125664 rows
Parsed 14656/125664 rows
Parsed 14688/125664 rows
Parsed 14720/125664 rows
Parsed 14752/125664 rows
Parsed 14784/125664 rows
Parsed 14816/125664 rows
Parsed 14848/125664 rows
Parsed 14880/125664 rows
Parsed 14912/125664 rows
Parsed 14944/125664 rows
Parsed 14976/125664 rows
Parsed 15008/125664 rows
Parsed 15040/125664 rows
Parsed 15072/125664 rows
Parsed 15104/125664 rows
Parsed 15136/125664 rows
Parsed 15168/125664 rows
Parsed 15200/125664 rows
Parsed 15232/125664 rows
Parsed 15264/125664 rows
Parsed 15296/125664 rows
Parsed 15328/125664 rows
Parsed 15360/125664 rows
Parsed 15392/125664 rows
Parsed 15424/125664 rows
Parsed 15456/125664 rows
Parsed 15488/125664 rows
Parsed 15520/125664 rows
Parsed 15552/125664 rows
Parsed 15584/125664 rows
Parsed 15616/125664 rows
Parsed 15648/125664 rows
Parsed 15680/125664 rows
Parsed 15712/125664 rows
Parsed 15744/125664 rows
Parsed 15776/125664 rows
Parsed 15808/125664 rows
Parsed 15840/125664 rows
Parsed 15872/125664 rows
Parsed 15904/125664 rows
Parsed 15936/125664 rows
Parsed 15968/125664 rows
Parsed 16000/125664 rows
Parsed 16032/125664 rows
Parsed 16064/125664 rows
Parsed 16096/125664 rows
Parsed 16128/125664 rows
Parsed 16160/125664 rows
Parsed 16192/125664 rows
Parsed 16224/125664 rows
Parsed 16256/125664 rows
Parsed 16288/125664 rows
Parsed 16320/125664 rows
Parsed 16352/125664 rows
Parsed 16384/125664 rows
Parsed 16416/125664 rows
Parsed 16448/125664 rows
Parsed 16480/125664 rows
Parsed 16512/125664 rows
Parsed 16544/125664 rows
Parsed 16576/125664 rows
Parsed 16608/125664 rows
Parsed 16640/125664 rows
Parsed 16672/125664 rows
Parsed 16704/125664 rows
Parsed 16736/125664 rows
Parsed 16768/125664 rows
Parsed 16800/125664 rows
Parsed 16832/125664 rows
Parsed 16864/125664 rows
Parsed 16896/125664 rows
Parsed 16928/125664 rows
Parsed 16960/125664 rows
Parsed 16992/125664 rows
Parsed 17024/125664 rows
Parsed 17056/125664 rows
Parsed 17088/125664 rows
Parsed 17120/125664 rows
Parsed 17152/125664 rows
Parsed 17184/125664 rows
Parsed 17216/125664 rows
Parsed 17248/125664 rows
Parsed 17280/125664 rows
Parsed 17312/125664 rows
Parsed 17344/125664 rows
Parsed 17376/125664 rows
Parsed 17408/125664 rows
Parsed 17440/125664 rows
Parsed 17472/125664 rows
Parsed 17504/125664 rows
Parsed 17536/125664 rows
Parsed 17568/125664 rows
Parsed 17600/125664 rows
Parsed 17632/125664 rows
Parsed 17664/125664 rows
Parsed 17696/125664 rows
Parsed 17728/125664 rows
Parsed 17760/125664 rows
Parsed 17792/125664 rows
Parsed 17824/125664 rows
Parsed 17856/125664 rows
Parsed 17888/125664 rows
Parsed 17920/125664 rows
Parsed 17952/125664 rows
Parsed 17984/125664 rows
Parsed 18016/125664 rows
Parsed 18048/125664 rows
Parsed 18080/125664 rows
Parsed 18112/125664 rows
Parsed 18144/125664 rows
Parsed 18176/125664 rows
Parsed 18208/125664 rows
Parsed 18240/125664 rows
Parsed 18272/125664 rows
Parsed 18304/125664 rows
Parsed 18336/125664 rows
Parsed 18368/125664 rows
Parsed 18400/125664 rows
Parsed 18432/125664 rows
Parsed 18464/125664 rows
Parsed 18496/125664 rows
Parsed 18528/125664 rows
Parsed 18560/125664 rows
Parsed 18592/125664 rows
Parsed 18624/125664 rows
Parsed 18656/125664 rows
Parsed 18688/125664 rows
Parsed 18720/125664 rows
Parsed 18752/125664 rows
Parsed 18784/125664 rows
Parsed 18816/125664 rows
Parsed 18848/125664 rows
Parsed 18880/125664 rows
Parsed 18912/125664 rows
Parsed 18944/125664 rows
Parsed 18976/125664 rows
Parsed 19008/125664 rows
Parsed 19040/125664 rows
Parsed 19072/125664 rows
Parsed 19104/125664 rows
Parsed 19136/125664 rows
Parsed 19168/125664 rows
Parsed 19200/125664 rows
Parsed 19232/125664 rows
Parsed 19264/125664 rows
Parsed 19296/125664 rows
Parsed 19328/125664 rows
Parsed 19360/125664 rows
Parsed 19392/125664 rows
Parsed 19424/125664 rows
Parsed 19456/125664 rows
Parsed 19488/125664 rows
Parsed 19520/125664 rows
Parsed 19552/125664 rows
Parsed 19584/125664 rows
Parsed 19616/125664 rows
Parsed 19648/125664 rows
Parsed 19680/125664 rows
Parsed 19712/125664 rows
Parsed 19744/125664 rows
Parsed 19776/125664 rows
Parsed 19808/125664 rows
Parsed 19840/125664 rows
Parsed 19872/125664 rows
Parsed 19904/125664 rows
Parsed 19936/125664 rows
Parsed 19968/125664 rows
Parsed 20000/125664 rows
Parsed 20032/125664 rows
Parsed 20064/125664 rows
Parsed 20096/125664 rows
Parsed 20128/125664 rows
Parsed 20160/125664 rows
Parsed 20192/125664 rows
Parsed 20224/125664 rows
Parsed 20256/125664 rows
Parsed 20288/125664 rows
Parsed 20320/125664 rows
Parsed 20352/125664 rows
Parsed 20384/125664 rows
Parsed 20416/125664 rows
Parsed 20448/125664 rows
Parsed 20480/125664 rows
Parsed 20512/125664 rows
Parsed 20544/125664 rows
Parsed 20576/125664 rows
Parsed 20608/125664 rows
Parsed 20640/125664 rows
Parsed 20672/125664 rows
Parsed 20704/125664 rows
Parsed 20736/125664 rows
Parsed 20768/125664 rows
Parsed 20800/125664 rows
Parsed 20832/125664 rows
Parsed 20864/125664 rows
Parsed 20896/125664 rows
Parsed 20928/125664 rows
Parsed 20960/125664 rows
Parsed 20992/125664 rows
Parsed 21024/125664 rows
Parsed 21056/125664 rows
Parsed 21088/125664 rows
Parsed 21120/125664 rows
Parsed 21152/125664 rows
Parsed 21184/125664 rows
Parsed 21216/125664 rows
Parsed 21248/125664 rows
Parsed 21280/125664 rows
Parsed 21312/125664 rows
Parsed 21344/125664 rows
Parsed 21376/125664 rows
Parsed 21408/125664 rows
Parsed 21440/125664 rows
Parsed 21472/125664 rows
Parsed 21504/125664 rows
Parsed 21536/125664 rows
Parsed 21568/125664 rows
Parsed 21600/125664 rows
Parsed 21632/125664 rows
Parsed 21664/125664 rows
Parsed 21696/125664 rows
Parsed 21728/125664 rows
Parsed 21760/125664 rows
Parsed 21792/125664 rows
Parsed 21824/125664 rows
Parsed 21856/125664 rows
Parsed 21888/125664 rows
Parsed 21920/125664 rows
Parsed 21952/125664 rows
Parsed 21984/125664 rows
Parsed 22016/125664 rows
Parsed 22048/125664 rows
Parsed 22080/125664 rows
Parsed 22112/125664 rows
Parsed 22144/125664 rows
Parsed 22176/125664 rows
Parsed 22208/125664 rows
Parsed 22240/125664 rows
Parsed 22272/125664 rows
Parsed 22304/125664 rows
Parsed 22336/125664 rows
Parsed 22368/125664 rows
Parsed 22400/125664 rows
Parsed 22432/125664 rows
Parsed 22464/125664 rows
Parsed 22496/125664 rows
Parsed 22528/125664 rows
Parsed 22560/125664 rows
Parsed 22592/125664 rows
Parsed 22624/125664 rows
Parsed 22656/125664 rows
Parsed 22688/125664 rows
Parsed 22720/125664 rows
Parsed 22752/125664 rows
Parsed 22784/125664 rows
Parsed 22816/125664 rows
Parsed 22848/125664 rows
Parsed 22880/125664 rows
Parsed 22912/125664 rows
Parsed 22944/125664 rows
Parsed 22976/125664 rows
Parsed 23008/125664 rows
Parsed 23040/125664 rows
Parsed 23072/125664 rows
Parsed 23104/125664 rows
Parsed 23136/125664 rows
Parsed 23168/125664 rows
Parsed 23200/125664 rows
Parsed 23232/125664 rows
Parsed 23264/125664 rows
Parsed 23296/125664 rows
Parsed 23328/125664 rows
Parsed 23360/125664 rows
Parsed 23392/125664 rows
Parsed 23424/125664 rows
Parsed 23456/125664 rows
Parsed 23488/125664 rows
Parsed 23520/125664 rows
Parsed 23552/125664 rows
Parsed 23584/125664 rows
Parsed 23616/125664 rows
Parsed 23648/125664 rows
Parsed 23680/125664 rows
Parsed 23712/125664 rows
Parsed 23744/125664 rows
Parsed 23776/125664 rows
Parsed 23808/125664 rows
Parsed 23840/125664 rows
Parsed 23872/125664 rows
Parsed 23904/125664 rows
Parsed 23936/125664 rows
Parsed 23968/125664 rows
Parsed 24000/125664 rows
Parsed 24032/125664 rows
Parsed 24064/125664 rows
Parsed 24096/125664 rows
Parsed 24128/125664 rows
Parsed 24160/125664 rows
Parsed 24192/125664 rows
Parsed 24224/125664 rows
Parsed 24256/125664 rows
Parsed 24288/125664 rows
Parsed 24320/125664 rows
Parsed 24352/125664 rows
Parsed 24384/125664 rows
Parsed 24416/125664 rows
Parsed 24448/125664 rows
Parsed 24480/125664 rows
Parsed 24512/125664 rows
Parsed 24544/125664 rows
Parsed 24576/125664 rows
Parsed 24608/125664 rows
Parsed 24640/125664 rows
Parsed 24672/125664 rows
Parsed 24704/125664 rows
Parsed 24736/125664 rows
Parsed 24768/125664 rows
Parsed 24800/125664 rows
Parsed 24832/125664 rows
Parsed 24864/125664 rows
Parsed 24896/125664 rows
Parsed 24928/125664 rows
Parsed 24960/125664 rows
Parsed 24992/125664 rows
Parsed 25024/125664 rows
Parsed 25056/125664 rows
Parsed 25088/125664 rows
Parsed 25120/125664 rows
Parsed 25152/125664 rows
Parsed 25184/125664 rows
Parsed 25216/125664 rows
Parsed 25248/125664 rows
Parsed 25280/125664 rows
Parsed 25312/125664 rows
Parsed 25344/125664 rows
Parsed 25376/125664 rows
Parsed 25408/125664 rows
Parsed 25440/125664 rows
Parsed 25472/125664 rows
Parsed 25504/125664 rows
Parsed 25536/125664 rows
Parsed 25568/125664 rows
Parsed 25600/125664 rows
Parsed 25632/125664 rows
Parsed 25664/125664 rows
Parsed 25696/125664 rows
Parsed 25728/125664 rows
Parsed 25760/125664 rows
Parsed 25792/125664 rows
Parsed 25824/125664 rows
Parsed 25856/125664 rows
Parsed 25888/125664 rows
Parsed 25920/125664 rows
Parsed 25952/125664 rows
Parsed 25984/125664 rows
Parsed 26016/125664 rows
Parsed 26048/125664 rows
Parsed 26080/125664 rows
Parsed 26112/125664 rows
Parsed 26144/125664 rows
Parsed 26176/125664 rows
Parsed 26208/125664 rows
Parsed 26240/125664 rows
Parsed 26272/125664 rows
Parsed 26304/125664 rows
Parsed 26336/125664 rows
Parsed 26368/125664 rows
Parsed 26400/125664 rows
Parsed 26432/125664 rows
Parsed 26464/125664 rows
Parsed 26496/125664 rows
Parsed 26528/125664 rows
Parsed 26560/125664 rows
Parsed 26592/125664 rows
Parsed 26624/125664 rows
Parsed 26656/125664 rows
Parsed 26688/125664 rows
Parsed 26720/125664 rows
Parsed 26752/125664 rows
Parsed 26784/125664 rows
Parsed 26816/125664 rows
Parsed 26848/125664 rows
Parsed 26880/125664 rows
Parsed 26912/125664 rows
Parsed 26944/125664 rows
Parsed 26976/125664 rows
Parsed 27008/125664 rows
Parsed 27040/125664 rows
Parsed 27072/125664 rows
Parsed 27104/125664 rows
Parsed 27136/125664 rows
Parsed 27168/125664 rows
Parsed 27200/125664 rows
Parsed 27232/125664 rows
Parsed 27264/125664 rows
Parsed 27296/125664 rows
Parsed 27328/125664 rows
Parsed 27360/125664 rows
Parsed 27392/125664 rows
Parsed 27424/125664 rows
Parsed 27456/125664 rows
Parsed 27488/125664 rows
Parsed 27520/125664 rows
Parsed 27552/125664 rows
Parsed 27584/125664 rows
Parsed 27616/125664 rows
Parsed 27648/125664 rows
Parsed 27680/125664 rows
Parsed 27712/125664 rows
Parsed 27744/125664 rows
Parsed 27776/125664 rows
Parsed 27808/125664 rows
Parsed 27840/125664 rows
Parsed 27872/125664 rows
Parsed 27904/125664 rows
Parsed 27936/125664 rows
Parsed 27968/125664 rows
Parsed 28000/125664 rows
Parsed 28032/125664 rows
Parsed 28064/125664 rows
Parsed 28096/125664 rows
Parsed 28128/125664 rows
Parsed 28160/125664 rows
Parsed 28192/125664 rows
Parsed 28224/125664 rows
Parsed 28256/125664 rows
Parsed 28288/125664 rows
Parsed 28320/125664 rows
Parsed 28352/125664 rows
Parsed 28384/125664 rows
Parsed 28416/125664 rows
Parsed 28448/125664 rows
Parsed 28480/125664 rows
Parsed 28512/125664 rows
Parsed 28544/125664 rows
Parsed 28576/125664 rows
Parsed 28608/125664 rows
Parsed 28640/125664 rows
Parsed 28672/125664 rows
Parsed 28704/125664 rows
Parsed 28736/125664 rows
Parsed 28768/125664 rows
Parsed 28800/125664 rows
Parsed 28832/125664 rows
Parsed 28864/125664 rows
Parsed 28896/125664 rows
Parsed 28928/125664 rows
Parsed 28960/125664 rows
Parsed 28992/125664 rows
Parsed 29024/125664 rows
Parsed 29056/125664 rows
Parsed 29088/125664 rows
Parsed 29120/125664 rows
Parsed 29152/125664 rows
Parsed 29184/125664 rows
Parsed 29216/125664 rows
Parsed 29248/125664 rows
Parsed 29280/125664 rows
Parsed 29312/125664 rows
Parsed 29344/125664 rows
Parsed 29376/125664 rows
Parsed 29408/125664 rows
Parsed 29440/125664 rows
Parsed 29472/125664 rows
Parsed 29504/125664 rows
Parsed 29536/125664 rows
Parsed 29568/125664 rows
Parsed 29600/125664 rows
Parsed 29632/125664 rows
Parsed 29664/125664 rows
Parsed 29696/125664 rows
Parsed 29728/125664 rows
Parsed 29760/125664 rows
Parsed 29792/125664 rows
Parsed 29824/125664 rows
Parsed 29856/125664 rows
Parsed 29888/125664 rows
Parsed 29920/125664 rows
Parsed 29952/125664 rows
Parsed 29984/125664 rows
Parsed 30016/125664 rows
Parsed 30048/125664 rows
Parsed 30080/125664 rows
Parsed 30112/125664 rows
Parsed 30144/125664 rows
Parsed 30176/125664 rows
Parsed 30208/125664 rows
Parsed 30240/125664 rows
Parsed 30272/125664 rows
Parsed 30304/125664 rows
Parsed 30336/125664 rows
Parsed 30368/125664 rows
Parsed 30400/125664 rows
Parsed 30432/125664 rows
Parsed 30464/125664 rows
Parsed 30496/125664 rows
Parsed 30528/125664 rows
Parsed 30560/125664 rows
Parsed 30592/125664 rows
Parsed 30624/125664 rows
Parsed 30656/125664 rows
Parsed 30688/125664 rows
Parsed 30720/125664 rows
Parsed 30752/125664 rows
Parsed 30784/125664 rows
Parsed 30816/125664 rows
Parsed 30848/125664 rows
Parsed 30880/125664 rows
Parsed 30912/125664 rows
Parsed 30944/125664 rows
Parsed 30976/125664 rows
Parsed 31008/125664 rows
Parsed 31040/125664 rows
Parsed 31072/125664 rows
Parsed 31104/125664 rows
Parsed 31136/125664 rows
Parsed 31168/125664 rows
Parsed 31200/125664 rows
Parsed 31232/125664 rows
Parsed 31264/125664 rows
Parsed 31296/125664 rows
Parsed 31328/125664 rows
Parsed 31360/125664 rows
Parsed 31392/125664 rows
Parsed 31424/125664 rows
Parsed 31456/125664 rows
Parsed 31488/125664 rows
Parsed 31520/125664 rows
Parsed 31552/125664 rows
Parsed 31584/125664 rows
Parsed 31616/125664 rows
Parsed 31648/125664 rows
Parsed 31680/125664 rows
Parsed 31712/125664 rows
Parsed 31744/125664 rows
Parsed 31776/125664 rows
Parsed 31808/125664 rows
Parsed 31840/125664 rows
Parsed 31872/125664 rows
Parsed 31904/125664 rows
Parsed 31936/125664 rows
Parsed 31968/125664 rows
Parsed 32000/125664 rows
Parsed 32032/125664 rows
Parsed 32064/125664 rows
Parsed 32096/125664 rows
Parsed 32128/125664 rows
Parsed 32160/125664 rows
Parsed 32192/125664 rows
Parsed 32224/125664 rows
Parsed 32256/125664 rows
Parsed 32288/125664 rows
Parsed 32320/125664 rows
Parsed 32352/125664 rows
Parsed 32384/125664 rows
Parsed 32416/125664 rows
Parsed 32448/125664 rows
Parsed 32480/125664 rows
Parsed 32512/125664 rows
Parsed 32544/125664 rows
Parsed 32576/125664 rows
Parsed 32608/125664 rows
Parsed 32640/125664 rows
Parsed 32672/125664 rows
Parsed 32704/125664 rows
Parsed 32736/125664 rows
Parsed 32768/125664 rows
Parsed 32800/125664 rows
Parsed 32832/125664 rows
Parsed 32864/125664 rows
Parsed 32896/125664 rows
Parsed 32928/125664 rows
Parsed 32960/125664 rows
Parsed 32992/125664 rows
Parsed 33024/125664 rows
Parsed 33056/125664 rows
Parsed 33088/125664 rows
Parsed 33120/125664 rows
Parsed 33152/125664 rows
Parsed 33184/125664 rows
Parsed 33216/125664 rows
Parsed 33248/125664 rows
Parsed 33280/125664 rows
Parsed 33312/125664 rows
Parsed 33344/125664 rows
Parsed 33376/125664 rows
Parsed 33408/125664 rows
Parsed 33440/125664 rows
Parsed 33472/125664 rows
Parsed 33504/125664 rows
Parsed 33536/125664 rows
Parsed 33568/125664 rows
Parsed 33600/125664 rows
Parsed 33632/125664 rows
Parsed 33664/125664 rows
Parsed 33696/125664 rows
Parsed 33728/125664 rows
Parsed 33760/125664 rows
Parsed 33792/125664 rows
Parsed 33824/125664 rows
Parsed 33856/125664 rows
Parsed 33888/125664 rows
Parsed 33920/125664 rows
Parsed 33952/125664 rows
Parsed 33984/125664 rows
Parsed 34016/125664 rows
Parsed 34048/125664 rows
Parsed 34080/125664 rows
Parsed 34112/125664 rows
Parsed 34144/125664 rows
Parsed 34176/125664 rows
Parsed 34208/125664 rows
Parsed 34240/125664 rows
Parsed 34272/125664 rows
Parsed 34304/125664 rows
Parsed 34336/125664 rows
Parsed 34368/125664 rows
Parsed 34400/125664 rows
Parsed 34432/125664 rows
Parsed 34464/125664 rows
Parsed 34496/125664 rows
Parsed 34528/125664 rows
Parsed 34560/125664 rows
Parsed 34592/125664 rows
Parsed 34624/125664 rows
Parsed 34656/125664 rows
Parsed 34688/125664 rows
Parsed 34720/125664 rows
Parsed 34752/125664 rows
Parsed 34784/125664 rows
Parsed 34816/125664 rows
Parsed 34848/125664 rows
Parsed 34880/125664 rows
Parsed 34912/125664 rows
Parsed 34944/125664 rows
Parsed 34976/125664 rows
Parsed 35008/125664 rows
Parsed 35040/125664 rows
Parsed 35072/125664 rows
Parsed 35104/125664 rows
Parsed 35136/125664 rows
Parsed 35168/125664 rows
Parsed 35200/125664 rows
Parsed 35232/125664 rows
Parsed 35264/125664 rows
Parsed 35296/125664 rows
Parsed 35328/125664 rows
Parsed 35360/125664 rows
Parsed 35392/125664 rows
Parsed 35424/125664 rows
Parsed 35456/125664 rows
Parsed 35488/125664 rows
Parsed 35520/125664 rows
Parsed 35552/125664 rows
Parsed 35584/125664 rows
Parsed 35616/125664 rows
Parsed 35648/125664 rows
Parsed 35680/125664 rows
Parsed 35712/125664 rows
Parsed 35744/125664 rows
Parsed 35776/125664 rows
Parsed 35808/125664 rows
Parsed 35840/125664 rows
Parsed 35872/125664 rows
Parsed 35904/125664 rows
Parsed 35936/125664 rows
Parsed 35968/125664 rows
Parsed 36000/125664 rows
Parsed 36032/125664 rows
Parsed 36064/125664 rows
Parsed 36096/125664 rows
Parsed 36128/125664 rows
Parsed 36160/125664 rows
Parsed 36192/125664 rows
Parsed 36224/125664 rows
Parsed 36256/125664 rows
Parsed 36288/125664 rows
Parsed 36320/125664 rows
Parsed 36352/125664 rows
Parsed 36384/125664 rows
Parsed 36416/125664 rows
Parsed 36448/125664 rows
Parsed 36480/125664 rows
Parsed 36512/125664 rows
Parsed 36544/125664 rows
Parsed 36576/125664 rows
Parsed 36608/125664 rows
Parsed 36640/125664 rows
Parsed 36672/125664 rows
Parsed 36704/125664 rows
Parsed 36736/125664 rows
Parsed 36768/125664 rows
Parsed 36800/125664 rows
Parsed 36832/125664 rows
Parsed 36864/125664 rows
Parsed 36896/125664 rows
Parsed 36928/125664 rows
Parsed 36960/125664 rows
Parsed 36992/125664 rows
Parsed 37024/125664 rows
Parsed 37056/125664 rows
Parsed 37088/125664 rows
Parsed 37120/125664 rows
Parsed 37152/125664 rows
Parsed 37184/125664 rows
Parsed 37216/125664 rows
Parsed 37248/125664 rows
Parsed 37280/125664 rows
Parsed 37312/125664 rows
Parsed 37344/125664 rows
Parsed 37376/125664 rows
Parsed 37408/125664 rows
Parsed 37440/125664 rows
Parsed 37472/125664 rows
Parsed 37504/125664 rows
Parsed 37536/125664 rows
Parsed 37568/125664 rows
Parsed 37600/125664 rows
Parsed 37632/125664 rows
Parsed 37664/125664 rows
Parsed 37696/125664 rows
Parsed 37728/125664 rows
Parsed 37760/125664 rows
Parsed 37792/125664 rows
Parsed 37824/125664 rows
Parsed 37856/125664 rows
Parsed 37888/125664 rows
Parsed 37920/125664 rows
Parsed 37952/125664 rows
Parsed 37984/125664 rows
Parsed 38016/125664 rows
Parsed 38048/125664 rows
Parsed 38080/125664 rows
Parsed 38112/125664 rows
Parsed 38144/125664 rows
Parsed 38176/125664 rows
Parsed 38208/125664 rows
Parsed 38240/125664 rows
Parsed 38272/125664 rows
Parsed 38304/125664 rows
Parsed 38336/125664 rows
Parsed 38368/125664 rows
Parsed 38400/125664 rows
Parsed 38432/125664 rows
Parsed 38464/125664 rows
Parsed 38496/125664 rows
Parsed 38528/125664 rows
Parsed 38560/125664 rows
Parsed 38592/125664 rows
Parsed 38624/125664 rows
Parsed 38656/125664 rows
Parsed 38688/125664 rows
Parsed 38720/125664 rows
Parsed 38752/125664 rows
Parsed 38784/125664 rows
Parsed 38816/125664 rows
Parsed 38848/125664 rows
Parsed 38880/125664 rows
Parsed 38912/125664 rows
Parsed 38944/125664 rows
Parsed 38976/125664 rows
Parsed 39008/125664 rows
Parsed 39040/125664 rows
Parsed 39072/125664 rows
Parsed 39104/125664 rows
Parsed 39136/125664 rows
Parsed 39168/125664 rows
Parsed 39200/125664 rows
Parsed 39232/125664 rows
Parsed 39264/125664 rows
Parsed 39296/125664 rows
Parsed 39328/125664 rows
Parsed 39360/125664 rows
Parsed 39392/125664 rows
Parsed 39424/125664 rows
Parsed 39456/125664 rows
Parsed 39488/125664 rows
Parsed 39520/125664 rows
Parsed 39552/125664 rows
Parsed 39584/125664 rows
Parsed 39616/125664 rows
Parsed 39648/125664 rows
Parsed 39680/125664 rows
Parsed 39712/125664 rows
Parsed 39744/125664 rows
Parsed 39776/125664 rows
Parsed 39808/125664 rows
Parsed 39840/125664 rows
Parsed 39872/125664 rows
Parsed 39904/125664 rows
Parsed 39936/125664 rows
Parsed 39968/125664 rows
Parsed 40000/125664 rows
Parsed 40032/125664 rows
Parsed 40064/125664 rows
Parsed 40096/125664 rows
Parsed 40128/125664 rows
Parsed 40160/125664 rows
Parsed 40192/125664 rows
Parsed 40224/125664 rows
Parsed 40256/125664 rows
Parsed 40288/125664 rows
Parsed 40320/125664 rows
Parsed 40352/125664 rows
Parsed 40384/125664 rows
Parsed 40416/125664 rows
Parsed 40448/125664 rows
Parsed 40480/125664 rows
Parsed 40512/125664 rows
Parsed 40544/125664 rows
Parsed 40576/125664 rows
Parsed 40608/125664 rows
Parsed 40640/125664 rows
Parsed 40672/125664 rows
Parsed 40704/125664 rows
Parsed 40736/125664 rows
Parsed 40768/125664 rows
Parsed 40800/125664 rows
Parsed 40832/125664 rows
Parsed 40864/125664 rows
Parsed 40896/125664 rows
Parsed 40928/125664 rows
Parsed 40960/125664 rows
Parsed 40992/125664 rows
Parsed 41024/125664 rows
Parsed 41056/125664 rows
Parsed 41088/125664 rows
Parsed 41120/125664 rows
Parsed 41152/125664 rows
Parsed 41184/125664 rows
Parsed 41216/125664 rows
Parsed 41248/125664 rows
Parsed 41280/125664 rows
Parsed 41312/125664 rows
Parsed 41344/125664 rows
Parsed 41376/125664 rows
Parsed 41408/125664 rows
Parsed 41440/125664 rows
Parsed 41472/125664 rows
Parsed 41504/125664 rows
Parsed 41536/125664 rows
Parsed 41568/125664 rows
Parsed 41600/125664 rows
Parsed 41632/125664 rows
Parsed 41664/125664 rows
Parsed 41696/125664 rows
Parsed 41728/125664 rows
Parsed 41760/125664 rows
Parsed 41792/125664 rows
Parsed 41824/125664 rows
Parsed 41856/125664 rows
Parsed 41888/125664 rows
Parsed 41920/125664 rows
Parsed 41952/125664 rows
Parsed 41984/125664 rows
Parsed 42016/125664 rows
Parsed 42048/125664 rows
Parsed 42080/125664 rows
Parsed 42112/125664 rows
Parsed 42144/125664 rows
Parsed 42176/125664 rows
Parsed 42208/125664 rows
Parsed 42240/125664 rows
Parsed 42272/125664 rows
Parsed 42304/125664 rows
Parsed 42336/125664 rows
Parsed 42368/125664 rows
Parsed 42400/125664 rows
Parsed 42432/125664 rows
Parsed 42464/125664 rows
Parsed 42496/125664 rows
Parsed 42528/125664 rows
Parsed 42560/125664 rows
Parsed 42592/125664 rows
Parsed 42624/125664 rows
Parsed 42656/125664 rows
Parsed 42688/125664 rows
Parsed 42720/125664 rows
Parsed 42752/125664 rows
Parsed 42784/125664 rows
Parsed 42816/125664 rows
Parsed 42848/125664 rows
Parsed 42880/125664 rows
Parsed 42912/125664 rows
Parsed 42944/125664 rows
Parsed 42976/125664 rows
Parsed 43008/125664 rows
Parsed 43040/125664 rows
Parsed 43072/125664 rows
Parsed 43104/125664 rows
Parsed 43136/125664 rows
Parsed 43168/125664 rows
Parsed 43200/125664 rows
Parsed 43232/125664 rows
Parsed 43264/125664 rows
Parsed 43296/125664 rows
Parsed 43328/125664 rows
Parsed 43360/125664 rows
Parsed 43392/125664 rows
Parsed 43424/125664 rows
Parsed 43456/125664 rows
Parsed 43488/125664 rows
Parsed 43520/125664 rows
Parsed 43552/125664 rows
Parsed 43584/125664 rows
Parsed 43616/125664 rows
Parsed 43648/125664 rows
Parsed 43680/125664 rows
Parsed 43712/125664 rows
Parsed 43744/125664 rows
Parsed 43776/125664 rows
Parsed 43808/125664 rows
Parsed 43840/125664 rows
Parsed 43872/125664 rows
Parsed 43904/125664 rows
Parsed 43936/125664 rows
Parsed 43968/125664 rows
Parsed 44000/125664 rows
Parsed 44032/125664 rows
Parsed 44064/125664 rows
Parsed 44096/125664 rows
Parsed 44128/125664 rows
Parsed 44160/125664 rows
Parsed 44192/125664 rows
Parsed 44224/125664 rows
Parsed 44256/125664 rows
Parsed 44288/125664 rows
Parsed 44320/125664 rows
Parsed 44352/125664 rows
Parsed 44384/125664 rows
Parsed 44416/125664 rows
Parsed 44448/125664 rows
Parsed 44480/125664 rows
Parsed 44512/125664 rows
Parsed 44544/125664 rows
Parsed 44576/125664 rows
Parsed 44608/125664 rows
Parsed 44640/125664 rows
Parsed 44672/125664 rows
Parsed 44704/125664 rows
Parsed 44736/125664 rows
Parsed 44768/125664 rows
Parsed 44800/125664 rows
Parsed 44832/125664 rows
Parsed 44864/125664 rows
Parsed 44896/125664 rows
Parsed 44928/125664 rows
Parsed 44960/125664 rows
Parsed 44992/125664 rows
Parsed 45024/125664 rows
Parsed 45056/125664 rows
Parsed 45088/125664 rows
Parsed 45120/125664 rows
Parsed 45152/125664 rows
Parsed 45184/125664 rows
Parsed 45216/125664 rows
Parsed 45248/125664 rows
Parsed 45280/125664 rows
Parsed 45312/125664 rows
Parsed 45344/125664 rows
Parsed 45376/125664 rows
Parsed 45408/125664 rows
Parsed 45440/125664 rows
Parsed 45472/125664 rows
Parsed 45504/125664 rows
Parsed 45536/125664 rows
Parsed 45568/125664 rows
Parsed 45600/125664 rows
Parsed 45632/125664 rows
Parsed 45664/125664 rows
Parsed 45696/125664 rows
Parsed 45728/125664 rows
Parsed 45760/125664 rows
Parsed 45792/125664 rows
Parsed 45824/125664 rows
Parsed 45856/125664 rows
Parsed 45888/125664 rows
Parsed 45920/125664 rows
Parsed 45952/125664 rows
Parsed 45984/125664 rows
Parsed 46016/125664 rows
Parsed 46048/125664 rows
Parsed 46080/125664 rows
Parsed 46112/125664 rows
Parsed 46144/125664 rows
Parsed 46176/125664 rows
Parsed 46208/125664 rows
Parsed 46240/125664 rows
Parsed 46272/125664 rows
Parsed 46304/125664 rows
Parsed 46336/125664 rows
Parsed 46368/125664 rows
Parsed 46400/125664 rows
Parsed 46432/125664 rows
Parsed 46464/125664 rows
Parsed 46496/125664 rows
Parsed 46528/125664 rows
Parsed 46560/125664 rows
Parsed 46592/125664 rows
Parsed 46624/125664 rows
Parsed 46656/125664 rows
Parsed 46688/125664 rows
Parsed 46720/125664 rows
Parsed 46752/125664 rows
Parsed 46784/125664 rows
Parsed 46816/125664 rows
Parsed 46848/125664 rows
Parsed 46880/125664 rows
Parsed 46912/125664 rows
Parsed 46944/125664 rows
Parsed 46976/125664 rows
Parsed 47008/125664 rows
Parsed 47040/125664 rows
Parsed 47072/125664 rows
Parsed 47104/125664 rows
Parsed 47136/125664 rows
Parsed 47168/125664 rows
Parsed 47200/125664 rows
Parsed 47232/125664 rows
Parsed 47264/125664 rows
Parsed 47296/125664 rows
Parsed 47328/125664 rows
Parsed 47360/125664 rows
Parsed 47392/125664 rows
Parsed 47424/125664 rows
Parsed 47456/125664 rows
Parsed 47488/125664 rows
Parsed 47520/125664 rows
Parsed 47552/125664 rows
Parsed 47584/125664 rows
Parsed 47616/125664 rows
Parsed 47648/125664 rows
Parsed 47680/125664 rows
Parsed 47712/125664 rows
Parsed 47744/125664 rows
Parsed 47776/125664 rows
Parsed 47808/125664 rows
Parsed 47840/125664 rows
Parsed 47872/125664 rows
Parsed 47904/125664 rows
Parsed 47936/125664 rows
Parsed 47968/125664 rows
Parsed 48000/125664 rows
Parsed 48032/125664 rows
Parsed 48064/125664 rows
Parsed 48096/125664 rows
Parsed 48128/125664 rows
Parsed 48160/125664 rows
Parsed 48192/125664 rows
Parsed 48224/125664 rows
Parsed 48256/125664 rows
Parsed 48288/125664 rows
Parsed 48320/125664 rows
Parsed 48352/125664 rows
Parsed 48384/125664 rows
Parsed 48416/125664 rows
Parsed 48448/125664 rows
Parsed 48480/125664 rows
Parsed 48512/125664 rows
Parsed 48544/125664 rows
Parsed 48576/125664 rows
Parsed 48608/125664 rows
Parsed 48640/125664 rows
Parsed 48672/125664 rows
Parsed 48704/125664 rows
Parsed 48736/125664 rows
Parsed 48768/125664 rows
Parsed 48800/125664 rows
Parsed 48832/125664 rows
Parsed 48864/125664 rows
Parsed 48896/125664 rows
Parsed 48928/125664 rows
Parsed 48960/125664 rows
Parsed 48992/125664 rows
Parsed 49024/125664 rows
Parsed 49056/125664 rows
Parsed 49088/125664 rows
Parsed 49120/125664 rows
Parsed 49152/125664 rows
Parsed 49184/125664 rows
Parsed 49216/125664 rows
Parsed 49248/125664 rows
Parsed 49280/125664 rows
Parsed 49312/125664 rows
Parsed 49344/125664 rows
Parsed 49376/125664 rows
Parsed 49408/125664 rows
Parsed 49440/125664 rows
Parsed 49472/125664 rows
Parsed 49504/125664 rows
Parsed 49536/125664 rows
Parsed 49568/125664 rows
Parsed 49600/125664 rows
Parsed 49632/125664 rows
Parsed 49664/125664 rows
Parsed 49696/125664 rows
Parsed 49728/125664 rows
Parsed 49760/125664 rows
Parsed 49792/125664 rows
Parsed 49824/125664 rows
Parsed 49856/125664 rows
Parsed 49888/125664 rows
Parsed 49920/125664 rows
Parsed 49952/125664 rows
Parsed 49984/125664 rows
Parsed 50016/125664 rows
Parsed 50048/125664 rows
Parsed 50080/125664 rows
Parsed 50112/125664 rows
Parsed 50144/125664 rows
Parsed 50176/125664 rows
Parsed 50208/125664 rows
Parsed 50240/125664 rows
Parsed 50272/125664 rows
Parsed 50304/125664 rows
Parsed 50336/125664 rows
Parsed 50368/125664 rows
Parsed 50400/125664 rows
Parsed 50432/125664 rows
Parsed 50464/125664 rows
Parsed 50496/125664 rows
Parsed 50528/125664 rows
Parsed 50560/125664 rows
Parsed 50592/125664 rows
Parsed 50624/125664 rows
Parsed 50656/125664 rows
Parsed 50688/125664 rows
Parsed 50720/125664 rows
Parsed 50752/125664 rows
Parsed 50784/125664 rows
Parsed 50816/125664 rows
Parsed 50848/125664 rows
Parsed 50880/125664 rows
Parsed 50912/125664 rows
Parsed 50944/125664 rows
Parsed 50976/125664 rows
Parsed 51008/125664 rows
Parsed 51040/125664 rows
Parsed 51072/125664 rows
Parsed 51104/125664 rows
Parsed 51136/125664 rows
Parsed 51168/125664 rows
Parsed 51200/125664 rows
Parsed 51232/125664 rows
Parsed 51264/125664 rows
Parsed 51296/125664 rows
Parsed 51328/125664 rows
Parsed 51360/125664 rows
Parsed 51392/125664 rows
Parsed 51424/125664 rows
Parsed 51456/125664 rows
Parsed 51488/125664 rows
Parsed 51520/125664 rows
Parsed 51552/125664 rows
Parsed 51584/125664 rows
Parsed 51616/125664 rows
Parsed 51648/125664 rows
Parsed 51680/125664 rows
Parsed 51712/125664 rows
Parsed 51744/125664 rows
Parsed 51776/125664 rows
Parsed 51808/125664 rows
Parsed 51840/125664 rows
Parsed 51872/125664 rows
Parsed 51904/125664 rows
Parsed 51936/125664 rows
Parsed 51968/125664 rows
Parsed 52000/125664 rows
Parsed 52032/125664 rows
Parsed 52064/125664 rows
Parsed 52096/125664 rows
Parsed 52128/125664 rows
Parsed 52160/125664 rows
Parsed 52192/125664 rows
Parsed 52224/125664 rows
Parsed 52256/125664 rows
Parsed 52288/125664 rows
Parsed 52320/125664 rows
Parsed 52352/125664 rows
Parsed 52384/125664 rows
Parsed 52416/125664 rows
Parsed 52448/125664 rows
Parsed 52480/125664 rows
Parsed 52512/125664 rows
Parsed 52544/125664 rows
Parsed 52576/125664 rows
Parsed 52608/125664 rows
Parsed 52640/125664 rows
Parsed 52672/125664 rows
Parsed 52704/125664 rows
Parsed 52736/125664 rows
Parsed 52768/125664 rows
Parsed 52800/125664 rows
Parsed 52832/125664 rows
Parsed 52864/125664 rows
Parsed 52896/125664 rows
Parsed 52928/125664 rows
Parsed 52960/125664 rows
Parsed 52992/125664 rows
Parsed 53024/125664 rows
Parsed 53056/125664 rows
Parsed 53088/125664 rows
Parsed 53120/125664 rows
Parsed 53152/125664 rows
Parsed 53184/125664 rows
Parsed 53216/125664 rows
Parsed 53248/125664 rows
Parsed 53280/125664 rows
Parsed 53312/125664 rows
Parsed 53344/125664 rows
Parsed 53376/125664 rows
Parsed 53408/125664 rows
Parsed 53440/125664 rows
Parsed 53472/125664 rows
Parsed 53504/125664 rows
Parsed 53536/125664 rows
Parsed 53568/125664 rows
Parsed 53600/125664 rows
Parsed 53632/125664 rows
Parsed 53664/125664 rows
Parsed 53696/125664 rows
Parsed 53728/125664 rows
Parsed 53760/125664 rows
Parsed 53792/125664 rows
Parsed 53824/125664 rows
Parsed 53856/125664 rows
Parsed 53888/125664 rows
Parsed 53920/125664 rows
Parsed 53952/125664 rows
Parsed 53984/125664 rows
Parsed 54016/125664 rows
Parsed 54048/125664 rows
Parsed 54080/125664 rows
Parsed 54112/125664 rows
Parsed 54144/125664 rows
Parsed 54176/125664 rows
Parsed 54208/125664 rows
Parsed 54240/125664 rows
Parsed 54272/125664 rows
Parsed 54304/125664 rows
Parsed 54336/125664 rows
Parsed 54368/125664 rows
Parsed 54400/125664 rows
Parsed 54432/125664 rows
Parsed 54464/125664 rows
Parsed 54496/125664 rows
Parsed 54528/125664 rows
Parsed 54560/125664 rows
Parsed 54592/125664 rows
Parsed 54624/125664 rows
Parsed 54656/125664 rows
Parsed 54688/125664 rows
Parsed 54720/125664 rows
Parsed 54752/125664 rows
Parsed 54784/125664 rows
Parsed 54816/125664 rows
Parsed 54848/125664 rows
Parsed 54880/125664 rows
Parsed 54912/125664 rows
Parsed 54944/125664 rows
Parsed 54976/125664 rows
Parsed 55008/125664 rows
Parsed 55040/125664 rows
Parsed 55072/125664 rows
Parsed 55104/125664 rows
Parsed 55136/125664 rows
Parsed 55168/125664 rows
Parsed 55200/125664 rows
Parsed 55232/125664 rows
Parsed 55264/125664 rows
Parsed 55296/125664 rows
Parsed 55328/125664 rows
Parsed 55360/125664 rows
Parsed 55392/125664 rows
Parsed 55424/125664 rows
Parsed 55456/125664 rows
Parsed 55488/125664 rows
Parsed 55520/125664 rows
Parsed 55552/125664 rows
Parsed 55584/125664 rows
Parsed 55616/125664 rows
Parsed 55648/125664 rows
Parsed 55680/125664 rows
Parsed 55712/125664 rows
Parsed 55744/125664 rows
Parsed 55776/125664 rows
Parsed 55808/125664 rows
Parsed 55840/125664 rows
Parsed 55872/125664 rows
Parsed 55904/125664 rows
Parsed 55936/125664 rows
Parsed 55968/125664 rows
Parsed 56000/125664 rows
Parsed 56032/125664 rows
Parsed 56064/125664 rows
Parsed 56096/125664 rows
Parsed 56128/125664 rows
Parsed 56160/125664 rows
Parsed 56192/125664 rows
Parsed 56224/125664 rows
Parsed 56256/125664 rows
Parsed 56288/125664 rows
Parsed 56320/125664 rows
Parsed 56352/125664 rows
Parsed 56384/125664 rows
Parsed 56416/125664 rows
Parsed 56448/125664 rows
Parsed 56480/125664 rows
Parsed 56512/125664 rows
Parsed 56544/125664 rows
Parsed 56576/125664 rows
Parsed 56608/125664 rows
Parsed 56640/125664 rows
Parsed 56672/125664 rows
Parsed 56704/125664 rows
Parsed 56736/125664 rows
Parsed 56768/125664 rows
Parsed 56800/125664 rows
Parsed 56832/125664 rows
Parsed 56864/125664 rows
Parsed 56896/125664 rows
Parsed 56928/125664 rows
Parsed 56960/125664 rows
Parsed 56992/125664 rows
Parsed 57024/125664 rows
Parsed 57056/125664 rows
Parsed 57088/125664 rows
Parsed 57120/125664 rows
Parsed 57152/125664 rows
Parsed 57184/125664 rows
Parsed 57216/125664 rows
Parsed 57248/125664 rows
Parsed 57280/125664 rows
Parsed 57312/125664 rows
Parsed 57344/125664 rows
Parsed 57376/125664 rows
Parsed 57408/125664 rows
Parsed 57440/125664 rows
Parsed 57472/125664 rows
Parsed 57504/125664 rows
Parsed 57536/125664 rows
Parsed 57568/125664 rows
Parsed 57600/125664 rows
Parsed 57632/125664 rows
Parsed 57664/125664 rows
Parsed 57696/125664 rows
Parsed 57728/125664 rows
Parsed 57760/125664 rows
Parsed 57792/125664 rows
Parsed 57824/125664 rows
Parsed 57856/125664 rows
Parsed 57888/125664 rows
Parsed 57920/125664 rows
Parsed 57952/125664 rows
Parsed 57984/125664 rows
Parsed 58016/125664 rows
Parsed 58048/125664 rows
Parsed 58080/125664 rows
Parsed 58112/125664 rows
Parsed 58144/125664 rows
Parsed 58176/125664 rows
Parsed 58208/125664 rows
Parsed 58240/125664 rows
Parsed 58272/125664 rows
Parsed 58304/125664 rows
Parsed 58336/125664 rows
Parsed 58368/125664 rows
Parsed 58400/125664 rows
Parsed 58432/125664 rows
Parsed 58464/125664 rows
Parsed 58496/125664 rows
Parsed 58528/125664 rows
Parsed 58560/125664 rows
Parsed 58592/125664 rows
Parsed 58624/125664 rows
Parsed 58656/125664 rows
Parsed 58688/125664 rows
Parsed 58720/125664 rows
Parsed 58752/125664 rows
Parsed 58784/125664 rows
Parsed 58816/125664 rows
Parsed 58848/125664 rows
Parsed 58880/125664 rows
Parsed 58912/125664 rows
Parsed 58944/125664 rows
Parsed 58976/125664 rows
Parsed 59008/125664 rows
Parsed 59040/125664 rows
Parsed 59072/125664 rows
Parsed 59104/125664 rows
Parsed 59136/125664 rows
Parsed 59168/125664 rows
Parsed 59200/125664 rows
Parsed 59232/125664 rows
Parsed 59264/125664 rows
Parsed 59296/125664 rows
Parsed 59328/125664 rows
Parsed 59360/125664 rows
Parsed 59392/125664 rows
Parsed 59424/125664 rows
Parsed 59456/125664 rows
Parsed 59488/125664 rows
Parsed 59520/125664 rows
Parsed 59552/125664 rows
Parsed 59584/125664 rows
Parsed 59616/125664 rows
Parsed 59648/125664 rows
Parsed 59680/125664 rows
Parsed 59712/125664 rows
Parsed 59744/125664 rows
Parsed 59776/125664 rows
Parsed 59808/125664 rows
Parsed 59840/125664 rows
Parsed 59872/125664 rows
Parsed 59904/125664 rows
Parsed 59936/125664 rows
Parsed 59968/125664 rows
Parsed 60000/125664 rows
Parsed 60032/125664 rows
Parsed 60064/125664 rows
Parsed 60096/125664 rows
Parsed 60128/125664 rows
Parsed 60160/125664 rows
Parsed 60192/125664 rows
Parsed 60224/125664 rows
Parsed 60256/125664 rows
Parsed 60288/125664 rows
Parsed 60320/125664 rows
Parsed 60352/125664 rows
Parsed 60384/125664 rows
Parsed 60416/125664 rows
Parsed 60448/125664 rows
Parsed 60480/125664 rows
Parsed 60512/125664 rows
Parsed 60544/125664 rows
Parsed 60576/125664 rows
Parsed 60608/125664 rows
Parsed 60640/125664 rows
Parsed 60672/125664 rows
Parsed 60704/125664 rows
Parsed 60736/125664 rows
Parsed 60768/125664 rows
Parsed 60800/125664 rows
Parsed 60832/125664 rows
Parsed 60864/125664 rows
Parsed 60896/125664 rows
Parsed 60928/125664 rows
Parsed 60960/125664 rows
Parsed 60992/125664 rows
Parsed 61024/125664 rows
Parsed 61056/125664 rows
Parsed 61088/125664 rows
Parsed 61120/125664 rows
Parsed 61152/125664 rows
Parsed 61184/125664 rows
Parsed 61216/125664 rows
Parsed 61248/125664 rows
Parsed 61280/125664 rows
Parsed 61312/125664 rows
Parsed 61344/125664 rows
Parsed 61376/125664 rows
Parsed 61408/125664 rows
Parsed 61440/125664 rows
Parsed 61472/125664 rows
Parsed 61504/125664 rows
Parsed 61536/125664 rows
Parsed 61568/125664 rows
Parsed 61600/125664 rows
Parsed 61632/125664 rows
Parsed 61664/125664 rows
Parsed 61696/125664 rows
Parsed 61728/125664 rows
Parsed 61760/125664 rows
Parsed 61792/125664 rows
Parsed 61824/125664 rows
Parsed 61856/125664 rows
Parsed 61888/125664 rows
Parsed 61920/125664 rows
Parsed 61952/125664 rows
Parsed 61984/125664 rows
Parsed 62016/125664 rows
Parsed 62048/125664 rows
Parsed 62080/125664 rows
Parsed 62112/125664 rows
Parsed 62144/125664 rows
Parsed 62176/125664 rows
Parsed 62208/125664 rows
Parsed 62240/125664 rows
Parsed 62272/125664 rows
Parsed 62304/125664 rows
Parsed 62336/125664 rows
Parsed 62368/125664 rows
Parsed 62400/125664 rows
Parsed 62432/125664 rows
Parsed 62464/125664 rows
Parsed 62496/125664 rows
Parsed 62528/125664 rows
Parsed 62560/125664 rows
Parsed 62592/125664 rows
Parsed 62624/125664 rows
Parsed 62656/125664 rows
Parsed 62688/125664 rows
Parsed 62720/125664 rows
Parsed 62752/125664 rows
Parsed 62784/125664 rows
Parsed 62816/125664 rows
Parsed 62848/125664 rows
Parsed 62880/125664 rows
Parsed 62912/125664 rows
Parsed 62944/125664 rows
Parsed 62976/125664 rows
Parsed 63008/125664 rows
Parsed 63040/125664 rows
Parsed 63072/125664 rows
Parsed 63104/125664 rows
Parsed 63136/125664 rows
Parsed 63168/125664 rows
Parsed 63200/125664 rows
Parsed 63232/125664 rows
Parsed 63264/125664 rows
Parsed 63296/125664 rows
Parsed 63328/125664 rows
Parsed 63360/125664 rows
Parsed 63392/125664 rows
Parsed 63424/125664 rows
Parsed 63456/125664 rows
Parsed 63488/125664 rows
Parsed 63520/125664 rows
Parsed 63552/125664 rows
Parsed 63584/125664 rows
Parsed 63616/125664 rows
Parsed 63648/125664 rows
Parsed 63680/125664 rows
Parsed 63712/125664 rows
Parsed 63744/125664 rows
Parsed 63776/125664 rows
Parsed 63808/125664 rows
Parsed 63840/125664 rows
Parsed 63872/125664 rows
Parsed 63904/125664 rows
Parsed 63936/125664 rows
Parsed 63968/125664 rows
Parsed 64000/125664 rows
Parsed 64032/125664 rows
Parsed 64064/125664 rows
Parsed 64096/125664 rows
Parsed 64128/125664 rows
Parsed 64160/125664 rows
Parsed 64192/125664 rows
Parsed 64224/125664 rows
Parsed 64256/125664 rows
Parsed 64288/125664 rows
Parsed 64320/125664 rows
Parsed 64352/125664 rows
Parsed 64384/125664 rows
Parsed 64416/125664 rows
Parsed 64448/125664 rows
Parsed 64480/125664 rows
Parsed 64512/125664 rows
Parsed 64544/125664 rows
Parsed 64576/125664 rows
Parsed 64608/125664 rows
Parsed 64640/125664 rows
Parsed 64672/125664 rows
Parsed 64704/125664 rows
Parsed 64736/125664 rows
Parsed 64768/125664 rows
Parsed 64800/125664 rows
Parsed 64832/125664 rows
Parsed 64864/125664 rows
Parsed 64896/125664 rows
Parsed 64928/125664 rows
Parsed 64960/125664 rows
Parsed 64992/125664 rows
Parsed 65024/125664 rows
Parsed 65056/125664 rows
Parsed 65088/125664 rows
Parsed 65120/125664 rows
Parsed 65152/125664 rows
Parsed 65184/125664 rows
Parsed 65216/125664 rows
Parsed 65248/125664 rows
Parsed 65280/125664 rows
Parsed 65312/125664 rows
Parsed 65344/125664 rows
Parsed 65376/125664 rows
Parsed 65408/125664 rows
Parsed 65440/125664 rows
Parsed 65472/125664 rows
Parsed 65504/125664 rows
Parsed 65536/125664 rows
Parsed 65568/125664 rows
Parsed 65600/125664 rows
Parsed 65632/125664 rows
Parsed 65664/125664 rows
Parsed 65696/125664 rows
Parsed 65728/125664 rows
Parsed 65760/125664 rows
Parsed 65792/125664 rows
Parsed 65824/125664 rows
Parsed 65856/125664 rows
Parsed 65888/125664 rows
Parsed 65920/125664 rows
Parsed 65952/125664 rows
Parsed 65984/125664 rows
Parsed 66016/125664 rows
Parsed 66048/125664 rows
Parsed 66080/125664 rows
Parsed 66112/125664 rows
Parsed 66144/125664 rows
Parsed 66176/125664 rows
Parsed 66208/125664 rows
Parsed 66240/125664 rows
Parsed 66272/125664 rows
Parsed 66304/125664 rows
Parsed 66336/125664 rows
Parsed 66368/125664 rows
Parsed 66400/125664 rows
Parsed 66432/125664 rows
Parsed 66464/125664 rows
Parsed 66496/125664 rows
Parsed 66528/125664 rows
Parsed 66560/125664 rows
Parsed 66592/125664 rows
Parsed 66624/125664 rows
Parsed 66656/125664 rows
Parsed 66688/125664 rows
Parsed 66720/125664 rows
Parsed 66752/125664 rows
Parsed 66784/125664 rows
Parsed 66816/125664 rows
Parsed 66848/125664 rows
Parsed 66880/125664 rows
Parsed 66912/125664 rows
Parsed 66944/125664 rows
Parsed 66976/125664 rows
Parsed 67008/125664 rows
Parsed 67040/125664 rows
Parsed 67072/125664 rows
Parsed 67104/125664 rows
Parsed 67136/125664 rows
Parsed 67168/125664 rows
Parsed 67200/125664 rows
Parsed 67232/125664 rows
Parsed 67264/125664 rows
Parsed 67296/125664 rows
Parsed 67328/125664 rows
Parsed 67360/125664 rows
Parsed 67392/125664 rows
Parsed 67424/125664 rows
Parsed 67456/125664 rows
Parsed 67488/125664 rows
Parsed 67520/125664 rows
Parsed 67552/125664 rows
Parsed 67584/125664 rows
Parsed 67616/125664 rows
Parsed 67648/125664 rows
Parsed 67680/125664 rows
Parsed 67712/125664 rows
Parsed 67744/125664 rows
Parsed 67776/125664 rows
Parsed 67808/125664 rows
Parsed 67840/125664 rows
Parsed 67872/125664 rows
Parsed 67904/125664 rows
Parsed 67936/125664 rows
Parsed 67968/125664 rows
Parsed 68000/125664 rows
Parsed 68032/125664 rows
Parsed 68064/125664 rows
Parsed 68096/125664 rows
Parsed 68128/125664 rows
Parsed 68160/125664 rows
Parsed 68192/125664 rows
Parsed 68224/125664 rows
Parsed 68256/125664 rows
Parsed 68288/125664 rows
Parsed 68320/125664 rows
Parsed 68352/125664 rows
Parsed 68384/125664 rows
Parsed 68416/125664 rows
Parsed 68448/125664 rows
Parsed 68480/125664 rows
Parsed 68512/125664 rows
Parsed 68544/125664 rows
Parsed 68576/125664 rows
Parsed 68608/125664 rows
Parsed 68640/125664 rows
Parsed 68672/125664 rows
Parsed 68704/125664 rows
Parsed 68736/125664 rows
Parsed 68768/125664 rows
Parsed 68800/125664 rows
Parsed 68832/125664 rows
Parsed 68864/125664 rows
Parsed 68896/125664 rows
Parsed 68928/125664 rows
Parsed 68960/125664 rows
Parsed 68992/125664 rows
Parsed 69024/125664 rows
Parsed 69056/125664 rows
Parsed 69088/125664 rows
Parsed 69120/125664 rows
Parsed 69152/125664 rows
Parsed 69184/125664 rows
Parsed 69216/125664 rows
Parsed 69248/125664 rows
Parsed 69280/125664 rows
Parsed 69312/125664 rows
Parsed 69344/125664 rows
Parsed 69376/125664 rows
Parsed 69408/125664 rows
Parsed 69440/125664 rows
Parsed 69472/125664 rows
Parsed 69504/125664 rows
Parsed 69536/125664 rows
Parsed 69568/125664 rows
Parsed 69600/125664 rows
Parsed 69632/125664 rows
Parsed 69664/125664 rows
Parsed 69696/125664 rows
Parsed 69728/125664 rows
Parsed 69760/125664 rows
Parsed 69792/125664 rows
Parsed 69824/125664 rows
Parsed 69856/125664 rows
Parsed 69888/125664 rows
Parsed 69920/125664 rows
Parsed 69952/125664 rows
Parsed 69984/125664 rows
Parsed 70016/125664 rows
Parsed 70048/125664 rows
Parsed 70080/125664 rows
Parsed 70112/125664 rows
Parsed 70144/125664 rows
Parsed 70176/125664 rows
Parsed 70208/125664 rows
Parsed 70240/125664 rows
Parsed 70272/125664 rows
Parsed 70304/125664 rows
Parsed 70336/125664 rows
Parsed 70368/125664 rows
Parsed 70400/125664 rows
Parsed 70432/125664 rows
Parsed 70464/125664 rows
Parsed 70496/125664 rows
Parsed 70528/125664 rows
Parsed 70560/125664 rows
Parsed 70592/125664 rows
Parsed 70624/125664 rows
Parsed 70656/125664 rows
Parsed 70688/125664 rows
Parsed 70720/125664 rows
Parsed 70752/125664 rows
Parsed 70784/125664 rows
Parsed 70816/125664 rows
Parsed 70848/125664 rows
Parsed 70880/125664 rows
Parsed 70912/125664 rows
Parsed 70944/125664 rows
Parsed 70976/125664 rows
Parsed 71008/125664 rows
Parsed 71040/125664 rows
Parsed 71072/125664 rows
Parsed 71104/125664 rows
Parsed 71136/125664 rows
Parsed 71168/125664 rows
Parsed 71200/125664 rows
Parsed 71232/125664 rows
Parsed 71264/125664 rows
Parsed 71296/125664 rows
Parsed 71328/125664 rows
Parsed 71360/125664 rows
Parsed 71392/125664 rows
Parsed 71424/125664 rows
Parsed 71456/125664 rows
Parsed 71488/125664 rows
Parsed 71520/125664 rows
Parsed 71552/125664 rows
Parsed 71584/125664 rows
Parsed 71616/125664 rows
Parsed 71648/125664 rows
Parsed 71680/125664 rows
Parsed 71712/125664 rows
Parsed 71744/125664 rows
Parsed 71776/125664 rows
Parsed 71808/125664 rows
Parsed 71840/125664 rows
Parsed 71872/125664 rows
Parsed 71904/125664 rows
Parsed 71936/125664 rows
Parsed 71968/125664 rows
Parsed 72000/125664 rows
Parsed 72032/125664 rows
Parsed 72064/125664 rows
Parsed 72096/125664 rows
Parsed 72128/125664 rows
Parsed 72160/125664 rows
Parsed 72192/125664 rows
Parsed 72224/125664 rows
Parsed 72256/125664 rows
Parsed 72288/125664 rows
Parsed 72320/125664 rows
Parsed 72352/125664 rows
Parsed 72384/125664 rows
Parsed 72416/125664 rows
Parsed 72448/125664 rows
Parsed 72480/125664 rows
Parsed 72512/125664 rows
Parsed 72544/125664 rows
Parsed 72576/125664 rows
Parsed 72608/125664 rows
Parsed 72640/125664 rows
Parsed 72672/125664 rows
Parsed 72704/125664 rows
Parsed 72736/125664 rows
Parsed 72768/125664 rows
Parsed 72800/125664 rows
Parsed 72832/125664 rows
Parsed 72864/125664 rows
Parsed 72896/125664 rows
Parsed 72928/125664 rows
Parsed 72960/125664 rows
Parsed 72992/125664 rows
Parsed 73024/125664 rows
Parsed 73056/125664 rows
Parsed 73088/125664 rows
Parsed 73120/125664 rows
Parsed 73152/125664 rows
Parsed 73184/125664 rows
Parsed 73216/125664 rows
Parsed 73248/125664 rows
Parsed 73280/125664 rows
Parsed 73312/125664 rows
Parsed 73344/125664 rows
Parsed 73376/125664 rows
Parsed 73408/125664 rows
Parsed 73440/125664 rows
Parsed 73472/125664 rows
Parsed 73504/125664 rows
Parsed 73536/125664 rows
Parsed 73568/125664 rows
Parsed 73600/125664 rows
Parsed 73632/125664 rows
Parsed 73664/125664 rows
Parsed 73696/125664 rows
Parsed 73728/125664 rows
Parsed 73760/125664 rows
Parsed 73792/125664 rows
Parsed 73824/125664 rows
Parsed 73856/125664 rows
Parsed 73888/125664 rows
Parsed 73920/125664 rows
Parsed 73952/125664 rows
Parsed 73984/125664 rows
Parsed 74016/125664 rows
Parsed 74048/125664 rows
Parsed 74080/125664 rows
Parsed 74112/125664 rows
Parsed 74144/125664 rows
Parsed 74176/125664 rows
Parsed 74208/125664 rows
Parsed 74240/125664 rows
Parsed 74272/125664 rows
Parsed 74304/125664 rows
Parsed 74336/125664 rows
Parsed 74368/125664 rows
Parsed 74400/125664 rows
Parsed 74432/125664 rows
Parsed 74464/125664 rows
Parsed 74496/125664 rows
Parsed 74528/125664 rows
Parsed 74560/125664 rows
Parsed 74592/125664 rows
Parsed 74624/125664 rows
Parsed 74656/125664 rows
Parsed 74688/125664 rows
Parsed 74720/125664 rows
Parsed 74752/125664 rows
Parsed 74784/125664 rows
Parsed 74816/125664 rows
Parsed 74848/125664 rows
Parsed 74880/125664 rows
Parsed 74912/125664 rows
Parsed 74944/125664 rows
Parsed 74976/125664 rows
Parsed 75008/125664 rows
Parsed 75040/125664 rows
Parsed 75072/125664 rows
Parsed 75104/125664 rows
Parsed 75136/125664 rows
Parsed 75168/125664 rows
Parsed 75200/125664 rows
Parsed 75232/125664 rows
Parsed 75264/125664 rows
Parsed 75296/125664 rows
Parsed 75328/125664 rows
Parsed 75360/125664 rows
Parsed 75392/125664 rows
Parsed 75424/125664 rows
Parsed 75456/125664 rows
Parsed 75488/125664 rows
Parsed 75520/125664 rows
Parsed 75552/125664 rows
Parsed 75584/125664 rows
Parsed 75616/125664 rows
Parsed 75648/125664 rows
Parsed 75680/125664 rows
Parsed 75712/125664 rows
Parsed 75744/125664 rows
Parsed 75776/125664 rows
Parsed 75808/125664 rows
Parsed 75840/125664 rows
Parsed 75872/125664 rows
Parsed 75904/125664 rows
Parsed 75936/125664 rows
Parsed 75968/125664 rows
Parsed 76000/125664 rows
Parsed 76032/125664 rows
Parsed 76064/125664 rows
Parsed 76096/125664 rows
Parsed 76128/125664 rows
Parsed 76160/125664 rows
Parsed 76192/125664 rows
Parsed 76224/125664 rows
Parsed 76256/125664 rows
Parsed 76288/125664 rows
Parsed 76320/125664 rows
Parsed 76352/125664 rows
Parsed 76384/125664 rows
Parsed 76416/125664 rows
Parsed 76448/125664 rows
Parsed 76480/125664 rows
Parsed 76512/125664 rows
Parsed 76544/125664 rows
Parsed 76576/125664 rows
Parsed 76608/125664 rows
Parsed 76640/125664 rows
Parsed 76672/125664 rows
Parsed 76704/125664 rows
Parsed 76736/125664 rows
Parsed 76768/125664 rows
Parsed 76800/125664 rows
Parsed 76832/125664 rows
Parsed 76864/125664 rows
Parsed 76896/125664 rows
Parsed 76928/125664 rows
Parsed 76960/125664 rows
Parsed 76992/125664 rows
Parsed 77024/125664 rows
Parsed 77056/125664 rows
Parsed 77088/125664 rows
Parsed 77120/125664 rows
Parsed 77152/125664 rows
Parsed 77184/125664 rows
Parsed 77216/125664 rows
Parsed 77248/125664 rows
Parsed 77280/125664 rows
Parsed 77312/125664 rows
Parsed 77344/125664 rows
Parsed 77376/125664 rows
Parsed 77408/125664 rows
Parsed 77440/125664 rows
Parsed 77472/125664 rows
Parsed 77504/125664 rows
Parsed 77536/125664 rows
Parsed 77568/125664 rows
Parsed 77600/125664 rows
Parsed 77632/125664 rows
Parsed 77664/125664 rows
Parsed 77696/125664 rows
Parsed 77728/125664 rows
Parsed 77760/125664 rows
Parsed 77792/125664 rows
Parsed 77824/125664 rows
Parsed 77856/125664 rows
Parsed 77888/125664 rows
Parsed 77920/125664 rows
Parsed 77952/125664 rows
Parsed 77984/125664 rows
Parsed 78016/125664 rows
Parsed 78048/125664 rows
Parsed 78080/125664 rows
Parsed 78112/125664 rows
Parsed 78144/125664 rows
Parsed 78176/125664 rows
Parsed 78208/125664 rows
Parsed 78240/125664 rows
Parsed 78272/125664 rows
Parsed 78304/125664 rows
Parsed 78336/125664 rows
Parsed 78368/125664 rows
Parsed 78400/125664 rows
Parsed 78432/125664 rows
Parsed 78464/125664 rows
Parsed 78496/125664 rows
Parsed 78528/125664 rows
Parsed 78560/125664 rows
Parsed 78592/125664 rows
Parsed 78624/125664 rows
Parsed 78656/125664 rows
Parsed 78688/125664 rows
Parsed 78720/125664 rows
Parsed 78752/125664 rows
Parsed 78784/125664 rows
Parsed 78816/125664 rows
Parsed 78848/125664 rows
Parsed 78880/125664 rows
Parsed 78912/125664 rows
Parsed 78944/125664 rows
Parsed 78976/125664 rows
Parsed 79008/125664 rows
Parsed 79040/125664 rows
Parsed 79072/125664 rows
Parsed 79104/125664 rows
Parsed 79136/125664 rows
Parsed 79168/125664 rows
Parsed 79200/125664 rows
Parsed 79232/125664 rows
Parsed 79264/125664 rows
Parsed 79296/125664 rows
Parsed 79328/125664 rows
Parsed 79360/125664 rows
Parsed 79392/125664 rows
Parsed 79424/125664 rows
Parsed 79456/125664 rows
Parsed 79488/125664 rows
Parsed 79520/125664 rows
Parsed 79552/125664 rows
Parsed 79584/125664 rows
Parsed 79616/125664 rows
Parsed 79648/125664 rows
Parsed 79680/125664 rows
Parsed 79712/125664 rows
Parsed 79744/125664 rows
Parsed 79776/125664 rows
Parsed 79808/125664 rows
Parsed 79840/125664 rows
Parsed 79872/125664 rows
Parsed 79904/125664 rows
Parsed 79936/125664 rows
Parsed 79968/125664 rows
Parsed 80000/125664 rows
Parsed 80032/125664 rows
Parsed 80064/125664 rows
Parsed 80096/125664 rows
Parsed 80128/125664 rows
Parsed 80160/125664 rows
Parsed 80192/125664 rows
Parsed 80224/125664 rows
Parsed 80256/125664 rows
Parsed 80288/125664 rows
Parsed 80320/125664 rows
Parsed 80352/125664 rows
Parsed 80384/125664 rows
Parsed 80416/125664 rows
Parsed 80448/125664 rows
Parsed 80480/125664 rows
Parsed 80512/125664 rows
Parsed 80544/125664 rows
Parsed 80576/125664 rows
Parsed 80608/125664 rows
Parsed 80640/125664 rows
Parsed 80672/125664 rows
Parsed 80704/125664 rows
Parsed 80736/125664 rows
Parsed 80768/125664 rows
Parsed 80800/125664 rows
Parsed 80832/125664 rows
Parsed 80864/125664 rows
Parsed 80896/125664 rows
Parsed 80928/125664 rows
Parsed 80960/125664 rows
Parsed 80992/125664 rows
Parsed 81024/125664 rows
Parsed 81056/125664 rows
Parsed 81088/125664 rows
Parsed 81120/125664 rows
Parsed 81152/125664 rows
Parsed 81184/125664 rows
Parsed 81216/125664 rows
Parsed 81248/125664 rows
Parsed 81280/125664 rows
Parsed 81312/125664 rows
Parsed 81344/125664 rows
Parsed 81376/125664 rows
Parsed 81408/125664 rows
Parsed 81440/125664 rows
Parsed 81472/125664 rows
Parsed 81504/125664 rows
Parsed 81536/125664 rows
Parsed 81568/125664 rows
Parsed 81600/125664 rows
Parsed 81632/125664 rows
Parsed 81664/125664 rows
Parsed 81696/125664 rows
Parsed 81728/125664 rows
Parsed 81760/125664 rows
Parsed 81792/125664 rows
Parsed 81824/125664 rows
Parsed 81856/125664 rows
Parsed 81888/125664 rows
Parsed 81920/125664 rows
Parsed 81952/125664 rows
Parsed 81984/125664 rows
Parsed 82016/125664 rows
Parsed 82048/125664 rows
Parsed 82080/125664 rows
Parsed 82112/125664 rows
Parsed 82144/125664 rows
Parsed 82176/125664 rows
Parsed 82208/125664 rows
Parsed 82240/125664 rows
Parsed 82272/125664 rows
Parsed 82304/125664 rows
Parsed 82336/125664 rows
Parsed 82368/125664 rows
Parsed 82400/125664 rows
Parsed 82432/125664 rows
Parsed 82464/125664 rows
Parsed 82496/125664 rows
Parsed 82528/125664 rows
Parsed 82560/125664 rows
Parsed 82592/125664 rows
Parsed 82624/125664 rows
Parsed 82656/125664 rows
Parsed 82688/125664 rows
Parsed 82720/125664 rows
Parsed 82752/125664 rows
Parsed 82784/125664 rows
Parsed 82816/125664 rows
Parsed 82848/125664 rows
Parsed 82880/125664 rows
Parsed 82912/125664 rows
Parsed 82944/125664 rows
Parsed 82976/125664 rows
Parsed 83008/125664 rows
Parsed 83040/125664 rows
Parsed 83072/125664 rows
Parsed 83104/125664 rows
Parsed 83136/125664 rows
Parsed 83168/125664 rows
Parsed 83200/125664 rows
Parsed 83232/125664 rows
Parsed 83264/125664 rows
Parsed 83296/125664 rows
Parsed 83328/125664 rows
Parsed 83360/125664 rows
Parsed 83392/125664 rows
Parsed 83424/125664 rows
Parsed 83456/125664 rows
Parsed 83488/125664 rows
Parsed 83520/125664 rows
Parsed 83552/125664 rows
Parsed 83584/125664 rows
Parsed 83616/125664 rows
Parsed 83648/125664 rows
Parsed 83680/125664 rows
Parsed 83712/125664 rows
Parsed 83744/125664 rows
Parsed 83776/125664 rows
Parsed 83808/125664 rows
Parsed 83840/125664 rows
Parsed 83872/125664 rows
Parsed 83904/125664 rows
Parsed 83936/125664 rows
Parsed 83968/125664 rows
Parsed 84000/125664 rows
Parsed 84032/125664 rows
Parsed 84064/125664 rows
Parsed 84096/125664 rows
Parsed 84128/125664 rows
Parsed 84160/125664 rows
Parsed 84192/125664 rows
Parsed 84224/125664 rows
Parsed 84256/125664 rows
Parsed 84288/125664 rows
Parsed 84320/125664 rows
Parsed 84352/125664 rows
Parsed 84384/125664 rows
Parsed 84416/125664 rows
Parsed 84448/125664 rows
Parsed 84480/125664 rows
Parsed 84512/125664 rows
Parsed 84544/125664 rows
Parsed 84576/125664 rows
Parsed 84608/125664 rows
Parsed 84640/125664 rows
Parsed 84672/125664 rows
Parsed 84704/125664 rows
Parsed 84736/125664 rows
Parsed 84768/125664 rows
Parsed 84800/125664 rows
Parsed 84832/125664 rows
Parsed 84864/125664 rows
Parsed 84896/125664 rows
Parsed 84928/125664 rows
Parsed 84960/125664 rows
Parsed 84992/125664 rows
Parsed 85024/125664 rows
Parsed 85056/125664 rows
Parsed 85088/125664 rows
Parsed 85120/125664 rows
Parsed 85152/125664 rows
Parsed 85184/125664 rows
Parsed 85216/125664 rows
Parsed 85248/125664 rows
Parsed 85280/125664 rows
Parsed 85312/125664 rows
Parsed 85344/125664 rows
Parsed 85376/125664 rows
Parsed 85408/125664 rows
Parsed 85440/125664 rows
Parsed 85472/125664 rows
Parsed 85504/125664 rows
Parsed 85536/125664 rows
Parsed 85568/125664 rows
Parsed 85600/125664 rows
Parsed 85632/125664 rows
Parsed 85664/125664 rows
Parsed 85696/125664 rows
Parsed 85728/125664 rows
Parsed 85760/125664 rows
Parsed 85792/125664 rows
Parsed 85824/125664 rows
Parsed 85856/125664 rows
Parsed 85888/125664 rows
Parsed 85920/125664 rows
Parsed 85952/125664 rows
Parsed 85984/125664 rows
Parsed 86016/125664 rows
Parsed 86048/125664 rows
Parsed 86080/125664 rows
Parsed 86112/125664 rows
Parsed 86144/125664 rows
Parsed 86176/125664 rows
Parsed 86208/125664 rows
Parsed 86240/125664 rows
Parsed 86272/125664 rows
Parsed 86304/125664 rows
Parsed 86336/125664 rows
Parsed 86368/125664 rows
Parsed 86400/125664 rows
Parsed 86432/125664 rows
Parsed 86464/125664 rows
Parsed 86496/125664 rows
Parsed 86528/125664 rows
Parsed 86560/125664 rows
Parsed 86592/125664 rows
Parsed 86624/125664 rows
Parsed 86656/125664 rows
Parsed 86688/125664 rows
Parsed 86720/125664 rows
Parsed 86752/125664 rows
Parsed 86784/125664 rows
Parsed 86816/125664 rows
Parsed 86848/125664 rows
Parsed 86880/125664 rows
Parsed 86912/125664 rows
Parsed 86944/125664 rows
Parsed 86976/125664 rows
Parsed 87008/125664 rows
Parsed 87040/125664 rows
Parsed 87072/125664 rows
Parsed 87104/125664 rows
Parsed 87136/125664 rows
Parsed 87168/125664 rows
Parsed 87200/125664 rows
Parsed 87232/125664 rows
Parsed 87264/125664 rows
Parsed 87296/125664 rows
Parsed 87328/125664 rows
Parsed 87360/125664 rows
Parsed 87392/125664 rows
Parsed 87424/125664 rows
Parsed 87456/125664 rows
Parsed 87488/125664 rows
Parsed 87520/125664 rows
Parsed 87552/125664 rows
Parsed 87584/125664 rows
Parsed 87616/125664 rows
Parsed 87648/125664 rows
Parsed 87680/125664 rows
Parsed 87712/125664 rows
Parsed 87744/125664 rows
Parsed 87776/125664 rows
Parsed 87808/125664 rows
Parsed 87840/125664 rows
Parsed 87872/125664 rows
Parsed 87904/125664 rows
Parsed 87936/125664 rows
Parsed 87968/125664 rows
Parsed 88000/125664 rows
Parsed 88032/125664 rows
Parsed 88064/125664 rows
Parsed 88096/125664 rows
Parsed 88128/125664 rows
Parsed 88160/125664 rows
Parsed 88192/125664 rows
Parsed 88224/125664 rows
Parsed 88256/125664 rows
Parsed 88288/125664 rows
Parsed 88320/125664 rows
Parsed 88352/125664 rows
Parsed 88384/125664 rows
Parsed 88416/125664 rows
Parsed 88448/125664 rows
Parsed 88480/125664 rows
Parsed 88512/125664 rows
Parsed 88544/125664 rows
Parsed 88576/125664 rows
Parsed 88608/125664 rows
Parsed 88640/125664 rows
Parsed 88672/125664 rows
Parsed 88704/125664 rows
Parsed 88736/125664 rows
Parsed 88768/125664 rows
Parsed 88800/125664 rows
Parsed 88832/125664 rows
Parsed 88864/125664 rows
Parsed 88896/125664 rows
Parsed 88928/125664 rows
Parsed 88960/125664 rows
Parsed 88992/125664 rows
Parsed 89024/125664 rows
Parsed 89056/125664 rows
Parsed 89088/125664 rows
Parsed 89120/125664 rows
Parsed 89152/125664 rows
Parsed 89184/125664 rows
Parsed 89216/125664 rows
Parsed 89248/125664 rows
Parsed 89280/125664 rows
Parsed 89312/125664 rows
Parsed 89344/125664 rows
Parsed 89376/125664 rows
Parsed 89408/125664 rows
Parsed 89440/125664 rows
Parsed 89472/125664 rows
Parsed 89504/125664 rows
Parsed 89536/125664 rows
Parsed 89568/125664 rows
Parsed 89600/125664 rows
Parsed 89632/125664 rows
Parsed 89664/125664 rows
Parsed 89696/125664 rows
Parsed 89728/125664 rows
Parsed 89760/125664 rows
Parsed 89792/125664 rows
Parsed 89824/125664 rows
Parsed 89856/125664 rows
Parsed 89888/125664 rows
Parsed 89920/125664 rows
Parsed 89952/125664 rows
Parsed 89984/125664 rows
Parsed 90016/125664 rows
Parsed 90048/125664 rows
Parsed 90080/125664 rows
Parsed 90112/125664 rows
Parsed 90144/125664 rows
Parsed 90176/125664 rows
Parsed 90208/125664 rows
Parsed 90240/125664 rows
Parsed 90272/125664 rows
Parsed 90304/125664 rows
Parsed 90336/125664 rows
Parsed 90368/125664 rows
Parsed 90400/125664 rows
Parsed 90432/125664 rows
Parsed 90464/125664 rows
Parsed 90496/125664 rows
Parsed 90528/125664 rows
Parsed 90560/125664 rows
Parsed 90592/125664 rows
Parsed 90624/125664 rows
Parsed 90656/125664 rows
Parsed 90688/125664 rows
Parsed 90720/125664 rows
Parsed 90752/125664 rows
Parsed 90784/125664 rows
Parsed 90816/125664 rows
Parsed 90848/125664 rows
Parsed 90880/125664 rows
Parsed 90912/125664 rows
Parsed 90944/125664 rows
Parsed 90976/125664 rows
Parsed 91008/125664 rows
Parsed 91040/125664 rows
Parsed 91072/125664 rows
Parsed 91104/125664 rows
Parsed 91136/125664 rows
Parsed 91168/125664 rows
Parsed 91200/125664 rows
Parsed 91232/125664 rows
Parsed 91264/125664 rows
Parsed 91296/125664 rows
Parsed 91328/125664 rows
Parsed 91360/125664 rows
Parsed 91392/125664 rows
Parsed 91424/125664 rows
Parsed 91456/125664 rows
Parsed 91488/125664 rows
Parsed 91520/125664 rows
Parsed 91552/125664 rows
Parsed 91584/125664 rows
Parsed 91616/125664 rows
Parsed 91648/125664 rows
Parsed 91680/125664 rows
Parsed 91712/125664 rows
Parsed 91744/125664 rows
Parsed 91776/125664 rows
Parsed 91808/125664 rows
Parsed 91840/125664 rows
Parsed 91872/125664 rows
Parsed 91904/125664 rows
Parsed 91936/125664 rows
Parsed 91968/125664 rows
Parsed 92000/125664 rows
Parsed 92032/125664 rows
Parsed 92064/125664 rows
Parsed 92096/125664 rows
Parsed 92128/125664 rows
Parsed 92160/125664 rows
Parsed 92192/125664 rows
Parsed 92224/125664 rows
Parsed 92256/125664 rows
Parsed 92288/125664 rows
Parsed 92320/125664 rows
Parsed 92352/125664 rows
Parsed 92384/125664 rows
Parsed 92416/125664 rows
Parsed 92448/125664 rows
Parsed 92480/125664 rows
Parsed 92512/125664 rows
Parsed 92544/125664 rows
Parsed 92576/125664 rows
Parsed 92608/125664 rows
Parsed 92640/125664 rows
Parsed 92672/125664 rows
Parsed 92704/125664 rows
Parsed 92736/125664 rows
Parsed 92768/125664 rows
Parsed 92800/125664 rows
Parsed 92832/125664 rows
Parsed 92864/125664 rows
Parsed 92896/125664 rows
Parsed 92928/125664 rows
Parsed 92960/125664 rows
Parsed 92992/125664 rows
Parsed 93024/125664 rows
Parsed 93056/125664 rows
Parsed 93088/125664 rows
Parsed 93120/125664 rows
Parsed 93152/125664 rows
Parsed 93184/125664 rows
Parsed 93216/125664 rows
Parsed 93248/125664 rows
Parsed 93280/125664 rows
Parsed 93312/125664 rows
Parsed 93344/125664 rows
Parsed 93376/125664 rows
Parsed 93408/125664 rows
Parsed 93440/125664 rows
Parsed 93472/125664 rows
Parsed 93504/125664 rows
Parsed 93536/125664 rows
Parsed 93568/125664 rows
Parsed 93600/125664 rows
Parsed 93632/125664 rows
Parsed 93664/125664 rows
Parsed 93696/125664 rows
Parsed 93728/125664 rows
Parsed 93760/125664 rows
Parsed 93792/125664 rows
Parsed 93824/125664 rows
Parsed 93856/125664 rows
Parsed 93888/125664 rows
Parsed 93920/125664 rows
Parsed 93952/125664 rows
Parsed 93984/125664 rows
Parsed 94016/125664 rows
Parsed 94048/125664 rows
Parsed 94080/125664 rows
Parsed 94112/125664 rows
Parsed 94144/125664 rows
Parsed 94176/125664 rows
Parsed 94208/125664 rows
Parsed 94240/125664 rows
Parsed 94272/125664 rows
Parsed 94304/125664 rows
Parsed 94336/125664 rows
Parsed 94368/125664 rows
Parsed 94400/125664 rows
Parsed 94432/125664 rows
Parsed 94464/125664 rows
Parsed 94496/125664 rows
Parsed 94528/125664 rows
Parsed 94560/125664 rows
Parsed 94592/125664 rows
Parsed 94624/125664 rows
Parsed 94656/125664 rows
Parsed 94688/125664 rows
Parsed 94720/125664 rows
Parsed 94752/125664 rows
Parsed 94784/125664 rows
Parsed 94816/125664 rows
Parsed 94848/125664 rows
Parsed 94880/125664 rows
Parsed 94912/125664 rows
Parsed 94944/125664 rows
Parsed 94976/125664 rows
Parsed 95008/125664 rows
Parsed 95040/125664 rows
Parsed 95072/125664 rows
Parsed 95104/125664 rows
Parsed 95136/125664 rows
Parsed 95168/125664 rows
Parsed 95200/125664 rows
Parsed 95232/125664 rows
Parsed 95264/125664 rows
Parsed 95296/125664 rows
Parsed 95328/125664 rows
Parsed 95360/125664 rows
Parsed 95392/125664 rows
Parsed 95424/125664 rows
Parsed 95456/125664 rows
Parsed 95488/125664 rows
Parsed 95520/125664 rows
Parsed 95552/125664 rows
Parsed 95584/125664 rows
Parsed 95616/125664 rows
Parsed 95648/125664 rows
Parsed 95680/125664 rows
Parsed 95712/125664 rows
Parsed 95744/125664 rows
Parsed 95776/125664 rows
Parsed 95808/125664 rows
Parsed 95840/125664 rows
Parsed 95872/125664 rows
Parsed 95904/125664 rows
Parsed 95936/125664 rows
Parsed 95968/125664 rows
Parsed 96000/125664 rows
Parsed 96032/125664 rows
Parsed 96064/125664 rows
Parsed 96096/125664 rows
Parsed 96128/125664 rows
Parsed 96160/125664 rows
Parsed 96192/125664 rows
Parsed 96224/125664 rows
Parsed 96256/125664 rows
Parsed 96288/125664 rows
Parsed 96320/125664 rows
Parsed 96352/125664 rows
Parsed 96384/125664 rows
Parsed 96416/125664 rows
Parsed 96448/125664 rows
Parsed 96480/125664 rows
Parsed 96512/125664 rows
Parsed 96544/125664 rows
Parsed 96576/125664 rows
Parsed 96608/125664 rows
Parsed 96640/125664 rows
Parsed 96672/125664 rows
Parsed 96704/125664 rows
Parsed 96736/125664 rows
Parsed 96768/125664 rows
Parsed 96800/125664 rows
Parsed 96832/125664 rows
Parsed 96864/125664 rows
Parsed 96896/125664 rows
Parsed 96928/125664 rows
Parsed 96960/125664 rows
Parsed 96992/125664 rows
Parsed 97024/125664 rows
Parsed 97056/125664 rows
Parsed 97088/125664 rows
Parsed 97120/125664 rows
Parsed 97152/125664 rows
Parsed 97184/125664 rows
Parsed 97216/125664 rows
Parsed 97248/125664 rows
Parsed 97280/125664 rows
Parsed 97312/125664 rows
Parsed 97344/125664 rows
Parsed 97376/125664 rows
Parsed 97408/125664 rows
Parsed 97440/125664 rows
Parsed 97472/125664 rows
Parsed 97504/125664 rows
Parsed 97536/125664 rows
Parsed 97568/125664 rows
Parsed 97600/125664 rows
Parsed 97632/125664 rows
Parsed 97664/125664 rows
Parsed 97696/125664 rows
Parsed 97728/125664 rows
Parsed 97760/125664 rows
Parsed 97792/125664 rows
Parsed 97824/125664 rows
Parsed 97856/125664 rows
Parsed 97888/125664 rows
Parsed 97920/125664 rows
Parsed 97952/125664 rows
Parsed 97984/125664 rows
Parsed 98016/125664 rows
Parsed 98048/125664 rows
Parsed 98080/125664 rows
Parsed 98112/125664 rows
Parsed 98144/125664 rows
Parsed 98176/125664 rows
Parsed 98208/125664 rows
Parsed 98240/125664 rows
Parsed 98272/125664 rows
Parsed 98304/125664 rows
Parsed 98336/125664 rows
Parsed 98368/125664 rows
Parsed 98400/125664 rows
Parsed 98432/125664 rows
Parsed 98464/125664 rows
Parsed 98496/125664 rows
Parsed 98528/125664 rows
Parsed 98560/125664 rows
Parsed 98592/125664 rows
Parsed 98624/125664 rows
Parsed 98656/125664 rows
Parsed 98688/125664 rows
Parsed 98720/125664 rows
Parsed 98752/125664 rows
Parsed 98784/125664 rows
Parsed 98816/125664 rows
Parsed 98848/125664 rows
Parsed 98880/125664 rows
Parsed 98912/125664 rows
Parsed 98944/125664 rows
Parsed 98976/125664 rows
Parsed 99008/125664 rows
Parsed 99040/125664 rows
Parsed 99072/125664 rows
Parsed 99104/125664 rows
Parsed 99136/125664 rows
Parsed 99168/125664 rows
Parsed 99200/125664 rows
Parsed 99232/125664 rows
Parsed 99264/125664 rows
Parsed 99296/125664 rows
Parsed 99328/125664 rows
Parsed 99360/125664 rows
Parsed 99392/125664 rows
Parsed 99424/125664 rows
Parsed 99456/125664 rows
Parsed 99488/125664 rows
Parsed 99520/125664 rows
Parsed 99552/125664 rows
Parsed 99584/125664 rows
Parsed 99616/125664 rows
Parsed 99648/125664 rows
Parsed 99680/125664 rows
Parsed 99712/125664 rows
Parsed 99744/125664 rows
Parsed 99776/125664 rows
Parsed 99808/125664 rows
Parsed 99840/125664 rows
Parsed 99872/125664 rows
Parsed 99904/125664 rows
Parsed 99936/125664 rows
Parsed 99968/125664 rows
Parsed 100000/125664 rows
Parsed 100032/125664 rows
Parsed 100064/125664 rows
Parsed 100096/125664 rows
Parsed 100128/125664 rows
Parsed 100160/125664 rows
Parsed 100192/125664 rows
Parsed 100224/125664 rows
Parsed 100256/125664 rows
Parsed 100288/125664 rows
Parsed 100320/125664 rows
Parsed 100352/125664 rows
Parsed 100384/125664 rows
Parsed 100416/125664 rows
Parsed 100448/125664 rows
Parsed 100480/125664 rows
Parsed 100512/125664 rows
Parsed 100544/125664 rows
Parsed 100576/125664 rows
Parsed 100608/125664 rows
Parsed 100640/125664 rows
Parsed 100672/125664 rows
Parsed 100704/125664 rows
Parsed 100736/125664 rows
Parsed 100768/125664 rows
Parsed 100800/125664 rows
Parsed 100832/125664 rows
Parsed 100864/125664 rows
Parsed 100896/125664 rows
Parsed 100928/125664 rows
Parsed 100960/125664 rows
Parsed 100992/125664 rows
Parsed 101024/125664 rows
Parsed 101056/125664 rows
Parsed 101088/125664 rows
Parsed 101120/125664 rows
Parsed 101152/125664 rows
Parsed 101184/125664 rows
Parsed 101216/125664 rows
Parsed 101248/125664 rows
Parsed 101280/125664 rows
Parsed 101312/125664 rows
Parsed 101344/125664 rows
Parsed 101376/125664 rows
Parsed 101408/125664 rows
Parsed 101440/125664 rows
Parsed 101472/125664 rows
Parsed 101504/125664 rows
Parsed 101536/125664 rows
Parsed 101568/125664 rows
Parsed 101600/125664 rows
Parsed 101632/125664 rows
Parsed 101664/125664 rows
Parsed 101696/125664 rows
Parsed 101728/125664 rows
Parsed 101760/125664 rows
Parsed 101792/125664 rows
Parsed 101824/125664 rows
Parsed 101856/125664 rows
Parsed 101888/125664 rows
Parsed 101920/125664 rows
Parsed 101952/125664 rows
Parsed 101984/125664 rows
Parsed 102016/125664 rows
Parsed 102048/125664 rows
Parsed 102080/125664 rows
Parsed 102112/125664 rows
Parsed 102144/125664 rows
Parsed 102176/125664 rows
Parsed 102208/125664 rows
Parsed 102240/125664 rows
Parsed 102272/125664 rows
Parsed 102304/125664 rows
Parsed 102336/125664 rows
Parsed 102368/125664 rows
Parsed 102400/125664 rows
Parsed 102432/125664 rows
Parsed 102464/125664 rows
Parsed 102496/125664 rows
Parsed 102528/125664 rows
Parsed 102560/125664 rows
Parsed 102592/125664 rows
Parsed 102624/125664 rows
Parsed 102656/125664 rows
Parsed 102688/125664 rows
Parsed 102720/125664 rows
Parsed 102752/125664 rows
Parsed 102784/125664 rows
Parsed 102816/125664 rows
Parsed 102848/125664 rows
Parsed 102880/125664 rows
Parsed 102912/125664 rows
Parsed 102944/125664 rows
Parsed 102976/125664 rows
Parsed 103008/125664 rows
Parsed 103040/125664 rows
Parsed 103072/125664 rows
Parsed 103104/125664 rows
Parsed 103136/125664 rows
Parsed 103168/125664 rows
Parsed 103200/125664 rows
Parsed 103232/125664 rows
Parsed 103264/125664 rows
Parsed 103296/125664 rows
Parsed 103328/125664 rows
Parsed 103360/125664 rows
Parsed 103392/125664 rows
Parsed 103424/125664 rows
Parsed 103456/125664 rows
Parsed 103488/125664 rows
Parsed 103520/125664 rows
Parsed 103552/125664 rows
Parsed 103584/125664 rows
Parsed 103616/125664 rows
Parsed 103648/125664 rows
Parsed 103680/125664 rows
Parsed 103712/125664 rows
Parsed 103744/125664 rows
Parsed 103776/125664 rows
Parsed 103808/125664 rows
Parsed 103840/125664 rows
Parsed 103872/125664 rows
Parsed 103904/125664 rows
Parsed 103936/125664 rows
Parsed 103968/125664 rows
Parsed 104000/125664 rows
Parsed 104032/125664 rows
Parsed 104064/125664 rows
Parsed 104096/125664 rows
Parsed 104128/125664 rows
Parsed 104160/125664 rows
Parsed 104192/125664 rows
Parsed 104224/125664 rows
Parsed 104256/125664 rows
Parsed 104288/125664 rows
Parsed 104320/125664 rows
Parsed 104352/125664 rows
Parsed 104384/125664 rows
Parsed 104416/125664 rows
Parsed 104448/125664 rows
Parsed 104480/125664 rows
Parsed 104512/125664 rows
Parsed 104544/125664 rows
Parsed 104576/125664 rows
Parsed 104608/125664 rows
Parsed 104640/125664 rows
Parsed 104672/125664 rows
Parsed 104704/125664 rows
Parsed 104736/125664 rows
Parsed 104768/125664 rows
Parsed 104800/125664 rows
Parsed 104832/125664 rows
Parsed 104864/125664 rows
Parsed 104896/125664 rows
Parsed 104928/125664 rows
Parsed 104960/125664 rows
Parsed 104992/125664 rows
Parsed 105024/125664 rows
Parsed 105056/125664 rows
Parsed 105088/125664 rows
Parsed 105120/125664 rows
Parsed 105152/125664 rows
Parsed 105184/125664 rows
Parsed 105216/125664 rows
Parsed 105248/125664 rows
Parsed 105280/125664 rows
Parsed 105312/125664 rows
Parsed 105344/125664 rows
Parsed 105376/125664 rows
Parsed 105408/125664 rows
Parsed 105440/125664 rows
Parsed 105472/125664 rows
Parsed 105504/125664 rows
Parsed 105536/125664 rows
Parsed 105568/125664 rows
Parsed 105600/125664 rows
Parsed 105632/125664 rows
Parsed 105664/125664 rows
Parsed 105696/125664 rows
Parsed 105728/125664 rows
Parsed 105760/125664 rows
Parsed 105792/125664 rows
Parsed 105824/125664 rows
Parsed 105856/125664 rows
Parsed 105888/125664 rows
Parsed 105920/125664 rows
Parsed 105952/125664 rows
Parsed 105984/125664 rows
Parsed 106016/125664 rows
Parsed 106048/125664 rows
Parsed 106080/125664 rows
Parsed 106112/125664 rows
Parsed 106144/125664 rows
Parsed 106176/125664 rows
Parsed 106208/125664 rows
Parsed 106240/125664 rows
Parsed 106272/125664 rows
Parsed 106304/125664 rows
Parsed 106336/125664 rows
Parsed 106368/125664 rows
Parsed 106400/125664 rows
Parsed 106432/125664 rows
Parsed 106464/125664 rows
Parsed 106496/125664 rows
Parsed 106528/125664 rows
Parsed 106560/125664 rows
Parsed 106592/125664 rows
Parsed 106624/125664 rows
Parsed 106656/125664 rows
Parsed 106688/125664 rows
Parsed 106720/125664 rows
Parsed 106752/125664 rows
Parsed 106784/125664 rows
Parsed 106816/125664 rows
Parsed 106848/125664 rows
Parsed 106880/125664 rows
Parsed 106912/125664 rows
Parsed 106944/125664 rows
Parsed 106976/125664 rows
Parsed 107008/125664 rows
Parsed 107040/125664 rows
Parsed 107072/125664 rows
Parsed 107104/125664 rows
Parsed 107136/125664 rows
Parsed 107168/125664 rows
Parsed 107200/125664 rows
Parsed 107232/125664 rows
Parsed 107264/125664 rows
Parsed 107296/125664 rows
Parsed 107328/125664 rows
Parsed 107360/125664 rows
Parsed 107392/125664 rows
Parsed 107424/125664 rows
Parsed 107456/125664 rows
Parsed 107488/125664 rows
Parsed 107520/125664 rows
Parsed 107552/125664 rows
Parsed 107584/125664 rows
Parsed 107616/125664 rows
Parsed 107648/125664 rows
Parsed 107680/125664 rows
Parsed 107712/125664 rows
Parsed 107744/125664 rows
Parsed 107776/125664 rows
Parsed 107808/125664 rows
Parsed 107840/125664 rows
Parsed 107872/125664 rows
Parsed 107904/125664 rows
Parsed 107936/125664 rows
Parsed 107968/125664 rows
Parsed 108000/125664 rows
Parsed 108032/125664 rows
Parsed 108064/125664 rows
Parsed 108096/125664 rows
Parsed 108128/125664 rows
Parsed 108160/125664 rows
Parsed 108192/125664 rows
Parsed 108224/125664 rows
Parsed 108256/125664 rows
Parsed 108288/125664 rows
Parsed 108320/125664 rows
Parsed 108352/125664 rows
Parsed 108384/125664 rows
Parsed 108416/125664 rows
Parsed 108448/125664 rows
Parsed 108480/125664 rows
Parsed 108512/125664 rows
Parsed 108544/125664 rows
Parsed 108576/125664 rows
Parsed 108608/125664 rows
Parsed 108640/125664 rows
Parsed 108672/125664 rows
Parsed 108704/125664 rows
Parsed 108736/125664 rows
Parsed 108768/125664 rows
Parsed 108800/125664 rows
Parsed 108832/125664 rows
Parsed 108864/125664 rows
Parsed 108896/125664 rows
Parsed 108928/125664 rows
Parsed 108960/125664 rows
Parsed 108992/125664 rows
Parsed 109024/125664 rows
Parsed 109056/125664 rows
Parsed 109088/125664 rows
Parsed 109120/125664 rows
Parsed 109152/125664 rows
Parsed 109184/125664 rows
Parsed 109216/125664 rows
Parsed 109248/125664 rows
Parsed 109280/125664 rows
Parsed 109312/125664 rows
Parsed 109344/125664 rows
Parsed 109376/125664 rows
Parsed 109408/125664 rows
Parsed 109440/125664 rows
Parsed 109472/125664 rows
Parsed 109504/125664 rows
Parsed 109536/125664 rows
Parsed 109568/125664 rows
Parsed 109600/125664 rows
Parsed 109632/125664 rows
Parsed 109664/125664 rows
Parsed 109696/125664 rows
Parsed 109728/125664 rows
Parsed 109760/125664 rows
Parsed 109792/125664 rows
Parsed 109824/125664 rows
Parsed 109856/125664 rows
Parsed 109888/125664 rows
Parsed 109920/125664 rows
Parsed 109952/125664 rows
Parsed 109984/125664 rows
Parsed 110016/125664 rows
Parsed 110048/125664 rows
Parsed 110080/125664 rows
Parsed 110112/125664 rows
Parsed 110144/125664 rows
Parsed 110176/125664 rows
Parsed 110208/125664 rows
Parsed 110240/125664 rows
Parsed 110272/125664 rows
Parsed 110304/125664 rows
Parsed 110336/125664 rows
Parsed 110368/125664 rows
Parsed 110400/125664 rows
Parsed 110432/125664 rows
Parsed 110464/125664 rows
Parsed 110496/125664 rows
Parsed 110528/125664 rows
Parsed 110560/125664 rows
Parsed 110592/125664 rows
Parsed 110624/125664 rows
Parsed 110656/125664 rows
Parsed 110688/125664 rows
Parsed 110720/125664 rows
Parsed 110752/125664 rows
Parsed 110784/125664 rows
Parsed 110816/125664 rows
Parsed 110848/125664 rows
Parsed 110880/125664 rows
Parsed 110912/125664 rows
Parsed 110944/125664 rows
Parsed 110976/125664 rows
Parsed 111008/125664 rows
Parsed 111040/125664 rows
Parsed 111072/125664 rows
Parsed 111104/125664 rows
Parsed 111136/125664 rows
Parsed 111168/125664 rows
Parsed 111200/125664 rows
Parsed 111232/125664 rows
Parsed 111264/125664 rows
Parsed 111296/125664 rows
Parsed 111328/125664 rows
Parsed 111360/125664 rows
Parsed 111392/125664 rows
Parsed 111424/125664 rows
Parsed 111456/125664 rows
Parsed 111488/125664 rows
Parsed 111520/125664 rows
Parsed 111552/125664 rows
Parsed 111584/125664 rows
Parsed 111616/125664 rows
Parsed 111648/125664 rows
Parsed 111680/125664 rows
Parsed 111712/125664 rows
Parsed 111744/125664 rows
Parsed 111776/125664 rows
Parsed 111808/125664 rows
Parsed 111840/125664 rows
Parsed 111872/125664 rows
Parsed 111904/125664 rows
Parsed 111936/125664 rows
Parsed 111968/125664 rows
Parsed 112000/125664 rows
Parsed 112032/125664 rows
Parsed 112064/125664 rows
Parsed 112096/125664 rows
Parsed 112128/125664 rows
Parsed 112160/125664 rows
Parsed 112192/125664 rows
Parsed 112224/125664 rows
Parsed 112256/125664 rows
Parsed 112288/125664 rows
Parsed 112320/125664 rows
Parsed 112352/125664 rows
Parsed 112384/125664 rows
Parsed 112416/125664 rows
Parsed 112448/125664 rows
Parsed 112480/125664 rows
Parsed 112512/125664 rows
Parsed 112544/125664 rows
Parsed 112576/125664 rows
Parsed 112608/125664 rows
Parsed 112640/125664 rows
Parsed 112672/125664 rows
Parsed 112704/125664 rows
Parsed 112736/125664 rows
Parsed 112768/125664 rows
Parsed 112800/125664 rows
Parsed 112832/125664 rows
Parsed 112864/125664 rows
Parsed 112896/125664 rows
Parsed 112928/125664 rows
Parsed 112960/125664 rows
Parsed 112992/125664 rows
Parsed 113024/125664 rows
Parsed 113056/125664 rows
Parsed 113088/125664 rows
Parsed 113120/125664 rows
Parsed 113152/125664 rows
Parsed 113184/125664 rows
Parsed 113216/125664 rows
Parsed 113248/125664 rows
Parsed 113280/125664 rows
Parsed 113312/125664 rows
Parsed 113344/125664 rows
Parsed 113376/125664 rows
Parsed 113408/125664 rows
Parsed 113440/125664 rows
Parsed 113472/125664 rows
Parsed 113504/125664 rows
Parsed 113536/125664 rows
Parsed 113568/125664 rows
Parsed 113600/125664 rows
Parsed 113632/125664 rows
Parsed 113664/125664 rows
Parsed 113696/125664 rows
Parsed 113728/125664 rows
Parsed 113760/125664 rows
Parsed 113792/125664 rows
Parsed 113824/125664 rows
Parsed 113856/125664 rows
Parsed 113888/125664 rows
Parsed 113920/125664 rows
Parsed 113952/125664 rows
Parsed 113984/125664 rows
Parsed 114016/125664 rows
Parsed 114048/125664 rows
Parsed 114080/125664 rows
Parsed 114112/125664 rows
Parsed 114144/125664 rows
Parsed 114176/125664 rows
Parsed 114208/125664 rows
Parsed 114240/125664 rows
Parsed 114272/125664 rows
Parsed 114304/125664 rows
Parsed 114336/125664 rows
Parsed 114368/125664 rows
Parsed 114400/125664 rows
Parsed 114432/125664 rows
Parsed 114464/125664 rows
Parsed 114496/125664 rows
Parsed 114528/125664 rows
Parsed 114560/125664 rows
Parsed 114592/125664 rows
Parsed 114624/125664 rows
Parsed 114656/125664 rows
Parsed 114688/125664 rows
Parsed 114720/125664 rows
Parsed 114752/125664 rows
Parsed 114784/125664 rows
Parsed 114816/125664 rows
Parsed 114848/125664 rows
Parsed 114880/125664 rows
Parsed 114912/125664 rows
Parsed 114944/125664 rows
Parsed 114976/125664 rows
Parsed 115008/125664 rows
Parsed 115040/125664 rows
Parsed 115072/125664 rows
Parsed 115104/125664 rows
Parsed 115136/125664 rows
Parsed 115168/125664 rows
Parsed 115200/125664 rows
Parsed 115232/125664 rows
Parsed 115264/125664 rows
Parsed 115296/125664 rows
Parsed 115328/125664 rows
Parsed 115360/125664 rows
Parsed 115392/125664 rows
Parsed 115424/125664 rows
Parsed 115456/125664 rows
Parsed 115488/125664 rows
Parsed 115520/125664 rows
Parsed 115552/125664 rows
Parsed 115584/125664 rows
Parsed 115616/125664 rows
Parsed 115648/125664 rows
Parsed 115680/125664 rows
Parsed 115712/125664 rows
Parsed 115744/125664 rows
Parsed 115776/125664 rows
Parsed 115808/125664 rows
Parsed 115840/125664 rows
Parsed 115872/125664 rows
Parsed 115904/125664 rows
Parsed 115936/125664 rows
Parsed 115968/125664 rows
Parsed 116000/125664 rows
Parsed 116032/125664 rows
Parsed 116064/125664 rows
Parsed 116096/125664 rows
Parsed 116128/125664 rows
Parsed 116160/125664 rows
Parsed 116192/125664 rows
Parsed 116224/125664 rows
Parsed 116256/125664 rows
Parsed 116288/125664 rows
Parsed 116320/125664 rows
Parsed 116352/125664 rows
Parsed 116384/125664 rows
Parsed 116416/125664 rows
Parsed 116448/125664 rows
Parsed 116480/125664 rows
Parsed 116512/125664 rows
Parsed 116544/125664 rows
Parsed 116576/125664 rows
Parsed 116608/125664 rows
Parsed 116640/125664 rows
Parsed 116672/125664 rows
Parsed 116704/125664 rows
Parsed 116736/125664 rows
Parsed 116768/125664 rows
Parsed 116800/125664 rows
Parsed 116832/125664 rows
Parsed 116864/125664 rows
Parsed 116896/125664 rows
Parsed 116928/125664 rows
Parsed 116960/125664 rows
Parsed 116992/125664 rows
Parsed 117024/125664 rows
Parsed 117056/125664 rows
Parsed 117088/125664 rows
Parsed 117120/125664 rows
Parsed 117152/125664 rows
Parsed 117184/125664 rows
Parsed 117216/125664 rows
Parsed 117248/125664 rows
Parsed 117280/125664 rows
Parsed 117312/125664 rows
Parsed 117344/125664 rows
Parsed 117376/125664 rows
Parsed 117408/125664 rows
Parsed 117440/125664 rows
Parsed 117472/125664 rows
Parsed 117504/125664 rows
Parsed 117536/125664 rows
Parsed 117568/125664 rows
Parsed 117600/125664 rows
Parsed 117632/125664 rows
Parsed 117664/125664 rows
Parsed 117696/125664 rows
Parsed 117728/125664 rows
Parsed 117760/125664 rows
Parsed 117792/125664 rows
Parsed 117824/125664 rows
Parsed 117856/125664 rows
Parsed 117888/125664 rows
Parsed 117920/125664 rows
Parsed 117952/125664 rows
Parsed 117984/125664 rows
Parsed 118016/125664 rows
Parsed 118048/125664 rows
Parsed 118080/125664 rows
Parsed 118112/125664 rows
Parsed 118144/125664 rows
Parsed 118176/125664 rows
Parsed 118208/125664 rows
Parsed 118240/125664 rows
Parsed 118272/125664 rows
Parsed 118304/125664 rows
Parsed 118336/125664 rows
Parsed 118368/125664 rows
Parsed 118400/125664 rows
Parsed 118432/125664 rows
Parsed 118464/125664 rows
Parsed 118496/125664 rows
Parsed 118528/125664 rows
Parsed 118560/125664 rows
Parsed 118592/125664 rows
Parsed 118624/125664 rows
Parsed 118656/125664 rows
Parsed 118688/125664 rows
Parsed 118720/125664 rows
Parsed 118752/125664 rows
Parsed 118784/125664 rows
Parsed 118816/125664 rows
Parsed 118848/125664 rows
Parsed 118880/125664 rows
Parsed 118912/125664 rows
Parsed 118944/125664 rows
Parsed 118976/125664 rows
Parsed 119008/125664 rows
Parsed 119040/125664 rows
Parsed 119072/125664 rows
Parsed 119104/125664 rows
Parsed 119136/125664 rows
Parsed 119168/125664 rows
Parsed 119200/125664 rows
Parsed 119232/125664 rows
Parsed 119264/125664 rows
Parsed 119296/125664 rows
Parsed 119328/125664 rows
Parsed 119360/125664 rows
Parsed 119392/125664 rows
Parsed 119424/125664 rows
Parsed 119456/125664 rows
Parsed 119488/125664 rows
Parsed 119520/125664 rows
Parsed 119552/125664 rows
Parsed 119584/125664 rows
Parsed 119616/125664 rows
Parsed 119648/125664 rows
Parsed 119680/125664 rows
Parsed 119712/125664 rows
Parsed 119744/125664 rows
Parsed 119776/125664 rows
Parsed 119808/125664 rows
Parsed 119840/125664 rows
Parsed 119872/125664 rows
Parsed 119904/125664 rows
Parsed 119936/125664 rows
Parsed 119968/125664 rows
Parsed 120000/125664 rows
Parsed 120032/125664 rows
Parsed 120064/125664 rows
Parsed 120096/125664 rows
Parsed 120128/125664 rows
Parsed 120160/125664 rows
Parsed 120192/125664 rows
Parsed 120224/125664 rows
Parsed 120256/125664 rows
Parsed 120288/125664 rows
Parsed 120320/125664 rows
Parsed 120352/125664 rows
Parsed 120384/125664 rows
Parsed 120416/125664 rows
Parsed 120448/125664 rows
Parsed 120480/125664 rows
Parsed 120512/125664 rows
Parsed 120544/125664 rows
Parsed 120576/125664 rows
Parsed 120608/125664 rows
Parsed 120640/125664 rows
Parsed 120672/125664 rows
Parsed 120704/125664 rows
Parsed 120736/125664 rows
Parsed 120768/125664 rows
Parsed 120800/125664 rows
Parsed 120832/125664 rows
Parsed 120864/125664 rows
Parsed 120896/125664 rows
Parsed 120928/125664 rows
Parsed 120960/125664 rows
Parsed 120992/125664 rows
Parsed 121024/125664 rows
Parsed 121056/125664 rows
Parsed 121088/125664 rows
Parsed 121120/125664 rows
Parsed 121152/125664 rows
Parsed 121184/125664 rows
Parsed 121216/125664 rows
Parsed 121248/125664 rows
Parsed 121280/125664 rows
Parsed 121312/125664 rows
Parsed 121344/125664 rows
Parsed 121376/125664 rows
Parsed 121408/125664 rows
Parsed 121440/125664 rows
Parsed 121472/125664 rows
Parsed 121504/125664 rows
Parsed 121536/125664 rows
Parsed 121568/125664 rows
Parsed 121600/125664 rows
Parsed 121632/125664 rows
Parsed 121664/125664 rows
Parsed 121696/125664 rows
Parsed 121728/125664 rows
Parsed 121760/125664 rows
Parsed 121792/125664 rows
Parsed 121824/125664 rows
Parsed 121856/125664 rows
Parsed 121888/125664 rows
Parsed 121920/125664 rows
Parsed 121952/125664 rows
Parsed 121984/125664 rows
Parsed 122016/125664 rows
Parsed 122048/125664 rows
Parsed 122080/125664 rows
Parsed 122112/125664 rows
Parsed 122144/125664 rows
Parsed 122176/125664 rows
Parsed 122208/125664 rows
Parsed 122240/125664 rows
Parsed 122272/125664 rows
Parsed 122304/125664 rows
Parsed 122336/125664 rows
Parsed 122368/125664 rows
Parsed 122400/125664 rows
Parsed 122432/125664 rows
Parsed 122464/125664 rows
Parsed 122496/125664 rows
Parsed 122528/125664 rows
Parsed 122560/125664 rows
Parsed 122592/125664 rows
Parsed 122624/125664 rows
Parsed 122656/125664 rows
Parsed 122688/125664 rows
Parsed 122720/125664 rows
Parsed 122752/125664 rows
Parsed 122784/125664 rows
Parsed 122816/125664 rows
Parsed 122848/125664 rows
Parsed 122880/125664 rows
Parsed 122912/125664 rows
Parsed 122944/125664 rows
Parsed 122976/125664 rows
Parsed 123008/125664 rows
Parsed 123040/125664 rows
Parsed 123072/125664 rows
Parsed 123104/125664 rows
Parsed 123136/125664 rows
Parsed 123168/125664 rows
Parsed 123200/125664 rows
Parsed 123232/125664 rows
Parsed 123264/125664 rows
Parsed 123296/125664 rows
Parsed 123328/125664 rows
Parsed 123360/125664 rows
Parsed 123392/125664 rows
Parsed 123424/125664 rows
Parsed 123456/125664 rows
Parsed 123488/125664 rows
Parsed 123520/125664 rows
Parsed 123552/125664 rows
Parsed 123584/125664 rows
Parsed 123616/125664 rows
Parsed 123648/125664 rows
Parsed 123680/125664 rows
Parsed 123712/125664 rows
Parsed 123744/125664 rows
Parsed 123776/125664 rows
Parsed 123808/125664 rows
Parsed 123840/125664 rows
Parsed 123872/125664 rows
Parsed 123904/125664 rows
Parsed 123936/125664 rows
Parsed 123968/125664 rows
Parsed 124000/125664 rows
Parsed 124032/125664 rows
Parsed 124064/125664 rows
Parsed 124096/125664 rows
Parsed 124128/125664 rows
Parsed 124160/125664 rows
Parsed 124192/125664 rows
Parsed 124224/125664 rows
Parsed 124256/125664 rows
Parsed 124288/125664 rows
Parsed 124320/125664 rows
Parsed 124352/125664 rows
Parsed 124384/125664 rows
Parsed 124416/125664 rows
Parsed 124448/125664 rows
Parsed 124480/125664 rows
Parsed 124512/125664 rows
Parsed 124544/125664 rows
Parsed 124576/125664 rows
Parsed 124608/125664 rows
Parsed 124640/125664 rows
Parsed 124672/125664 rows
Parsed 124704/125664 rows
Parsed 124736/125664 rows
Parsed 124768/125664 rows
Parsed 124800/125664 rows
Parsed 124832/125664 rows
Parsed 124864/125664 rows
Parsed 124896/125664 rows
Parsed 124928/125664 rows
Parsed 124960/125664 rows
Parsed 124992/125664 rows
Parsed 125024/125664 rows
Parsed 125056/125664 rows
Parsed 125088/125664 rows
Parsed 125120/125664 rows
Parsed 125152/125664 rows
Parsed 125184/125664 rows
Parsed 125216/125664 rows
Parsed 125248/125664 rows
Parsed 125280/125664 rows
Parsed 125312/125664 rows
Parsed 125344/125664 rows
Parsed 125376/125664 rows
Parsed 125408/125664 rows
Parsed 125440/125664 rows
Parsed 125472/125664 rows
Parsed 125504/125664 rows
Parsed 125536/125664 rows
Parsed 125568/125664 rows
Parsed 125600/125664 rows
Parsed 125632/125664 rows
Parsed 125664/125664 rows
Saved parsed results to: /projects/simlai1/Viberank/data/VibeRank/raw/hmls/TAYVISPDAT/rc_responses/AIES_tayvispdat_qwen_NewFixedLoggerRun1SeedFixed_parsed.csv
Finished: Fri May 15 01:37:16 PM EDT 2026
