JobID: 5519925
Host: tc-gpu002
Started: Sun May 17 07:11:44 PM EDT 2026
Python: /projects/simlai1/Viberank/VibeRank/.venv/bin/python
Python 3.12.12
Sun May 17 19:11:44 2026       
+-----------------------------------------------------------------------------------------+
| NVIDIA-SMI 580.105.08             Driver Version: 580.105.08     CUDA Version: 13.0     |
+-----------------------------------------+------------------------+----------------------+
| GPU  Name                 Persistence-M | Bus-Id          Disp.A | Volatile Uncorr. ECC |
| Fan  Temp   Perf          Pwr:Usage/Cap |           Memory-Usage | GPU-Util  Compute M. |
|                                         |                        |               MIG M. |
|=========================================+========================+======================|
|   0  NVIDIA A100-SXM4-80GB          On  |   00000000:88:00.0 Off |                    0 |
| N/A   30C    P0             61W /  400W |       0MiB /  81920MiB |      0%      Default |
|                                         |                        |             Disabled |
+-----------------------------------------+------------------------+----------------------+

+-----------------------------------------------------------------------------------------+
| Processes:                                                                              |
|  GPU   GI   CI              PID   Type   Process name                        GPU Memory |
|        ID   ID                                                               Usage      |
|=========================================================================================|
|  No running processes found                                                             |
+-----------------------------------------------------------------------------------------+

IN : /projects/simlai1/Viberank/data/VibeRank/raw/mimic/mimic_triage/rc_responses/MIMIC_500_DEEPSEEK_tournament1_seq_run.jsonl
OUT: /projects/simlai1/Viberank/data/VibeRank/raw/mimic/mimic_triage/rc_responses/MIMIC_500_DEEPSEEK_tournament1_seq_run_parsed.csv

Parsing
/projects/simlai1/Viberank/data/VibeRank/raw/mimic/mimic_triage/rc_responses/MIMIC_500_DEEPSEEK_tournament1_seq_run.jsonl
Loaded 49900 response rows
Parsed 32/49900 rows
Parsed 64/49900 rows
Parsed 96/49900 rows
Parsed 128/49900 rows
Parsed 160/49900 rows
Parsed 192/49900 rows
Parsed 224/49900 rows
Parsed 256/49900 rows
Parsed 288/49900 rows
Parsed 320/49900 rows
Parsed 352/49900 rows
Parsed 384/49900 rows
Parsed 416/49900 rows
Parsed 448/49900 rows
Parsed 480/49900 rows
Parsed 512/49900 rows
Parsed 544/49900 rows
Parsed 576/49900 rows
Parsed 608/49900 rows
Parsed 640/49900 rows
Parsed 672/49900 rows
Parsed 704/49900 rows
Parsed 736/49900 rows
Parsed 768/49900 rows
Parsed 800/49900 rows
Parsed 832/49900 rows
Parsed 864/49900 rows
Parsed 896/49900 rows
Parsed 928/49900 rows
Parsed 960/49900 rows
Parsed 992/49900 rows
Parsed 1024/49900 rows
Parsed 1056/49900 rows
Parsed 1088/49900 rows
Parsed 1120/49900 rows
Parsed 1152/49900 rows
Parsed 1184/49900 rows
Parsed 1216/49900 rows
Parsed 1248/49900 rows
Parsed 1280/49900 rows
Parsed 1312/49900 rows
Parsed 1344/49900 rows
Parsed 1376/49900 rows
Parsed 1408/49900 rows
Parsed 1440/49900 rows
Parsed 1472/49900 rows
Parsed 1504/49900 rows
Parsed 1536/49900 rows
Parsed 1568/49900 rows
Parsed 1600/49900 rows
Parsed 1632/49900 rows
Parsed 1664/49900 rows
Parsed 1696/49900 rows
Parsed 1728/49900 rows
Parsed 1760/49900 rows
Parsed 1792/49900 rows
Parsed 1824/49900 rows
Parsed 1856/49900 rows
Parsed 1888/49900 rows
Parsed 1920/49900 rows
Parsed 1952/49900 rows
Parsed 1984/49900 rows
Parsed 2016/49900 rows
Parsed 2048/49900 rows
Parsed 2080/49900 rows
Parsed 2112/49900 rows
Parsed 2144/49900 rows
Parsed 2176/49900 rows
Parsed 2208/49900 rows
Parsed 2240/49900 rows
Parsed 2272/49900 rows
Parsed 2304/49900 rows
Parsed 2336/49900 rows
Parsed 2368/49900 rows
Parsed 2400/49900 rows
Parsed 2432/49900 rows
Parsed 2464/49900 rows
Parsed 2496/49900 rows
Parsed 2528/49900 rows
Parsed 2560/49900 rows
Parsed 2592/49900 rows
Parsed 2624/49900 rows
Parsed 2656/49900 rows
Parsed 2688/49900 rows
Parsed 2720/49900 rows
Parsed 2752/49900 rows
Parsed 2784/49900 rows
Parsed 2816/49900 rows
Parsed 2848/49900 rows
Parsed 2880/49900 rows
Parsed 2912/49900 rows
Parsed 2944/49900 rows
Parsed 2976/49900 rows
Parsed 3008/49900 rows
Parsed 3040/49900 rows
Parsed 3072/49900 rows
Parsed 3104/49900 rows
Parsed 3136/49900 rows
Parsed 3168/49900 rows
Parsed 3200/49900 rows
Parsed 3232/49900 rows
Parsed 3264/49900 rows
Parsed 3296/49900 rows
Parsed 3328/49900 rows
Parsed 3360/49900 rows
Parsed 3392/49900 rows
Parsed 3424/49900 rows
Parsed 3456/49900 rows
Parsed 3488/49900 rows
Parsed 3520/49900 rows
Parsed 3552/49900 rows
Parsed 3584/49900 rows
Parsed 3616/49900 rows
Parsed 3648/49900 rows
Parsed 3680/49900 rows
Parsed 3712/49900 rows
Parsed 3744/49900 rows
Parsed 3776/49900 rows
Parsed 3808/49900 rows
Parsed 3840/49900 rows
Parsed 3872/49900 rows
Parsed 3904/49900 rows
Parsed 3936/49900 rows
Parsed 3968/49900 rows
Parsed 4000/49900 rows
Parsed 4032/49900 rows
Parsed 4064/49900 rows
Parsed 4096/49900 rows
Parsed 4128/49900 rows
Parsed 4160/49900 rows
Parsed 4192/49900 rows
Parsed 4224/49900 rows
Parsed 4256/49900 rows
Parsed 4288/49900 rows
Parsed 4320/49900 rows
Parsed 4352/49900 rows
Parsed 4384/49900 rows
Parsed 4416/49900 rows
Parsed 4448/49900 rows
Parsed 4480/49900 rows
Parsed 4512/49900 rows
Parsed 4544/49900 rows
Parsed 4576/49900 rows
Parsed 4608/49900 rows
Parsed 4640/49900 rows
Parsed 4672/49900 rows
Parsed 4704/49900 rows
Parsed 4736/49900 rows
Parsed 4768/49900 rows
Parsed 4800/49900 rows
Parsed 4832/49900 rows
Parsed 4864/49900 rows
Parsed 4896/49900 rows
Parsed 4928/49900 rows
Parsed 4960/49900 rows
Parsed 4992/49900 rows
Parsed 5024/49900 rows
Parsed 5056/49900 rows
Parsed 5088/49900 rows
Parsed 5120/49900 rows
Parsed 5152/49900 rows
Parsed 5184/49900 rows
Parsed 5216/49900 rows
Parsed 5248/49900 rows
Parsed 5280/49900 rows
Parsed 5312/49900 rows
Parsed 5344/49900 rows
Parsed 5376/49900 rows
Parsed 5408/49900 rows
Parsed 5440/49900 rows
Parsed 5472/49900 rows
Parsed 5504/49900 rows
Parsed 5536/49900 rows
Parsed 5568/49900 rows
Parsed 5600/49900 rows
Parsed 5632/49900 rows
Parsed 5664/49900 rows
Parsed 5696/49900 rows
Parsed 5728/49900 rows
Parsed 5760/49900 rows
Parsed 5792/49900 rows
Parsed 5824/49900 rows
Parsed 5856/49900 rows
Parsed 5888/49900 rows
Parsed 5920/49900 rows
Parsed 5952/49900 rows
Parsed 5984/49900 rows
Parsed 6016/49900 rows
Parsed 6048/49900 rows
Parsed 6080/49900 rows
Parsed 6112/49900 rows
Parsed 6144/49900 rows
Parsed 6176/49900 rows
Parsed 6208/49900 rows
Parsed 6240/49900 rows
Parsed 6272/49900 rows
Parsed 6304/49900 rows
Parsed 6336/49900 rows
Parsed 6368/49900 rows
Parsed 6400/49900 rows
Parsed 6432/49900 rows
Parsed 6464/49900 rows
Parsed 6496/49900 rows
Parsed 6528/49900 rows
Parsed 6560/49900 rows
Parsed 6592/49900 rows
Parsed 6624/49900 rows
Parsed 6656/49900 rows
Parsed 6688/49900 rows
Parsed 6720/49900 rows
Parsed 6752/49900 rows
Parsed 6784/49900 rows
Parsed 6816/49900 rows
Parsed 6848/49900 rows
Parsed 6880/49900 rows
Parsed 6912/49900 rows
Parsed 6944/49900 rows
Parsed 6976/49900 rows
Parsed 7008/49900 rows
Parsed 7040/49900 rows
Parsed 7072/49900 rows
Parsed 7104/49900 rows
Parsed 7136/49900 rows
Parsed 7168/49900 rows
Parsed 7200/49900 rows
Parsed 7232/49900 rows
Parsed 7264/49900 rows
Parsed 7296/49900 rows
Parsed 7328/49900 rows
Parsed 7360/49900 rows
Parsed 7392/49900 rows
Parsed 7424/49900 rows
Parsed 7456/49900 rows
Parsed 7488/49900 rows
Parsed 7520/49900 rows
Parsed 7552/49900 rows
Parsed 7584/49900 rows
Parsed 7616/49900 rows
Parsed 7648/49900 rows
Parsed 7680/49900 rows
Parsed 7712/49900 rows
Parsed 7744/49900 rows
Parsed 7776/49900 rows
Parsed 7808/49900 rows
Parsed 7840/49900 rows
Parsed 7872/49900 rows
Parsed 7904/49900 rows
Parsed 7936/49900 rows
Parsed 7968/49900 rows
Parsed 8000/49900 rows
Parsed 8032/49900 rows
Parsed 8064/49900 rows
Parsed 8096/49900 rows
Parsed 8128/49900 rows
Parsed 8160/49900 rows
Parsed 8192/49900 rows
Parsed 8224/49900 rows
Parsed 8256/49900 rows
Parsed 8288/49900 rows
Parsed 8320/49900 rows
Parsed 8352/49900 rows
Parsed 8384/49900 rows
Parsed 8416/49900 rows
Parsed 8448/49900 rows
Parsed 8480/49900 rows
Parsed 8512/49900 rows
Parsed 8544/49900 rows
Parsed 8576/49900 rows
Parsed 8608/49900 rows
Parsed 8640/49900 rows
Parsed 8672/49900 rows
Parsed 8704/49900 rows
Parsed 8736/49900 rows
Parsed 8768/49900 rows
Parsed 8800/49900 rows
Parsed 8832/49900 rows
Parsed 8864/49900 rows
Parsed 8896/49900 rows
Parsed 8928/49900 rows
Parsed 8960/49900 rows
Parsed 8992/49900 rows
Parsed 9024/49900 rows
Parsed 9056/49900 rows
Parsed 9088/49900 rows
Parsed 9120/49900 rows
Parsed 9152/49900 rows
Parsed 9184/49900 rows
Parsed 9216/49900 rows
Parsed 9248/49900 rows
Parsed 9280/49900 rows
Parsed 9312/49900 rows
Parsed 9344/49900 rows
Parsed 9376/49900 rows
Parsed 9408/49900 rows
Parsed 9440/49900 rows
Parsed 9472/49900 rows
Parsed 9504/49900 rows
Parsed 9536/49900 rows
Parsed 9568/49900 rows
Parsed 9600/49900 rows
Parsed 9632/49900 rows
Parsed 9664/49900 rows
Parsed 9696/49900 rows
Parsed 9728/49900 rows
Parsed 9760/49900 rows
Parsed 9792/49900 rows
Parsed 9824/49900 rows
Parsed 9856/49900 rows
Parsed 9888/49900 rows
Parsed 9920/49900 rows
Parsed 9952/49900 rows
Parsed 9984/49900 rows
Parsed 10016/49900 rows
Parsed 10048/49900 rows
Parsed 10080/49900 rows
Parsed 10112/49900 rows
Parsed 10144/49900 rows
Parsed 10176/49900 rows
Parsed 10208/49900 rows
Parsed 10240/49900 rows
Parsed 10272/49900 rows
Parsed 10304/49900 rows
Parsed 10336/49900 rows
Parsed 10368/49900 rows
Parsed 10400/49900 rows
Parsed 10432/49900 rows
Parsed 10464/49900 rows
Parsed 10496/49900 rows
Parsed 10528/49900 rows
Parsed 10560/49900 rows
Parsed 10592/49900 rows
Parsed 10624/49900 rows
Parsed 10656/49900 rows
Parsed 10688/49900 rows
Parsed 10720/49900 rows
Parsed 10752/49900 rows
Parsed 10784/49900 rows
Parsed 10816/49900 rows
Parsed 10848/49900 rows
Parsed 10880/49900 rows
Parsed 10912/49900 rows
Parsed 10944/49900 rows
Parsed 10976/49900 rows
Parsed 11008/49900 rows
Parsed 11040/49900 rows
Parsed 11072/49900 rows
Parsed 11104/49900 rows
Parsed 11136/49900 rows
Parsed 11168/49900 rows
Parsed 11200/49900 rows
Parsed 11232/49900 rows
Parsed 11264/49900 rows
Parsed 11296/49900 rows
Parsed 11328/49900 rows
Parsed 11360/49900 rows
Parsed 11392/49900 rows
Parsed 11424/49900 rows
Parsed 11456/49900 rows
Parsed 11488/49900 rows
Parsed 11520/49900 rows
Parsed 11552/49900 rows
Parsed 11584/49900 rows
Parsed 11616/49900 rows
Parsed 11648/49900 rows
Parsed 11680/49900 rows
Parsed 11712/49900 rows
Parsed 11744/49900 rows
Parsed 11776/49900 rows
Parsed 11808/49900 rows
Parsed 11840/49900 rows
Parsed 11872/49900 rows
Parsed 11904/49900 rows
Parsed 11936/49900 rows
Parsed 11968/49900 rows
Parsed 12000/49900 rows
Parsed 12032/49900 rows
Parsed 12064/49900 rows
Parsed 12096/49900 rows
Parsed 12128/49900 rows
Parsed 12160/49900 rows
Parsed 12192/49900 rows
Parsed 12224/49900 rows
Parsed 12256/49900 rows
Parsed 12288/49900 rows
Parsed 12320/49900 rows
Parsed 12352/49900 rows
Parsed 12384/49900 rows
Parsed 12416/49900 rows
Parsed 12448/49900 rows
Parsed 12480/49900 rows
Parsed 12512/49900 rows
Parsed 12544/49900 rows
Parsed 12576/49900 rows
Parsed 12608/49900 rows
Parsed 12640/49900 rows
Parsed 12672/49900 rows
Parsed 12704/49900 rows
Parsed 12736/49900 rows
Parsed 12768/49900 rows
Parsed 12800/49900 rows
Parsed 12832/49900 rows
Parsed 12864/49900 rows
Parsed 12896/49900 rows
Parsed 12928/49900 rows
Parsed 12960/49900 rows
Parsed 12992/49900 rows
Parsed 13024/49900 rows
Parsed 13056/49900 rows
Parsed 13088/49900 rows
Parsed 13120/49900 rows
Parsed 13152/49900 rows
Parsed 13184/49900 rows
Parsed 13216/49900 rows
Parsed 13248/49900 rows
Parsed 13280/49900 rows
Parsed 13312/49900 rows
Parsed 13344/49900 rows
Parsed 13376/49900 rows
Parsed 13408/49900 rows
Parsed 13440/49900 rows
Parsed 13472/49900 rows
Parsed 13504/49900 rows
Parsed 13536/49900 rows
Parsed 13568/49900 rows
Parsed 13600/49900 rows
Parsed 13632/49900 rows
Parsed 13664/49900 rows
Parsed 13696/49900 rows
Parsed 13728/49900 rows
Parsed 13760/49900 rows
Parsed 13792/49900 rows
Parsed 13824/49900 rows
Parsed 13856/49900 rows
Parsed 13888/49900 rows
Parsed 13920/49900 rows
Parsed 13952/49900 rows
Parsed 13984/49900 rows
Parsed 14016/49900 rows
Parsed 14048/49900 rows
Parsed 14080/49900 rows
Parsed 14112/49900 rows
Parsed 14144/49900 rows
Parsed 14176/49900 rows
Parsed 14208/49900 rows
Parsed 14240/49900 rows
Parsed 14272/49900 rows
Parsed 14304/49900 rows
Parsed 14336/49900 rows
Parsed 14368/49900 rows
Parsed 14400/49900 rows
Parsed 14432/49900 rows
Parsed 14464/49900 rows
Parsed 14496/49900 rows
Parsed 14528/49900 rows
Parsed 14560/49900 rows
Parsed 14592/49900 rows
Parsed 14624/49900 rows
Parsed 14656/49900 rows
Parsed 14688/49900 rows
Parsed 14720/49900 rows
Parsed 14752/49900 rows
Parsed 14784/49900 rows
Parsed 14816/49900 rows
Parsed 14848/49900 rows
Parsed 14880/49900 rows
Parsed 14912/49900 rows
Parsed 14944/49900 rows
Parsed 14976/49900 rows
Parsed 15008/49900 rows
Parsed 15040/49900 rows
Parsed 15072/49900 rows
Parsed 15104/49900 rows
Parsed 15136/49900 rows
Parsed 15168/49900 rows
Parsed 15200/49900 rows
Parsed 15232/49900 rows
Parsed 15264/49900 rows
Parsed 15296/49900 rows
Parsed 15328/49900 rows
Parsed 15360/49900 rows
Parsed 15392/49900 rows
Parsed 15424/49900 rows
Parsed 15456/49900 rows
Parsed 15488/49900 rows
Parsed 15520/49900 rows
Parsed 15552/49900 rows
Parsed 15584/49900 rows
Parsed 15616/49900 rows
Parsed 15648/49900 rows
Parsed 15680/49900 rows
Parsed 15712/49900 rows
Parsed 15744/49900 rows
Parsed 15776/49900 rows
Parsed 15808/49900 rows
Parsed 15840/49900 rows
Parsed 15872/49900 rows
Parsed 15904/49900 rows
Parsed 15936/49900 rows
Parsed 15968/49900 rows
Parsed 16000/49900 rows
Parsed 16032/49900 rows
Parsed 16064/49900 rows
Parsed 16096/49900 rows
Parsed 16128/49900 rows
Parsed 16160/49900 rows
Parsed 16192/49900 rows
Parsed 16224/49900 rows
Parsed 16256/49900 rows
Parsed 16288/49900 rows
Parsed 16320/49900 rows
Parsed 16352/49900 rows
Parsed 16384/49900 rows
Parsed 16416/49900 rows
Parsed 16448/49900 rows
Parsed 16480/49900 rows
Parsed 16512/49900 rows
Parsed 16544/49900 rows
Parsed 16576/49900 rows
Parsed 16608/49900 rows
Parsed 16640/49900 rows
Parsed 16672/49900 rows
Parsed 16704/49900 rows
Parsed 16736/49900 rows
Parsed 16768/49900 rows
Parsed 16800/49900 rows
Parsed 16832/49900 rows
Parsed 16864/49900 rows
Parsed 16896/49900 rows
Parsed 16928/49900 rows
Parsed 16960/49900 rows
Parsed 16992/49900 rows
Parsed 17024/49900 rows
Parsed 17056/49900 rows
Parsed 17088/49900 rows
Parsed 17120/49900 rows
Parsed 17152/49900 rows
Parsed 17184/49900 rows
Parsed 17216/49900 rows
Parsed 17248/49900 rows
Parsed 17280/49900 rows
Parsed 17312/49900 rows
Parsed 17344/49900 rows
Parsed 17376/49900 rows
Parsed 17408/49900 rows
Parsed 17440/49900 rows
Parsed 17472/49900 rows
Parsed 17504/49900 rows
Parsed 17536/49900 rows
Parsed 17568/49900 rows
Parsed 17600/49900 rows
Parsed 17632/49900 rows
Parsed 17664/49900 rows
Parsed 17696/49900 rows
Parsed 17728/49900 rows
Parsed 17760/49900 rows
Parsed 17792/49900 rows
Parsed 17824/49900 rows
Parsed 17856/49900 rows
Parsed 17888/49900 rows
Parsed 17920/49900 rows
Parsed 17952/49900 rows
Parsed 17984/49900 rows
Parsed 18016/49900 rows
Parsed 18048/49900 rows
Parsed 18080/49900 rows
Parsed 18112/49900 rows
Parsed 18144/49900 rows
Parsed 18176/49900 rows
Parsed 18208/49900 rows
Parsed 18240/49900 rows
Parsed 18272/49900 rows
Parsed 18304/49900 rows
Parsed 18336/49900 rows
Parsed 18368/49900 rows
Parsed 18400/49900 rows
Parsed 18432/49900 rows
Parsed 18464/49900 rows
Parsed 18496/49900 rows
Parsed 18528/49900 rows
Parsed 18560/49900 rows
Parsed 18592/49900 rows
Parsed 18624/49900 rows
Parsed 18656/49900 rows
Parsed 18688/49900 rows
Parsed 18720/49900 rows
Parsed 18752/49900 rows
Parsed 18784/49900 rows
Parsed 18816/49900 rows
Parsed 18848/49900 rows
Parsed 18880/49900 rows
Parsed 18912/49900 rows
Parsed 18944/49900 rows
Parsed 18976/49900 rows
Parsed 19008/49900 rows
Parsed 19040/49900 rows
Parsed 19072/49900 rows
Parsed 19104/49900 rows
Parsed 19136/49900 rows
Parsed 19168/49900 rows
Parsed 19200/49900 rows
Parsed 19232/49900 rows
Parsed 19264/49900 rows
Parsed 19296/49900 rows
Parsed 19328/49900 rows
Parsed 19360/49900 rows
Parsed 19392/49900 rows
Parsed 19424/49900 rows
Parsed 19456/49900 rows
Parsed 19488/49900 rows
Parsed 19520/49900 rows
Parsed 19552/49900 rows
Parsed 19584/49900 rows
Parsed 19616/49900 rows
Parsed 19648/49900 rows
Parsed 19680/49900 rows
Parsed 19712/49900 rows
Parsed 19744/49900 rows
Parsed 19776/49900 rows
Parsed 19808/49900 rows
Parsed 19840/49900 rows
Parsed 19872/49900 rows
Parsed 19904/49900 rows
Parsed 19936/49900 rows
Parsed 19968/49900 rows
Parsed 20000/49900 rows
Parsed 20032/49900 rows
Parsed 20064/49900 rows
Parsed 20096/49900 rows
Parsed 20128/49900 rows
Parsed 20160/49900 rows
Parsed 20192/49900 rows
Parsed 20224/49900 rows
Parsed 20256/49900 rows
Parsed 20288/49900 rows
Parsed 20320/49900 rows
Parsed 20352/49900 rows
Parsed 20384/49900 rows
Parsed 20416/49900 rows
Parsed 20448/49900 rows
Parsed 20480/49900 rows
Parsed 20512/49900 rows
Parsed 20544/49900 rows
Parsed 20576/49900 rows
Parsed 20608/49900 rows
Parsed 20640/49900 rows
Parsed 20672/49900 rows
Parsed 20704/49900 rows
Parsed 20736/49900 rows
Parsed 20768/49900 rows
Parsed 20800/49900 rows
Parsed 20832/49900 rows
Parsed 20864/49900 rows
Parsed 20896/49900 rows
Parsed 20928/49900 rows
Parsed 20960/49900 rows
Parsed 20992/49900 rows
Parsed 21024/49900 rows
Parsed 21056/49900 rows
Parsed 21088/49900 rows
Parsed 21120/49900 rows
Parsed 21152/49900 rows
Parsed 21184/49900 rows
Parsed 21216/49900 rows
Parsed 21248/49900 rows
Parsed 21280/49900 rows
Parsed 21312/49900 rows
Parsed 21344/49900 rows
Parsed 21376/49900 rows
Parsed 21408/49900 rows
Parsed 21440/49900 rows
Parsed 21472/49900 rows
Parsed 21504/49900 rows
Parsed 21536/49900 rows
Parsed 21568/49900 rows
Parsed 21600/49900 rows
Parsed 21632/49900 rows
Parsed 21664/49900 rows
Parsed 21696/49900 rows
Parsed 21728/49900 rows
Parsed 21760/49900 rows
Parsed 21792/49900 rows
Parsed 21824/49900 rows
Parsed 21856/49900 rows
Parsed 21888/49900 rows
Parsed 21920/49900 rows
Parsed 21952/49900 rows
Parsed 21984/49900 rows
Parsed 22016/49900 rows
Parsed 22048/49900 rows
Parsed 22080/49900 rows
Parsed 22112/49900 rows
Parsed 22144/49900 rows
Parsed 22176/49900 rows
Parsed 22208/49900 rows
Parsed 22240/49900 rows
Parsed 22272/49900 rows
Parsed 22304/49900 rows
Parsed 22336/49900 rows
Parsed 22368/49900 rows
Parsed 22400/49900 rows
Parsed 22432/49900 rows
Parsed 22464/49900 rows
Parsed 22496/49900 rows
Parsed 22528/49900 rows
Parsed 22560/49900 rows
Parsed 22592/49900 rows
Parsed 22624/49900 rows
Parsed 22656/49900 rows
Parsed 22688/49900 rows
Parsed 22720/49900 rows
Parsed 22752/49900 rows
Parsed 22784/49900 rows
Parsed 22816/49900 rows
Parsed 22848/49900 rows
Parsed 22880/49900 rows
Parsed 22912/49900 rows
Parsed 22944/49900 rows
Parsed 22976/49900 rows
Parsed 23008/49900 rows
Parsed 23040/49900 rows
Parsed 23072/49900 rows
Parsed 23104/49900 rows
Parsed 23136/49900 rows
Parsed 23168/49900 rows
Parsed 23200/49900 rows
Parsed 23232/49900 rows
Parsed 23264/49900 rows
Parsed 23296/49900 rows
Parsed 23328/49900 rows
Parsed 23360/49900 rows
Parsed 23392/49900 rows
Parsed 23424/49900 rows
Parsed 23456/49900 rows
Parsed 23488/49900 rows
Parsed 23520/49900 rows
Parsed 23552/49900 rows
Parsed 23584/49900 rows
Parsed 23616/49900 rows
Parsed 23648/49900 rows
Parsed 23680/49900 rows
Parsed 23712/49900 rows
Parsed 23744/49900 rows
Parsed 23776/49900 rows
Parsed 23808/49900 rows
Parsed 23840/49900 rows
Parsed 23872/49900 rows
Parsed 23904/49900 rows
Parsed 23936/49900 rows
Parsed 23968/49900 rows
Parsed 24000/49900 rows
Parsed 24032/49900 rows
Parsed 24064/49900 rows
Parsed 24096/49900 rows
Parsed 24128/49900 rows
Parsed 24160/49900 rows
Parsed 24192/49900 rows
Parsed 24224/49900 rows
Parsed 24256/49900 rows
Parsed 24288/49900 rows
Parsed 24320/49900 rows
Parsed 24352/49900 rows
Parsed 24384/49900 rows
Parsed 24416/49900 rows
Parsed 24448/49900 rows
Parsed 24480/49900 rows
Parsed 24512/49900 rows
Parsed 24544/49900 rows
Parsed 24576/49900 rows
Parsed 24608/49900 rows
Parsed 24640/49900 rows
Parsed 24672/49900 rows
Parsed 24704/49900 rows
Parsed 24736/49900 rows
Parsed 24768/49900 rows
Parsed 24800/49900 rows
Parsed 24832/49900 rows
Parsed 24864/49900 rows
Parsed 24896/49900 rows
Parsed 24928/49900 rows
Parsed 24960/49900 rows
Parsed 24992/49900 rows
Parsed 25024/49900 rows
Parsed 25056/49900 rows
Parsed 25088/49900 rows
Parsed 25120/49900 rows
Parsed 25152/49900 rows
Parsed 25184/49900 rows
Parsed 25216/49900 rows
Parsed 25248/49900 rows
Parsed 25280/49900 rows
Parsed 25312/49900 rows
Parsed 25344/49900 rows
Parsed 25376/49900 rows
Parsed 25408/49900 rows
Parsed 25440/49900 rows
Parsed 25472/49900 rows
Parsed 25504/49900 rows
Parsed 25536/49900 rows
Parsed 25568/49900 rows
Parsed 25600/49900 rows
Parsed 25632/49900 rows
Parsed 25664/49900 rows
Parsed 25696/49900 rows
Parsed 25728/49900 rows
Parsed 25760/49900 rows
Parsed 25792/49900 rows
Parsed 25824/49900 rows
Parsed 25856/49900 rows
Parsed 25888/49900 rows
Parsed 25920/49900 rows
Parsed 25952/49900 rows
Parsed 25984/49900 rows
Parsed 26016/49900 rows
Parsed 26048/49900 rows
Parsed 26080/49900 rows
Parsed 26112/49900 rows
Parsed 26144/49900 rows
Parsed 26176/49900 rows
Parsed 26208/49900 rows
Parsed 26240/49900 rows
Parsed 26272/49900 rows
Parsed 26304/49900 rows
Parsed 26336/49900 rows
Parsed 26368/49900 rows
Parsed 26400/49900 rows
Parsed 26432/49900 rows
Parsed 26464/49900 rows
Parsed 26496/49900 rows
Parsed 26528/49900 rows
Parsed 26560/49900 rows
Parsed 26592/49900 rows
Parsed 26624/49900 rows
Parsed 26656/49900 rows
Parsed 26688/49900 rows
Parsed 26720/49900 rows
Parsed 26752/49900 rows
Parsed 26784/49900 rows
Parsed 26816/49900 rows
Parsed 26848/49900 rows
Parsed 26880/49900 rows
Parsed 26912/49900 rows
Parsed 26944/49900 rows
Parsed 26976/49900 rows
Parsed 27008/49900 rows
Parsed 27040/49900 rows
Parsed 27072/49900 rows
Parsed 27104/49900 rows
Parsed 27136/49900 rows
Parsed 27168/49900 rows
Parsed 27200/49900 rows
Parsed 27232/49900 rows
Parsed 27264/49900 rows
Parsed 27296/49900 rows
Parsed 27328/49900 rows
Parsed 27360/49900 rows
Parsed 27392/49900 rows
Parsed 27424/49900 rows
Parsed 27456/49900 rows
Parsed 27488/49900 rows
Parsed 27520/49900 rows
Parsed 27552/49900 rows
Parsed 27584/49900 rows
Parsed 27616/49900 rows
Parsed 27648/49900 rows
Parsed 27680/49900 rows
Parsed 27712/49900 rows
Parsed 27744/49900 rows
Parsed 27776/49900 rows
Parsed 27808/49900 rows
Parsed 27840/49900 rows
Parsed 27872/49900 rows
Parsed 27904/49900 rows
Parsed 27936/49900 rows
Parsed 27968/49900 rows
Parsed 28000/49900 rows
Parsed 28032/49900 rows
Parsed 28064/49900 rows
Parsed 28096/49900 rows
Parsed 28128/49900 rows
Parsed 28160/49900 rows
Parsed 28192/49900 rows
Parsed 28224/49900 rows
Parsed 28256/49900 rows
Parsed 28288/49900 rows
Parsed 28320/49900 rows
Parsed 28352/49900 rows
Parsed 28384/49900 rows
Parsed 28416/49900 rows
Parsed 28448/49900 rows
Parsed 28480/49900 rows
Parsed 28512/49900 rows
Parsed 28544/49900 rows
Parsed 28576/49900 rows
Parsed 28608/49900 rows
Parsed 28640/49900 rows
Parsed 28672/49900 rows
Parsed 28704/49900 rows
Parsed 28736/49900 rows
Parsed 28768/49900 rows
Parsed 28800/49900 rows
Parsed 28832/49900 rows
Parsed 28864/49900 rows
Parsed 28896/49900 rows
Parsed 28928/49900 rows
Parsed 28960/49900 rows
Parsed 28992/49900 rows
Parsed 29024/49900 rows
Parsed 29056/49900 rows
Parsed 29088/49900 rows
Parsed 29120/49900 rows
Parsed 29152/49900 rows
Parsed 29184/49900 rows
Parsed 29216/49900 rows
Parsed 29248/49900 rows
Parsed 29280/49900 rows
Parsed 29312/49900 rows
Parsed 29344/49900 rows
Parsed 29376/49900 rows
Parsed 29408/49900 rows
Parsed 29440/49900 rows
Parsed 29472/49900 rows
Parsed 29504/49900 rows
Parsed 29536/49900 rows
Parsed 29568/49900 rows
Parsed 29600/49900 rows
Parsed 29632/49900 rows
Parsed 29664/49900 rows
Parsed 29696/49900 rows
Parsed 29728/49900 rows
Parsed 29760/49900 rows
Parsed 29792/49900 rows
Parsed 29824/49900 rows
Parsed 29856/49900 rows
Parsed 29888/49900 rows
Parsed 29920/49900 rows
Parsed 29952/49900 rows
Parsed 29984/49900 rows
Parsed 30016/49900 rows
Parsed 30048/49900 rows
Parsed 30080/49900 rows
Parsed 30112/49900 rows
Parsed 30144/49900 rows
Parsed 30176/49900 rows
Parsed 30208/49900 rows
Parsed 30240/49900 rows
Parsed 30272/49900 rows
Parsed 30304/49900 rows
Parsed 30336/49900 rows
Parsed 30368/49900 rows
Parsed 30400/49900 rows
Parsed 30432/49900 rows
Parsed 30464/49900 rows
Parsed 30496/49900 rows
Parsed 30528/49900 rows
Parsed 30560/49900 rows
Parsed 30592/49900 rows
Parsed 30624/49900 rows
Parsed 30656/49900 rows
Parsed 30688/49900 rows
Parsed 30720/49900 rows
Parsed 30752/49900 rows
Parsed 30784/49900 rows
Parsed 30816/49900 rows
Parsed 30848/49900 rows
Parsed 30880/49900 rows
Parsed 30912/49900 rows
Parsed 30944/49900 rows
Parsed 30976/49900 rows
Parsed 31008/49900 rows
Parsed 31040/49900 rows
Parsed 31072/49900 rows
Parsed 31104/49900 rows
Parsed 31136/49900 rows
Parsed 31168/49900 rows
Parsed 31200/49900 rows
Parsed 31232/49900 rows
Parsed 31264/49900 rows
Parsed 31296/49900 rows
Parsed 31328/49900 rows
Parsed 31360/49900 rows
Parsed 31392/49900 rows
Parsed 31424/49900 rows
Parsed 31456/49900 rows
Parsed 31488/49900 rows
Parsed 31520/49900 rows
Parsed 31552/49900 rows
Parsed 31584/49900 rows
Parsed 31616/49900 rows
Parsed 31648/49900 rows
Parsed 31680/49900 rows
Parsed 31712/49900 rows
Parsed 31744/49900 rows
Parsed 31776/49900 rows
Parsed 31808/49900 rows
Parsed 31840/49900 rows
Parsed 31872/49900 rows
Parsed 31904/49900 rows
Parsed 31936/49900 rows
Parsed 31968/49900 rows
Parsed 32000/49900 rows
Parsed 32032/49900 rows
Parsed 32064/49900 rows
Parsed 32096/49900 rows
Parsed 32128/49900 rows
Parsed 32160/49900 rows
Parsed 32192/49900 rows
Parsed 32224/49900 rows
Parsed 32256/49900 rows
Parsed 32288/49900 rows
Parsed 32320/49900 rows
Parsed 32352/49900 rows
Parsed 32384/49900 rows
Parsed 32416/49900 rows
Parsed 32448/49900 rows
Parsed 32480/49900 rows
Parsed 32512/49900 rows
Parsed 32544/49900 rows
Parsed 32576/49900 rows
Parsed 32608/49900 rows
Parsed 32640/49900 rows
Parsed 32672/49900 rows
Parsed 32704/49900 rows
Parsed 32736/49900 rows
Parsed 32768/49900 rows
Parsed 32800/49900 rows
Parsed 32832/49900 rows
Parsed 32864/49900 rows
Parsed 32896/49900 rows
Parsed 32928/49900 rows
Parsed 32960/49900 rows
Parsed 32992/49900 rows
Parsed 33024/49900 rows
Parsed 33056/49900 rows
Parsed 33088/49900 rows
Parsed 33120/49900 rows
Parsed 33152/49900 rows
Parsed 33184/49900 rows
Parsed 33216/49900 rows
Parsed 33248/49900 rows
Parsed 33280/49900 rows
Parsed 33312/49900 rows
Parsed 33344/49900 rows
Parsed 33376/49900 rows
Parsed 33408/49900 rows
Parsed 33440/49900 rows
Parsed 33472/49900 rows
Parsed 33504/49900 rows
Parsed 33536/49900 rows
Parsed 33568/49900 rows
Parsed 33600/49900 rows
Parsed 33632/49900 rows
Parsed 33664/49900 rows
Parsed 33696/49900 rows
Parsed 33728/49900 rows
Parsed 33760/49900 rows
Parsed 33792/49900 rows
Parsed 33824/49900 rows
Parsed 33856/49900 rows
Parsed 33888/49900 rows
Parsed 33920/49900 rows
Parsed 33952/49900 rows
Parsed 33984/49900 rows
Parsed 34016/49900 rows
Parsed 34048/49900 rows
Parsed 34080/49900 rows
Parsed 34112/49900 rows
Parsed 34144/49900 rows
Parsed 34176/49900 rows
Parsed 34208/49900 rows
Parsed 34240/49900 rows
Parsed 34272/49900 rows
Parsed 34304/49900 rows
Parsed 34336/49900 rows
Parsed 34368/49900 rows
Parsed 34400/49900 rows
Parsed 34432/49900 rows
Parsed 34464/49900 rows
Parsed 34496/49900 rows
Parsed 34528/49900 rows
Parsed 34560/49900 rows
Parsed 34592/49900 rows
Parsed 34624/49900 rows
Parsed 34656/49900 rows
Parsed 34688/49900 rows
Parsed 34720/49900 rows
Parsed 34752/49900 rows
Parsed 34784/49900 rows
Parsed 34816/49900 rows
Parsed 34848/49900 rows
Parsed 34880/49900 rows
Parsed 34912/49900 rows
Parsed 34944/49900 rows
Parsed 34976/49900 rows
Parsed 35008/49900 rows
Parsed 35040/49900 rows
Parsed 35072/49900 rows
Parsed 35104/49900 rows
Parsed 35136/49900 rows
Parsed 35168/49900 rows
Parsed 35200/49900 rows
Parsed 35232/49900 rows
Parsed 35264/49900 rows
Parsed 35296/49900 rows
Parsed 35328/49900 rows
Parsed 35360/49900 rows
Parsed 35392/49900 rows
Parsed 35424/49900 rows
Parsed 35456/49900 rows
Parsed 35488/49900 rows
Parsed 35520/49900 rows
Parsed 35552/49900 rows
Parsed 35584/49900 rows
Parsed 35616/49900 rows
Parsed 35648/49900 rows
Parsed 35680/49900 rows
Parsed 35712/49900 rows
Parsed 35744/49900 rows
Parsed 35776/49900 rows
Parsed 35808/49900 rows
Parsed 35840/49900 rows
Parsed 35872/49900 rows
Parsed 35904/49900 rows
Parsed 35936/49900 rows
Parsed 35968/49900 rows
Parsed 36000/49900 rows
Parsed 36032/49900 rows
Parsed 36064/49900 rows
Parsed 36096/49900 rows
Parsed 36128/49900 rows
Parsed 36160/49900 rows
Parsed 36192/49900 rows
Parsed 36224/49900 rows
Parsed 36256/49900 rows
Parsed 36288/49900 rows
Parsed 36320/49900 rows
Parsed 36352/49900 rows
Parsed 36384/49900 rows
Parsed 36416/49900 rows
Parsed 36448/49900 rows
Parsed 36480/49900 rows
Parsed 36512/49900 rows
Parsed 36544/49900 rows
Parsed 36576/49900 rows
Parsed 36608/49900 rows
Parsed 36640/49900 rows
Parsed 36672/49900 rows
Parsed 36704/49900 rows
Parsed 36736/49900 rows
Parsed 36768/49900 rows
Parsed 36800/49900 rows
Parsed 36832/49900 rows
Parsed 36864/49900 rows
Parsed 36896/49900 rows
Parsed 36928/49900 rows
Parsed 36960/49900 rows
Parsed 36992/49900 rows
Parsed 37024/49900 rows
Parsed 37056/49900 rows
Parsed 37088/49900 rows
Parsed 37120/49900 rows
Parsed 37152/49900 rows
Parsed 37184/49900 rows
Parsed 37216/49900 rows
Parsed 37248/49900 rows
Parsed 37280/49900 rows
Parsed 37312/49900 rows
Parsed 37344/49900 rows
Parsed 37376/49900 rows
Parsed 37408/49900 rows
Parsed 37440/49900 rows
Parsed 37472/49900 rows
Parsed 37504/49900 rows
Parsed 37536/49900 rows
Parsed 37568/49900 rows
Parsed 37600/49900 rows
Parsed 37632/49900 rows
Parsed 37664/49900 rows
Parsed 37696/49900 rows
Parsed 37728/49900 rows
Parsed 37760/49900 rows
Parsed 37792/49900 rows
Parsed 37824/49900 rows
Parsed 37856/49900 rows
Parsed 37888/49900 rows
Parsed 37920/49900 rows
Parsed 37952/49900 rows
Parsed 37984/49900 rows
Parsed 38016/49900 rows
Parsed 38048/49900 rows
Parsed 38080/49900 rows
Parsed 38112/49900 rows
Parsed 38144/49900 rows
Parsed 38176/49900 rows
Parsed 38208/49900 rows
Parsed 38240/49900 rows
Parsed 38272/49900 rows
Parsed 38304/49900 rows
Parsed 38336/49900 rows
Parsed 38368/49900 rows
Parsed 38400/49900 rows
Parsed 38432/49900 rows
Parsed 38464/49900 rows
Parsed 38496/49900 rows
Parsed 38528/49900 rows
Parsed 38560/49900 rows
Parsed 38592/49900 rows
Parsed 38624/49900 rows
Parsed 38656/49900 rows
Parsed 38688/49900 rows
Parsed 38720/49900 rows
Parsed 38752/49900 rows
Parsed 38784/49900 rows
Parsed 38816/49900 rows
Parsed 38848/49900 rows
Parsed 38880/49900 rows
Parsed 38912/49900 rows
Parsed 38944/49900 rows
Parsed 38976/49900 rows
Parsed 39008/49900 rows
Parsed 39040/49900 rows
Parsed 39072/49900 rows
Parsed 39104/49900 rows
Parsed 39136/49900 rows
Parsed 39168/49900 rows
Parsed 39200/49900 rows
Parsed 39232/49900 rows
Parsed 39264/49900 rows
Parsed 39296/49900 rows
Parsed 39328/49900 rows
Parsed 39360/49900 rows
Parsed 39392/49900 rows
Parsed 39424/49900 rows
Parsed 39456/49900 rows
Parsed 39488/49900 rows
Parsed 39520/49900 rows
Parsed 39552/49900 rows
Parsed 39584/49900 rows
Parsed 39616/49900 rows
Parsed 39648/49900 rows
Parsed 39680/49900 rows
Parsed 39712/49900 rows
Parsed 39744/49900 rows
Parsed 39776/49900 rows
Parsed 39808/49900 rows
Parsed 39840/49900 rows
Parsed 39872/49900 rows
Parsed 39904/49900 rows
Parsed 39936/49900 rows
Parsed 39968/49900 rows
Parsed 40000/49900 rows
Parsed 40032/49900 rows
Parsed 40064/49900 rows
Parsed 40096/49900 rows
Parsed 40128/49900 rows
Parsed 40160/49900 rows
Parsed 40192/49900 rows
Parsed 40224/49900 rows
Parsed 40256/49900 rows
Parsed 40288/49900 rows
Parsed 40320/49900 rows
Parsed 40352/49900 rows
Parsed 40384/49900 rows
Parsed 40416/49900 rows
Parsed 40448/49900 rows
Parsed 40480/49900 rows
Parsed 40512/49900 rows
Parsed 40544/49900 rows
Parsed 40576/49900 rows
Parsed 40608/49900 rows
Parsed 40640/49900 rows
Parsed 40672/49900 rows
Parsed 40704/49900 rows
Parsed 40736/49900 rows
Parsed 40768/49900 rows
Parsed 40800/49900 rows
Parsed 40832/49900 rows
Parsed 40864/49900 rows
Parsed 40896/49900 rows
Parsed 40928/49900 rows
Parsed 40960/49900 rows
Parsed 40992/49900 rows
Parsed 41024/49900 rows
Parsed 41056/49900 rows
Parsed 41088/49900 rows
Parsed 41120/49900 rows
Parsed 41152/49900 rows
Parsed 41184/49900 rows
Parsed 41216/49900 rows
Parsed 41248/49900 rows
Parsed 41280/49900 rows
Parsed 41312/49900 rows
Parsed 41344/49900 rows
Parsed 41376/49900 rows
Parsed 41408/49900 rows
Parsed 41440/49900 rows
Parsed 41472/49900 rows
Parsed 41504/49900 rows
Parsed 41536/49900 rows
Parsed 41568/49900 rows
Parsed 41600/49900 rows
Parsed 41632/49900 rows
Parsed 41664/49900 rows
Parsed 41696/49900 rows
Parsed 41728/49900 rows
Parsed 41760/49900 rows
Parsed 41792/49900 rows
Parsed 41824/49900 rows
Parsed 41856/49900 rows
Parsed 41888/49900 rows
Parsed 41920/49900 rows
Parsed 41952/49900 rows
Parsed 41984/49900 rows
Parsed 42016/49900 rows
Parsed 42048/49900 rows
Parsed 42080/49900 rows
Parsed 42112/49900 rows
Parsed 42144/49900 rows
Parsed 42176/49900 rows
Parsed 42208/49900 rows
Parsed 42240/49900 rows
Parsed 42272/49900 rows
Parsed 42304/49900 rows
Parsed 42336/49900 rows
Parsed 42368/49900 rows
Parsed 42400/49900 rows
Parsed 42432/49900 rows
Parsed 42464/49900 rows
Parsed 42496/49900 rows
Parsed 42528/49900 rows
Parsed 42560/49900 rows
Parsed 42592/49900 rows
Parsed 42624/49900 rows
Parsed 42656/49900 rows
Parsed 42688/49900 rows
Parsed 42720/49900 rows
Parsed 42752/49900 rows
Parsed 42784/49900 rows
Parsed 42816/49900 rows
Parsed 42848/49900 rows
Parsed 42880/49900 rows
Parsed 42912/49900 rows
Parsed 42944/49900 rows
Parsed 42976/49900 rows
Parsed 43008/49900 rows
Parsed 43040/49900 rows
Parsed 43072/49900 rows
Parsed 43104/49900 rows
Parsed 43136/49900 rows
Parsed 43168/49900 rows
Parsed 43200/49900 rows
Parsed 43232/49900 rows
Parsed 43264/49900 rows
Parsed 43296/49900 rows
Parsed 43328/49900 rows
Parsed 43360/49900 rows
Parsed 43392/49900 rows
Parsed 43424/49900 rows
Parsed 43456/49900 rows
Parsed 43488/49900 rows
Parsed 43520/49900 rows
Parsed 43552/49900 rows
Parsed 43584/49900 rows
Parsed 43616/49900 rows
Parsed 43648/49900 rows
Parsed 43680/49900 rows
Parsed 43712/49900 rows
Parsed 43744/49900 rows
Parsed 43776/49900 rows
Parsed 43808/49900 rows
Parsed 43840/49900 rows
Parsed 43872/49900 rows
Parsed 43904/49900 rows
Parsed 43936/49900 rows
Parsed 43968/49900 rows
Parsed 44000/49900 rows
Parsed 44032/49900 rows
Parsed 44064/49900 rows
Parsed 44096/49900 rows
Parsed 44128/49900 rows
Parsed 44160/49900 rows
Parsed 44192/49900 rows
Parsed 44224/49900 rows
Parsed 44256/49900 rows
Parsed 44288/49900 rows
Parsed 44320/49900 rows
Parsed 44352/49900 rows
Parsed 44384/49900 rows
Parsed 44416/49900 rows
Parsed 44448/49900 rows
Parsed 44480/49900 rows
Parsed 44512/49900 rows
Parsed 44544/49900 rows
Parsed 44576/49900 rows
Parsed 44608/49900 rows
Parsed 44640/49900 rows
Parsed 44672/49900 rows
Parsed 44704/49900 rows
Parsed 44736/49900 rows
Parsed 44768/49900 rows
Parsed 44800/49900 rows
Parsed 44832/49900 rows
Parsed 44864/49900 rows
Parsed 44896/49900 rows
Parsed 44928/49900 rows
Parsed 44960/49900 rows
Parsed 44992/49900 rows
Parsed 45024/49900 rows
Parsed 45056/49900 rows
Parsed 45088/49900 rows
Parsed 45120/49900 rows
Parsed 45152/49900 rows
Parsed 45184/49900 rows
Parsed 45216/49900 rows
Parsed 45248/49900 rows
Parsed 45280/49900 rows
Parsed 45312/49900 rows
Parsed 45344/49900 rows
Parsed 45376/49900 rows
Parsed 45408/49900 rows
Parsed 45440/49900 rows
Parsed 45472/49900 rows
Parsed 45504/49900 rows
Parsed 45536/49900 rows
Parsed 45568/49900 rows
Parsed 45600/49900 rows
Parsed 45632/49900 rows
Parsed 45664/49900 rows
Parsed 45696/49900 rows
Parsed 45728/49900 rows
Parsed 45760/49900 rows
Parsed 45792/49900 rows
Parsed 45824/49900 rows
Parsed 45856/49900 rows
Parsed 45888/49900 rows
Parsed 45920/49900 rows
Parsed 45952/49900 rows
Parsed 45984/49900 rows
Parsed 46016/49900 rows
Parsed 46048/49900 rows
Parsed 46080/49900 rows
Parsed 46112/49900 rows
Parsed 46144/49900 rows
Parsed 46176/49900 rows
Parsed 46208/49900 rows
Parsed 46240/49900 rows
Parsed 46272/49900 rows
Parsed 46304/49900 rows
Parsed 46336/49900 rows
Parsed 46368/49900 rows
Parsed 46400/49900 rows
Parsed 46432/49900 rows
Parsed 46464/49900 rows
Parsed 46496/49900 rows
Parsed 46528/49900 rows
Parsed 46560/49900 rows
Parsed 46592/49900 rows
Parsed 46624/49900 rows
Parsed 46656/49900 rows
Parsed 46688/49900 rows
Parsed 46720/49900 rows
Parsed 46752/49900 rows
Parsed 46784/49900 rows
Parsed 46816/49900 rows
Parsed 46848/49900 rows
Parsed 46880/49900 rows
Parsed 46912/49900 rows
Parsed 46944/49900 rows
Parsed 46976/49900 rows
Parsed 47008/49900 rows
Parsed 47040/49900 rows
Parsed 47072/49900 rows
Parsed 47104/49900 rows
Parsed 47136/49900 rows
Parsed 47168/49900 rows
Parsed 47200/49900 rows
Parsed 47232/49900 rows
Parsed 47264/49900 rows
Parsed 47296/49900 rows
Parsed 47328/49900 rows
Parsed 47360/49900 rows
Parsed 47392/49900 rows
Parsed 47424/49900 rows
Parsed 47456/49900 rows
Parsed 47488/49900 rows
Parsed 47520/49900 rows
Parsed 47552/49900 rows
Parsed 47584/49900 rows
Parsed 47616/49900 rows
Parsed 47648/49900 rows
Parsed 47680/49900 rows
Parsed 47712/49900 rows
Parsed 47744/49900 rows
Parsed 47776/49900 rows
Parsed 47808/49900 rows
Parsed 47840/49900 rows
Parsed 47872/49900 rows
Parsed 47904/49900 rows
Parsed 47936/49900 rows
Parsed 47968/49900 rows
Parsed 48000/49900 rows
Parsed 48032/49900 rows
Parsed 48064/49900 rows
Parsed 48096/49900 rows
Parsed 48128/49900 rows
Parsed 48160/49900 rows
Parsed 48192/49900 rows
Parsed 48224/49900 rows
Parsed 48256/49900 rows
Parsed 48288/49900 rows
Parsed 48320/49900 rows
Parsed 48352/49900 rows
Parsed 48384/49900 rows
Parsed 48416/49900 rows
Parsed 48448/49900 rows
Parsed 48480/49900 rows
Parsed 48512/49900 rows
Parsed 48544/49900 rows
Parsed 48576/49900 rows
Parsed 48608/49900 rows
Parsed 48640/49900 rows
Parsed 48672/49900 rows
Parsed 48704/49900 rows
Parsed 48736/49900 rows
Parsed 48768/49900 rows
Parsed 48800/49900 rows
Parsed 48832/49900 rows
Parsed 48864/49900 rows
Parsed 48896/49900 rows
Parsed 48928/49900 rows
Parsed 48960/49900 rows
Parsed 48992/49900 rows
Parsed 49024/49900 rows
Parsed 49056/49900 rows
Parsed 49088/49900 rows
Parsed 49120/49900 rows
Parsed 49152/49900 rows
Parsed 49184/49900 rows
Parsed 49216/49900 rows
Parsed 49248/49900 rows
Parsed 49280/49900 rows
Parsed 49312/49900 rows
Parsed 49344/49900 rows
Parsed 49376/49900 rows
Parsed 49408/49900 rows
Parsed 49440/49900 rows
Parsed 49472/49900 rows
Parsed 49504/49900 rows
Parsed 49536/49900 rows
Parsed 49568/49900 rows
Parsed 49600/49900 rows
Parsed 49632/49900 rows
Parsed 49664/49900 rows
Parsed 49696/49900 rows
Parsed 49728/49900 rows
Parsed 49760/49900 rows
Parsed 49792/49900 rows
Parsed 49824/49900 rows
Parsed 49856/49900 rows
Parsed 49888/49900 rows
Parsed 49900/49900 rows
Saved parsed results to: /projects/simlai1/Viberank/data/VibeRank/raw/mimic/mimic_triage/rc_responses/MIMIC_500_DEEPSEEK_tournament1_seq_run_parsed.csv
Failed parses: 0/49900

IN : /projects/simlai1/Viberank/data/VibeRank/raw/mimic/mimic_triage/rc_responses/MIMIC_500_LLAMA7_tournament1_seq_run.jsonl
OUT: /projects/simlai1/Viberank/data/VibeRank/raw/mimic/mimic_triage/rc_responses/MIMIC_500_LLAMA7_tournament1_seq_run_parsed.csv

Parsing
/projects/simlai1/Viberank/data/VibeRank/raw/mimic/mimic_triage/rc_responses/MIMIC_500_LLAMA7_tournament1_seq_run.jsonl
Loaded 49900 response rows
Parsed 32/49900 rows
Parsed 64/49900 rows
Parsed 96/49900 rows
Parsed 128/49900 rows
Parsed 160/49900 rows
Parsed 192/49900 rows
Parsed 224/49900 rows
Parsed 256/49900 rows
Parsed 288/49900 rows
Parsed 320/49900 rows
Parsed 352/49900 rows
Parsed 384/49900 rows
Parsed 416/49900 rows
Parsed 448/49900 rows
Parsed 480/49900 rows
Parsed 512/49900 rows
Parsed 544/49900 rows
Parsed 576/49900 rows
Parsed 608/49900 rows
Parsed 640/49900 rows
Parsed 672/49900 rows
Parsed 704/49900 rows
Parsed 736/49900 rows
Parsed 768/49900 rows
Parsed 800/49900 rows
Parsed 832/49900 rows
Parsed 864/49900 rows
Parsed 896/49900 rows
Parsed 928/49900 rows
Parsed 960/49900 rows
Parsed 992/49900 rows
Parsed 1024/49900 rows
Parsed 1056/49900 rows
Parsed 1088/49900 rows
Parsed 1120/49900 rows
Parsed 1152/49900 rows
Parsed 1184/49900 rows
Parsed 1216/49900 rows
Parsed 1248/49900 rows
Parsed 1280/49900 rows
Parsed 1312/49900 rows
Parsed 1344/49900 rows
Parsed 1376/49900 rows
Parsed 1408/49900 rows
Parsed 1440/49900 rows
Parsed 1472/49900 rows
Parsed 1504/49900 rows
Parsed 1536/49900 rows
Parsed 1568/49900 rows
Parsed 1600/49900 rows
Parsed 1632/49900 rows
Parsed 1664/49900 rows
Parsed 1696/49900 rows
Parsed 1728/49900 rows
Parsed 1760/49900 rows
Parsed 1792/49900 rows
Parsed 1824/49900 rows
Parsed 1856/49900 rows
Parsed 1888/49900 rows
Parsed 1920/49900 rows
Parsed 1952/49900 rows
Parsed 1984/49900 rows
Parsed 2016/49900 rows
Parsed 2048/49900 rows
Parsed 2080/49900 rows
Parsed 2112/49900 rows
Parsed 2144/49900 rows
Parsed 2176/49900 rows
Parsed 2208/49900 rows
Parsed 2240/49900 rows
Parsed 2272/49900 rows
Parsed 2304/49900 rows
Parsed 2336/49900 rows
Parsed 2368/49900 rows
Parsed 2400/49900 rows
Parsed 2432/49900 rows
Parsed 2464/49900 rows
Parsed 2496/49900 rows
Parsed 2528/49900 rows
Parsed 2560/49900 rows
Parsed 2592/49900 rows
Parsed 2624/49900 rows
Parsed 2656/49900 rows
Parsed 2688/49900 rows
Parsed 2720/49900 rows
Parsed 2752/49900 rows
Parsed 2784/49900 rows
Parsed 2816/49900 rows
Parsed 2848/49900 rows
Parsed 2880/49900 rows
Parsed 2912/49900 rows
Parsed 2944/49900 rows
Parsed 2976/49900 rows
Parsed 3008/49900 rows
Parsed 3040/49900 rows
Parsed 3072/49900 rows
Parsed 3104/49900 rows
Parsed 3136/49900 rows
Parsed 3168/49900 rows
Parsed 3200/49900 rows
Parsed 3232/49900 rows
Parsed 3264/49900 rows
Parsed 3296/49900 rows
Parsed 3328/49900 rows
Parsed 3360/49900 rows
Parsed 3392/49900 rows
Parsed 3424/49900 rows
Parsed 3456/49900 rows
Parsed 3488/49900 rows
Parsed 3520/49900 rows
Parsed 3552/49900 rows
Parsed 3584/49900 rows
Parsed 3616/49900 rows
Parsed 3648/49900 rows
Parsed 3680/49900 rows
Parsed 3712/49900 rows
Parsed 3744/49900 rows
Parsed 3776/49900 rows
Parsed 3808/49900 rows
Parsed 3840/49900 rows
Parsed 3872/49900 rows
Parsed 3904/49900 rows
Parsed 3936/49900 rows
Parsed 3968/49900 rows
Parsed 4000/49900 rows
Parsed 4032/49900 rows
Parsed 4064/49900 rows
Parsed 4096/49900 rows
Parsed 4128/49900 rows
Parsed 4160/49900 rows
Parsed 4192/49900 rows
Parsed 4224/49900 rows
Parsed 4256/49900 rows
Parsed 4288/49900 rows
Parsed 4320/49900 rows
Parsed 4352/49900 rows
Parsed 4384/49900 rows
Parsed 4416/49900 rows
Parsed 4448/49900 rows
Parsed 4480/49900 rows
Parsed 4512/49900 rows
Parsed 4544/49900 rows
Parsed 4576/49900 rows
Parsed 4608/49900 rows
Parsed 4640/49900 rows
Parsed 4672/49900 rows
Parsed 4704/49900 rows
Parsed 4736/49900 rows
Parsed 4768/49900 rows
Parsed 4800/49900 rows
Parsed 4832/49900 rows
Parsed 4864/49900 rows
Parsed 4896/49900 rows
Parsed 4928/49900 rows
Parsed 4960/49900 rows
Parsed 4992/49900 rows
Parsed 5024/49900 rows
Parsed 5056/49900 rows
Parsed 5088/49900 rows
Parsed 5120/49900 rows
Parsed 5152/49900 rows
Parsed 5184/49900 rows
Parsed 5216/49900 rows
Parsed 5248/49900 rows
Parsed 5280/49900 rows
Parsed 5312/49900 rows
Parsed 5344/49900 rows
Parsed 5376/49900 rows
Parsed 5408/49900 rows
Parsed 5440/49900 rows
Parsed 5472/49900 rows
Parsed 5504/49900 rows
Parsed 5536/49900 rows
Parsed 5568/49900 rows
Parsed 5600/49900 rows
Parsed 5632/49900 rows
Parsed 5664/49900 rows
Parsed 5696/49900 rows
Parsed 5728/49900 rows
Parsed 5760/49900 rows
Parsed 5792/49900 rows
Parsed 5824/49900 rows
Parsed 5856/49900 rows
Parsed 5888/49900 rows
Parsed 5920/49900 rows
Parsed 5952/49900 rows
Parsed 5984/49900 rows
Parsed 6016/49900 rows
Parsed 6048/49900 rows
Parsed 6080/49900 rows
Parsed 6112/49900 rows
Parsed 6144/49900 rows
Parsed 6176/49900 rows
Parsed 6208/49900 rows
Parsed 6240/49900 rows
Parsed 6272/49900 rows
Parsed 6304/49900 rows
Parsed 6336/49900 rows
Parsed 6368/49900 rows
Parsed 6400/49900 rows
Parsed 6432/49900 rows
Parsed 6464/49900 rows
Parsed 6496/49900 rows
Parsed 6528/49900 rows
Parsed 6560/49900 rows
Parsed 6592/49900 rows
Parsed 6624/49900 rows
Parsed 6656/49900 rows
Parsed 6688/49900 rows
Parsed 6720/49900 rows
Parsed 6752/49900 rows
Parsed 6784/49900 rows
Parsed 6816/49900 rows
Parsed 6848/49900 rows
Parsed 6880/49900 rows
Parsed 6912/49900 rows
Parsed 6944/49900 rows
Parsed 6976/49900 rows
Parsed 7008/49900 rows
Parsed 7040/49900 rows
Parsed 7072/49900 rows
Parsed 7104/49900 rows
Parsed 7136/49900 rows
Parsed 7168/49900 rows
Parsed 7200/49900 rows
Parsed 7232/49900 rows
Parsed 7264/49900 rows
Parsed 7296/49900 rows
Parsed 7328/49900 rows
Parsed 7360/49900 rows
Parsed 7392/49900 rows
Parsed 7424/49900 rows
Parsed 7456/49900 rows
Parsed 7488/49900 rows
Parsed 7520/49900 rows
Parsed 7552/49900 rows
Parsed 7584/49900 rows
Parsed 7616/49900 rows
Parsed 7648/49900 rows
Parsed 7680/49900 rows
Parsed 7712/49900 rows
Parsed 7744/49900 rows
Parsed 7776/49900 rows
Parsed 7808/49900 rows
Parsed 7840/49900 rows
Parsed 7872/49900 rows
Parsed 7904/49900 rows
Parsed 7936/49900 rows
Parsed 7968/49900 rows
Parsed 8000/49900 rows
Parsed 8032/49900 rows
Parsed 8064/49900 rows
Parsed 8096/49900 rows
Parsed 8128/49900 rows
Parsed 8160/49900 rows
Parsed 8192/49900 rows
Parsed 8224/49900 rows
Parsed 8256/49900 rows
Parsed 8288/49900 rows
Parsed 8320/49900 rows
Parsed 8352/49900 rows
Parsed 8384/49900 rows
Parsed 8416/49900 rows
Parsed 8448/49900 rows
Parsed 8480/49900 rows
Parsed 8512/49900 rows
Parsed 8544/49900 rows
Parsed 8576/49900 rows
Parsed 8608/49900 rows
Parsed 8640/49900 rows
Parsed 8672/49900 rows
Parsed 8704/49900 rows
Parsed 8736/49900 rows
Parsed 8768/49900 rows
Parsed 8800/49900 rows
Parsed 8832/49900 rows
Parsed 8864/49900 rows
Parsed 8896/49900 rows
Parsed 8928/49900 rows
Parsed 8960/49900 rows
Parsed 8992/49900 rows
Parsed 9024/49900 rows
Parsed 9056/49900 rows
Parsed 9088/49900 rows
Parsed 9120/49900 rows
Parsed 9152/49900 rows
Parsed 9184/49900 rows
Parsed 9216/49900 rows
Parsed 9248/49900 rows
Parsed 9280/49900 rows
Parsed 9312/49900 rows
Parsed 9344/49900 rows
Parsed 9376/49900 rows
Parsed 9408/49900 rows
Parsed 9440/49900 rows
Parsed 9472/49900 rows
Parsed 9504/49900 rows
Parsed 9536/49900 rows
Parsed 9568/49900 rows
Parsed 9600/49900 rows
Parsed 9632/49900 rows
Parsed 9664/49900 rows
Parsed 9696/49900 rows
Parsed 9728/49900 rows
Parsed 9760/49900 rows
Parsed 9792/49900 rows
Parsed 9824/49900 rows
Parsed 9856/49900 rows
Parsed 9888/49900 rows
Parsed 9920/49900 rows
Parsed 9952/49900 rows
Parsed 9984/49900 rows
Parsed 10016/49900 rows
Parsed 10048/49900 rows
Parsed 10080/49900 rows
Parsed 10112/49900 rows
Parsed 10144/49900 rows
Parsed 10176/49900 rows
Parsed 10208/49900 rows
Parsed 10240/49900 rows
Parsed 10272/49900 rows
Parsed 10304/49900 rows
Parsed 10336/49900 rows
Parsed 10368/49900 rows
Parsed 10400/49900 rows
Parsed 10432/49900 rows
Parsed 10464/49900 rows
Parsed 10496/49900 rows
Parsed 10528/49900 rows
Parsed 10560/49900 rows
Parsed 10592/49900 rows
Parsed 10624/49900 rows
Parsed 10656/49900 rows
Parsed 10688/49900 rows
Parsed 10720/49900 rows
Parsed 10752/49900 rows
Parsed 10784/49900 rows
Parsed 10816/49900 rows
Parsed 10848/49900 rows
Parsed 10880/49900 rows
Parsed 10912/49900 rows
Parsed 10944/49900 rows
Parsed 10976/49900 rows
Parsed 11008/49900 rows
Parsed 11040/49900 rows
Parsed 11072/49900 rows
Parsed 11104/49900 rows
Parsed 11136/49900 rows
Parsed 11168/49900 rows
Parsed 11200/49900 rows
Parsed 11232/49900 rows
Parsed 11264/49900 rows
Parsed 11296/49900 rows
Parsed 11328/49900 rows
Parsed 11360/49900 rows
Parsed 11392/49900 rows
Parsed 11424/49900 rows
Parsed 11456/49900 rows
Parsed 11488/49900 rows
Parsed 11520/49900 rows
Parsed 11552/49900 rows
Parsed 11584/49900 rows
Parsed 11616/49900 rows
Parsed 11648/49900 rows
Parsed 11680/49900 rows
Parsed 11712/49900 rows
Parsed 11744/49900 rows
Parsed 11776/49900 rows
Parsed 11808/49900 rows
Parsed 11840/49900 rows
Parsed 11872/49900 rows
Parsed 11904/49900 rows
Parsed 11936/49900 rows
Parsed 11968/49900 rows
Parsed 12000/49900 rows
Parsed 12032/49900 rows
Parsed 12064/49900 rows
Parsed 12096/49900 rows
Parsed 12128/49900 rows
Parsed 12160/49900 rows
Parsed 12192/49900 rows
Parsed 12224/49900 rows
Parsed 12256/49900 rows
Parsed 12288/49900 rows
Parsed 12320/49900 rows
Parsed 12352/49900 rows
Parsed 12384/49900 rows
Parsed 12416/49900 rows
Parsed 12448/49900 rows
Parsed 12480/49900 rows
Parsed 12512/49900 rows
Parsed 12544/49900 rows
Parsed 12576/49900 rows
Parsed 12608/49900 rows
Parsed 12640/49900 rows
Parsed 12672/49900 rows
Parsed 12704/49900 rows
Parsed 12736/49900 rows
Parsed 12768/49900 rows
Parsed 12800/49900 rows
Parsed 12832/49900 rows
Parsed 12864/49900 rows
Parsed 12896/49900 rows
Parsed 12928/49900 rows
Parsed 12960/49900 rows
Parsed 12992/49900 rows
Parsed 13024/49900 rows
Parsed 13056/49900 rows
Parsed 13088/49900 rows
Parsed 13120/49900 rows
Parsed 13152/49900 rows
Parsed 13184/49900 rows
Parsed 13216/49900 rows
Parsed 13248/49900 rows
Parsed 13280/49900 rows
Parsed 13312/49900 rows
Parsed 13344/49900 rows
Parsed 13376/49900 rows
Parsed 13408/49900 rows
Parsed 13440/49900 rows
Parsed 13472/49900 rows
Parsed 13504/49900 rows
Parsed 13536/49900 rows
Parsed 13568/49900 rows
Parsed 13600/49900 rows
Parsed 13632/49900 rows
Parsed 13664/49900 rows
Parsed 13696/49900 rows
Parsed 13728/49900 rows
Parsed 13760/49900 rows
Parsed 13792/49900 rows
Parsed 13824/49900 rows
Parsed 13856/49900 rows
Parsed 13888/49900 rows
Parsed 13920/49900 rows
Parsed 13952/49900 rows
Parsed 13984/49900 rows
Parsed 14016/49900 rows
Parsed 14048/49900 rows
Parsed 14080/49900 rows
Parsed 14112/49900 rows
Parsed 14144/49900 rows
Parsed 14176/49900 rows
Parsed 14208/49900 rows
Parsed 14240/49900 rows
Parsed 14272/49900 rows
Parsed 14304/49900 rows
Parsed 14336/49900 rows
Parsed 14368/49900 rows
Parsed 14400/49900 rows
Parsed 14432/49900 rows
Parsed 14464/49900 rows
Parsed 14496/49900 rows
Parsed 14528/49900 rows
Parsed 14560/49900 rows
Parsed 14592/49900 rows
Parsed 14624/49900 rows
Parsed 14656/49900 rows
Parsed 14688/49900 rows
Parsed 14720/49900 rows
Parsed 14752/49900 rows
Parsed 14784/49900 rows
Parsed 14816/49900 rows
Parsed 14848/49900 rows
Parsed 14880/49900 rows
Parsed 14912/49900 rows
Parsed 14944/49900 rows
Parsed 14976/49900 rows
Parsed 15008/49900 rows
Parsed 15040/49900 rows
Parsed 15072/49900 rows
Parsed 15104/49900 rows
Parsed 15136/49900 rows
Parsed 15168/49900 rows
Parsed 15200/49900 rows
Parsed 15232/49900 rows
Parsed 15264/49900 rows
Parsed 15296/49900 rows
Parsed 15328/49900 rows
Parsed 15360/49900 rows
Parsed 15392/49900 rows
Parsed 15424/49900 rows
Parsed 15456/49900 rows
Parsed 15488/49900 rows
Parsed 15520/49900 rows
Parsed 15552/49900 rows
Parsed 15584/49900 rows
Parsed 15616/49900 rows
Parsed 15648/49900 rows
Parsed 15680/49900 rows
Parsed 15712/49900 rows
Parsed 15744/49900 rows
Parsed 15776/49900 rows
Parsed 15808/49900 rows
Parsed 15840/49900 rows
Parsed 15872/49900 rows
Parsed 15904/49900 rows
Parsed 15936/49900 rows
Parsed 15968/49900 rows
Parsed 16000/49900 rows
Parsed 16032/49900 rows
Parsed 16064/49900 rows
Parsed 16096/49900 rows
Parsed 16128/49900 rows
Parsed 16160/49900 rows
Parsed 16192/49900 rows
Parsed 16224/49900 rows
Parsed 16256/49900 rows
Parsed 16288/49900 rows
Parsed 16320/49900 rows
Parsed 16352/49900 rows
Parsed 16384/49900 rows
Parsed 16416/49900 rows
Parsed 16448/49900 rows
Parsed 16480/49900 rows
Parsed 16512/49900 rows
Parsed 16544/49900 rows
Parsed 16576/49900 rows
Parsed 16608/49900 rows
Parsed 16640/49900 rows
Parsed 16672/49900 rows
Parsed 16704/49900 rows
Parsed 16736/49900 rows
Parsed 16768/49900 rows
Parsed 16800/49900 rows
Parsed 16832/49900 rows
Parsed 16864/49900 rows
Parsed 16896/49900 rows
Parsed 16928/49900 rows
Parsed 16960/49900 rows
Parsed 16992/49900 rows
Parsed 17024/49900 rows
Parsed 17056/49900 rows
Parsed 17088/49900 rows
Parsed 17120/49900 rows
Parsed 17152/49900 rows
Parsed 17184/49900 rows
Parsed 17216/49900 rows
Parsed 17248/49900 rows
Parsed 17280/49900 rows
Parsed 17312/49900 rows
Parsed 17344/49900 rows
Parsed 17376/49900 rows
Parsed 17408/49900 rows
Parsed 17440/49900 rows
Parsed 17472/49900 rows
Parsed 17504/49900 rows
Parsed 17536/49900 rows
Parsed 17568/49900 rows
Parsed 17600/49900 rows
Parsed 17632/49900 rows
Parsed 17664/49900 rows
Parsed 17696/49900 rows
Parsed 17728/49900 rows
Parsed 17760/49900 rows
Parsed 17792/49900 rows
Parsed 17824/49900 rows
Parsed 17856/49900 rows
Parsed 17888/49900 rows
Parsed 17920/49900 rows
Parsed 17952/49900 rows
Parsed 17984/49900 rows
Parsed 18016/49900 rows
Parsed 18048/49900 rows
Parsed 18080/49900 rows
Parsed 18112/49900 rows
Parsed 18144/49900 rows
Parsed 18176/49900 rows
Parsed 18208/49900 rows
Parsed 18240/49900 rows
Parsed 18272/49900 rows
Parsed 18304/49900 rows
Parsed 18336/49900 rows
Parsed 18368/49900 rows
Parsed 18400/49900 rows
Parsed 18432/49900 rows
Parsed 18464/49900 rows
Parsed 18496/49900 rows
Parsed 18528/49900 rows
Parsed 18560/49900 rows
Parsed 18592/49900 rows
Parsed 18624/49900 rows
Parsed 18656/49900 rows
Parsed 18688/49900 rows
Parsed 18720/49900 rows
Parsed 18752/49900 rows
Parsed 18784/49900 rows
Parsed 18816/49900 rows
Parsed 18848/49900 rows
Parsed 18880/49900 rows
Parsed 18912/49900 rows
Parsed 18944/49900 rows
Parsed 18976/49900 rows
Parsed 19008/49900 rows
Parsed 19040/49900 rows
Parsed 19072/49900 rows
Parsed 19104/49900 rows
Parsed 19136/49900 rows
Parsed 19168/49900 rows
Parsed 19200/49900 rows
Parsed 19232/49900 rows
Parsed 19264/49900 rows
Parsed 19296/49900 rows
Parsed 19328/49900 rows
Parsed 19360/49900 rows
Parsed 19392/49900 rows
Parsed 19424/49900 rows
Parsed 19456/49900 rows
Parsed 19488/49900 rows
Parsed 19520/49900 rows
Parsed 19552/49900 rows
Parsed 19584/49900 rows
Parsed 19616/49900 rows
Parsed 19648/49900 rows
Parsed 19680/49900 rows
Parsed 19712/49900 rows
Parsed 19744/49900 rows
Parsed 19776/49900 rows
Parsed 19808/49900 rows
Parsed 19840/49900 rows
Parsed 19872/49900 rows
Parsed 19904/49900 rows
Parsed 19936/49900 rows
Parsed 19968/49900 rows
Parsed 20000/49900 rows
Parsed 20032/49900 rows
Parsed 20064/49900 rows
Parsed 20096/49900 rows
Parsed 20128/49900 rows
Parsed 20160/49900 rows
Parsed 20192/49900 rows
Parsed 20224/49900 rows
Parsed 20256/49900 rows
Parsed 20288/49900 rows
Parsed 20320/49900 rows
Parsed 20352/49900 rows
Parsed 20384/49900 rows
Parsed 20416/49900 rows
Parsed 20448/49900 rows
Parsed 20480/49900 rows
Parsed 20512/49900 rows
Parsed 20544/49900 rows
Parsed 20576/49900 rows
Parsed 20608/49900 rows
Parsed 20640/49900 rows
Parsed 20672/49900 rows
Parsed 20704/49900 rows
Parsed 20736/49900 rows
Parsed 20768/49900 rows
Parsed 20800/49900 rows
Parsed 20832/49900 rows
Parsed 20864/49900 rows
Parsed 20896/49900 rows
Parsed 20928/49900 rows
Parsed 20960/49900 rows
Parsed 20992/49900 rows
Parsed 21024/49900 rows
Parsed 21056/49900 rows
Parsed 21088/49900 rows
Parsed 21120/49900 rows
Parsed 21152/49900 rows
Parsed 21184/49900 rows
Parsed 21216/49900 rows
Parsed 21248/49900 rows
Parsed 21280/49900 rows
Parsed 21312/49900 rows
Parsed 21344/49900 rows
Parsed 21376/49900 rows
Parsed 21408/49900 rows
Parsed 21440/49900 rows
Parsed 21472/49900 rows
Parsed 21504/49900 rows
Parsed 21536/49900 rows
Parsed 21568/49900 rows
Parsed 21600/49900 rows
Parsed 21632/49900 rows
Parsed 21664/49900 rows
Parsed 21696/49900 rows
Parsed 21728/49900 rows
Parsed 21760/49900 rows
Parsed 21792/49900 rows
Parsed 21824/49900 rows
Parsed 21856/49900 rows
Parsed 21888/49900 rows
Parsed 21920/49900 rows
Parsed 21952/49900 rows
Parsed 21984/49900 rows
Parsed 22016/49900 rows
Parsed 22048/49900 rows
Parsed 22080/49900 rows
Parsed 22112/49900 rows
Parsed 22144/49900 rows
Parsed 22176/49900 rows
Parsed 22208/49900 rows
Parsed 22240/49900 rows
Parsed 22272/49900 rows
Parsed 22304/49900 rows
Parsed 22336/49900 rows
Parsed 22368/49900 rows
Parsed 22400/49900 rows
Parsed 22432/49900 rows
Parsed 22464/49900 rows
Parsed 22496/49900 rows
Parsed 22528/49900 rows
Parsed 22560/49900 rows
Parsed 22592/49900 rows
Parsed 22624/49900 rows
Parsed 22656/49900 rows
Parsed 22688/49900 rows
Parsed 22720/49900 rows
Parsed 22752/49900 rows
Parsed 22784/49900 rows
Parsed 22816/49900 rows
Parsed 22848/49900 rows
Parsed 22880/49900 rows
Parsed 22912/49900 rows
Parsed 22944/49900 rows
Parsed 22976/49900 rows
Parsed 23008/49900 rows
Parsed 23040/49900 rows
Parsed 23072/49900 rows
Parsed 23104/49900 rows
Parsed 23136/49900 rows
Parsed 23168/49900 rows
Parsed 23200/49900 rows
Parsed 23232/49900 rows
Parsed 23264/49900 rows
Parsed 23296/49900 rows
Parsed 23328/49900 rows
Parsed 23360/49900 rows
Parsed 23392/49900 rows
Parsed 23424/49900 rows
Parsed 23456/49900 rows
Parsed 23488/49900 rows
Parsed 23520/49900 rows
Parsed 23552/49900 rows
Parsed 23584/49900 rows
Parsed 23616/49900 rows
Parsed 23648/49900 rows
Parsed 23680/49900 rows
Parsed 23712/49900 rows
Parsed 23744/49900 rows
Parsed 23776/49900 rows
Parsed 23808/49900 rows
Parsed 23840/49900 rows
Parsed 23872/49900 rows
Parsed 23904/49900 rows
Parsed 23936/49900 rows
Parsed 23968/49900 rows
Parsed 24000/49900 rows
Parsed 24032/49900 rows
Parsed 24064/49900 rows
Parsed 24096/49900 rows
Parsed 24128/49900 rows
Parsed 24160/49900 rows
Parsed 24192/49900 rows
Parsed 24224/49900 rows
Parsed 24256/49900 rows
Parsed 24288/49900 rows
Parsed 24320/49900 rows
Parsed 24352/49900 rows
Parsed 24384/49900 rows
Parsed 24416/49900 rows
Parsed 24448/49900 rows
Parsed 24480/49900 rows
Parsed 24512/49900 rows
Parsed 24544/49900 rows
Parsed 24576/49900 rows
Parsed 24608/49900 rows
Parsed 24640/49900 rows
Parsed 24672/49900 rows
Parsed 24704/49900 rows
Parsed 24736/49900 rows
Parsed 24768/49900 rows
Parsed 24800/49900 rows
Parsed 24832/49900 rows
Parsed 24864/49900 rows
Parsed 24896/49900 rows
Parsed 24928/49900 rows
Parsed 24960/49900 rows
Parsed 24992/49900 rows
Parsed 25024/49900 rows
Parsed 25056/49900 rows
Parsed 25088/49900 rows
Parsed 25120/49900 rows
Parsed 25152/49900 rows
Parsed 25184/49900 rows
Parsed 25216/49900 rows
Parsed 25248/49900 rows
Parsed 25280/49900 rows
Parsed 25312/49900 rows
Parsed 25344/49900 rows
Parsed 25376/49900 rows
Parsed 25408/49900 rows
Parsed 25440/49900 rows
Parsed 25472/49900 rows
Parsed 25504/49900 rows
Parsed 25536/49900 rows
Parsed 25568/49900 rows
Parsed 25600/49900 rows
Parsed 25632/49900 rows
Parsed 25664/49900 rows
Parsed 25696/49900 rows
Parsed 25728/49900 rows
Parsed 25760/49900 rows
Parsed 25792/49900 rows
Parsed 25824/49900 rows
Parsed 25856/49900 rows
Parsed 25888/49900 rows
Parsed 25920/49900 rows
Parsed 25952/49900 rows
Parsed 25984/49900 rows
Parsed 26016/49900 rows
Parsed 26048/49900 rows
Parsed 26080/49900 rows
Parsed 26112/49900 rows
Parsed 26144/49900 rows
Parsed 26176/49900 rows
Parsed 26208/49900 rows
Parsed 26240/49900 rows
Parsed 26272/49900 rows
Parsed 26304/49900 rows
Parsed 26336/49900 rows
Parsed 26368/49900 rows
Parsed 26400/49900 rows
Parsed 26432/49900 rows
Parsed 26464/49900 rows
Parsed 26496/49900 rows
Parsed 26528/49900 rows
Parsed 26560/49900 rows
Parsed 26592/49900 rows
Parsed 26624/49900 rows
Parsed 26656/49900 rows
Parsed 26688/49900 rows
Parsed 26720/49900 rows
Parsed 26752/49900 rows
Parsed 26784/49900 rows
Parsed 26816/49900 rows
Parsed 26848/49900 rows
Parsed 26880/49900 rows
Parsed 26912/49900 rows
Parsed 26944/49900 rows
Parsed 26976/49900 rows
Parsed 27008/49900 rows
Parsed 27040/49900 rows
Parsed 27072/49900 rows
Parsed 27104/49900 rows
Parsed 27136/49900 rows
Parsed 27168/49900 rows
Parsed 27200/49900 rows
Parsed 27232/49900 rows
Parsed 27264/49900 rows
Parsed 27296/49900 rows
Parsed 27328/49900 rows
Parsed 27360/49900 rows
Parsed 27392/49900 rows
Parsed 27424/49900 rows
Parsed 27456/49900 rows
Parsed 27488/49900 rows
Parsed 27520/49900 rows
Parsed 27552/49900 rows
Parsed 27584/49900 rows
Parsed 27616/49900 rows
Parsed 27648/49900 rows
Parsed 27680/49900 rows
Parsed 27712/49900 rows
Parsed 27744/49900 rows
Parsed 27776/49900 rows
Parsed 27808/49900 rows
Parsed 27840/49900 rows
Parsed 27872/49900 rows
Parsed 27904/49900 rows
Parsed 27936/49900 rows
Parsed 27968/49900 rows
Parsed 28000/49900 rows
Parsed 28032/49900 rows
Parsed 28064/49900 rows
Parsed 28096/49900 rows
Parsed 28128/49900 rows
Parsed 28160/49900 rows
Parsed 28192/49900 rows
Parsed 28224/49900 rows
Parsed 28256/49900 rows
Parsed 28288/49900 rows
Parsed 28320/49900 rows
Parsed 28352/49900 rows
Parsed 28384/49900 rows
Parsed 28416/49900 rows
Parsed 28448/49900 rows
Parsed 28480/49900 rows
Parsed 28512/49900 rows
Parsed 28544/49900 rows
Parsed 28576/49900 rows
Parsed 28608/49900 rows
Parsed 28640/49900 rows
Parsed 28672/49900 rows
Parsed 28704/49900 rows
Parsed 28736/49900 rows
Parsed 28768/49900 rows
Parsed 28800/49900 rows
Parsed 28832/49900 rows
Parsed 28864/49900 rows
Parsed 28896/49900 rows
Parsed 28928/49900 rows
Parsed 28960/49900 rows
Parsed 28992/49900 rows
Parsed 29024/49900 rows
Parsed 29056/49900 rows
Parsed 29088/49900 rows
Parsed 29120/49900 rows
Parsed 29152/49900 rows
Parsed 29184/49900 rows
Parsed 29216/49900 rows
Parsed 29248/49900 rows
Parsed 29280/49900 rows
Parsed 29312/49900 rows
Parsed 29344/49900 rows
Parsed 29376/49900 rows
Parsed 29408/49900 rows
Parsed 29440/49900 rows
Parsed 29472/49900 rows
Parsed 29504/49900 rows
Parsed 29536/49900 rows
Parsed 29568/49900 rows
Parsed 29600/49900 rows
Parsed 29632/49900 rows
Parsed 29664/49900 rows
Parsed 29696/49900 rows
Parsed 29728/49900 rows
Parsed 29760/49900 rows
Parsed 29792/49900 rows
Parsed 29824/49900 rows
Parsed 29856/49900 rows
Parsed 29888/49900 rows
Parsed 29920/49900 rows
Parsed 29952/49900 rows
Parsed 29984/49900 rows
Parsed 30016/49900 rows
Parsed 30048/49900 rows
Parsed 30080/49900 rows
Parsed 30112/49900 rows
Parsed 30144/49900 rows
Parsed 30176/49900 rows
Parsed 30208/49900 rows
Parsed 30240/49900 rows
Parsed 30272/49900 rows
Parsed 30304/49900 rows
Parsed 30336/49900 rows
Parsed 30368/49900 rows
Parsed 30400/49900 rows
Parsed 30432/49900 rows
Parsed 30464/49900 rows
Parsed 30496/49900 rows
Parsed 30528/49900 rows
Parsed 30560/49900 rows
Parsed 30592/49900 rows
Parsed 30624/49900 rows
Parsed 30656/49900 rows
Parsed 30688/49900 rows
Parsed 30720/49900 rows
Parsed 30752/49900 rows
Parsed 30784/49900 rows
Parsed 30816/49900 rows
Parsed 30848/49900 rows
Parsed 30880/49900 rows
Parsed 30912/49900 rows
Parsed 30944/49900 rows
Parsed 30976/49900 rows
Parsed 31008/49900 rows
Parsed 31040/49900 rows
Parsed 31072/49900 rows
Parsed 31104/49900 rows
Parsed 31136/49900 rows
Parsed 31168/49900 rows
Parsed 31200/49900 rows
Parsed 31232/49900 rows
Parsed 31264/49900 rows
Parsed 31296/49900 rows
Parsed 31328/49900 rows
Parsed 31360/49900 rows
Parsed 31392/49900 rows
Parsed 31424/49900 rows
Parsed 31456/49900 rows
Parsed 31488/49900 rows
Parsed 31520/49900 rows
Parsed 31552/49900 rows
Parsed 31584/49900 rows
Parsed 31616/49900 rows
Parsed 31648/49900 rows
Parsed 31680/49900 rows
Parsed 31712/49900 rows
Parsed 31744/49900 rows
Parsed 31776/49900 rows
Parsed 31808/49900 rows
Parsed 31840/49900 rows
Parsed 31872/49900 rows
Parsed 31904/49900 rows
Parsed 31936/49900 rows
Parsed 31968/49900 rows
Parsed 32000/49900 rows
Parsed 32032/49900 rows
Parsed 32064/49900 rows
Parsed 32096/49900 rows
Parsed 32128/49900 rows
Parsed 32160/49900 rows
Parsed 32192/49900 rows
Parsed 32224/49900 rows
Parsed 32256/49900 rows
Parsed 32288/49900 rows
Parsed 32320/49900 rows
Parsed 32352/49900 rows
Parsed 32384/49900 rows
Parsed 32416/49900 rows
Parsed 32448/49900 rows
Parsed 32480/49900 rows
Parsed 32512/49900 rows
Parsed 32544/49900 rows
Parsed 32576/49900 rows
Parsed 32608/49900 rows
Parsed 32640/49900 rows
Parsed 32672/49900 rows
Parsed 32704/49900 rows
Parsed 32736/49900 rows
Parsed 32768/49900 rows
Parsed 32800/49900 rows
Parsed 32832/49900 rows
Parsed 32864/49900 rows
Parsed 32896/49900 rows
Parsed 32928/49900 rows
Parsed 32960/49900 rows
Parsed 32992/49900 rows
Parsed 33024/49900 rows
Parsed 33056/49900 rows
Parsed 33088/49900 rows
Parsed 33120/49900 rows
Parsed 33152/49900 rows
Parsed 33184/49900 rows
Parsed 33216/49900 rows
Parsed 33248/49900 rows
Parsed 33280/49900 rows
Parsed 33312/49900 rows
Parsed 33344/49900 rows
Parsed 33376/49900 rows
Parsed 33408/49900 rows
Parsed 33440/49900 rows
Parsed 33472/49900 rows
Parsed 33504/49900 rows
Parsed 33536/49900 rows
Parsed 33568/49900 rows
Parsed 33600/49900 rows
Parsed 33632/49900 rows
Parsed 33664/49900 rows
Parsed 33696/49900 rows
Parsed 33728/49900 rows
Parsed 33760/49900 rows
Parsed 33792/49900 rows
Parsed 33824/49900 rows
Parsed 33856/49900 rows
Parsed 33888/49900 rows
Parsed 33920/49900 rows
Parsed 33952/49900 rows
Parsed 33984/49900 rows
Parsed 34016/49900 rows
Parsed 34048/49900 rows
Parsed 34080/49900 rows
Parsed 34112/49900 rows
Parsed 34144/49900 rows
Parsed 34176/49900 rows
Parsed 34208/49900 rows
Parsed 34240/49900 rows
Parsed 34272/49900 rows
Parsed 34304/49900 rows
Parsed 34336/49900 rows
Parsed 34368/49900 rows
Parsed 34400/49900 rows
Parsed 34432/49900 rows
Parsed 34464/49900 rows
Parsed 34496/49900 rows
Parsed 34528/49900 rows
Parsed 34560/49900 rows
Parsed 34592/49900 rows
Parsed 34624/49900 rows
Parsed 34656/49900 rows
Parsed 34688/49900 rows
Parsed 34720/49900 rows
Parsed 34752/49900 rows
Parsed 34784/49900 rows
Parsed 34816/49900 rows
Parsed 34848/49900 rows
Parsed 34880/49900 rows
Parsed 34912/49900 rows
Parsed 34944/49900 rows
Parsed 34976/49900 rows
Parsed 35008/49900 rows
Parsed 35040/49900 rows
Parsed 35072/49900 rows
Parsed 35104/49900 rows
Parsed 35136/49900 rows
Parsed 35168/49900 rows
Parsed 35200/49900 rows
Parsed 35232/49900 rows
Parsed 35264/49900 rows
Parsed 35296/49900 rows
Parsed 35328/49900 rows
Parsed 35360/49900 rows
Parsed 35392/49900 rows
Parsed 35424/49900 rows
Parsed 35456/49900 rows
Parsed 35488/49900 rows
Parsed 35520/49900 rows
Parsed 35552/49900 rows
Parsed 35584/49900 rows
Parsed 35616/49900 rows
Parsed 35648/49900 rows
Parsed 35680/49900 rows
Parsed 35712/49900 rows
Parsed 35744/49900 rows
Parsed 35776/49900 rows
Parsed 35808/49900 rows
Parsed 35840/49900 rows
Parsed 35872/49900 rows
Parsed 35904/49900 rows
Parsed 35936/49900 rows
Parsed 35968/49900 rows
Parsed 36000/49900 rows
Parsed 36032/49900 rows
Parsed 36064/49900 rows
Parsed 36096/49900 rows
Parsed 36128/49900 rows
Parsed 36160/49900 rows
Parsed 36192/49900 rows
Parsed 36224/49900 rows
Parsed 36256/49900 rows
Parsed 36288/49900 rows
Parsed 36320/49900 rows
Parsed 36352/49900 rows
Parsed 36384/49900 rows
Parsed 36416/49900 rows
Parsed 36448/49900 rows
Parsed 36480/49900 rows
Parsed 36512/49900 rows
Parsed 36544/49900 rows
Parsed 36576/49900 rows
Parsed 36608/49900 rows
Parsed 36640/49900 rows
Parsed 36672/49900 rows
Parsed 36704/49900 rows
Parsed 36736/49900 rows
Parsed 36768/49900 rows
Parsed 36800/49900 rows
Parsed 36832/49900 rows
Parsed 36864/49900 rows
Parsed 36896/49900 rows
Parsed 36928/49900 rows
Parsed 36960/49900 rows
Parsed 36992/49900 rows
Parsed 37024/49900 rows
Parsed 37056/49900 rows
Parsed 37088/49900 rows
Parsed 37120/49900 rows
Parsed 37152/49900 rows
Parsed 37184/49900 rows
Parsed 37216/49900 rows
Parsed 37248/49900 rows
Parsed 37280/49900 rows
Parsed 37312/49900 rows
Parsed 37344/49900 rows
Parsed 37376/49900 rows
Parsed 37408/49900 rows
Parsed 37440/49900 rows
Parsed 37472/49900 rows
Parsed 37504/49900 rows
Parsed 37536/49900 rows
Parsed 37568/49900 rows
Parsed 37600/49900 rows
Parsed 37632/49900 rows
Parsed 37664/49900 rows
Parsed 37696/49900 rows
Parsed 37728/49900 rows
Parsed 37760/49900 rows
Parsed 37792/49900 rows
Parsed 37824/49900 rows
Parsed 37856/49900 rows
Parsed 37888/49900 rows
Parsed 37920/49900 rows
Parsed 37952/49900 rows
Parsed 37984/49900 rows
Parsed 38016/49900 rows
Parsed 38048/49900 rows
Parsed 38080/49900 rows
Parsed 38112/49900 rows
Parsed 38144/49900 rows
Parsed 38176/49900 rows
Parsed 38208/49900 rows
Parsed 38240/49900 rows
Parsed 38272/49900 rows
Parsed 38304/49900 rows
Parsed 38336/49900 rows
Parsed 38368/49900 rows
Parsed 38400/49900 rows
Parsed 38432/49900 rows
Parsed 38464/49900 rows
Parsed 38496/49900 rows
Parsed 38528/49900 rows
Parsed 38560/49900 rows
Parsed 38592/49900 rows
Parsed 38624/49900 rows
Parsed 38656/49900 rows
Parsed 38688/49900 rows
Parsed 38720/49900 rows
Parsed 38752/49900 rows
Parsed 38784/49900 rows
Parsed 38816/49900 rows
Parsed 38848/49900 rows
Parsed 38880/49900 rows
Parsed 38912/49900 rows
Parsed 38944/49900 rows
Parsed 38976/49900 rows
Parsed 39008/49900 rows
Parsed 39040/49900 rows
Parsed 39072/49900 rows
Parsed 39104/49900 rows
Parsed 39136/49900 rows
Parsed 39168/49900 rows
Parsed 39200/49900 rows
Parsed 39232/49900 rows
Parsed 39264/49900 rows
Parsed 39296/49900 rows
Parsed 39328/49900 rows
Parsed 39360/49900 rows
Parsed 39392/49900 rows
Parsed 39424/49900 rows
Parsed 39456/49900 rows
Parsed 39488/49900 rows
Parsed 39520/49900 rows
Parsed 39552/49900 rows
Parsed 39584/49900 rows
Parsed 39616/49900 rows
Parsed 39648/49900 rows
Parsed 39680/49900 rows
Parsed 39712/49900 rows
Parsed 39744/49900 rows
Parsed 39776/49900 rows
Parsed 39808/49900 rows
Parsed 39840/49900 rows
Parsed 39872/49900 rows
Parsed 39904/49900 rows
Parsed 39936/49900 rows
Parsed 39968/49900 rows
Parsed 40000/49900 rows
Parsed 40032/49900 rows
Parsed 40064/49900 rows
Parsed 40096/49900 rows
Parsed 40128/49900 rows
Parsed 40160/49900 rows
Parsed 40192/49900 rows
Parsed 40224/49900 rows
Parsed 40256/49900 rows
Parsed 40288/49900 rows
Parsed 40320/49900 rows
Parsed 40352/49900 rows
Parsed 40384/49900 rows
Parsed 40416/49900 rows
Parsed 40448/49900 rows
Parsed 40480/49900 rows
Parsed 40512/49900 rows
Parsed 40544/49900 rows
Parsed 40576/49900 rows
Parsed 40608/49900 rows
Parsed 40640/49900 rows
Parsed 40672/49900 rows
Parsed 40704/49900 rows
Parsed 40736/49900 rows
Parsed 40768/49900 rows
Parsed 40800/49900 rows
Parsed 40832/49900 rows
Parsed 40864/49900 rows
Parsed 40896/49900 rows
Parsed 40928/49900 rows
Parsed 40960/49900 rows
Parsed 40992/49900 rows
Parsed 41024/49900 rows
Parsed 41056/49900 rows
Parsed 41088/49900 rows
Parsed 41120/49900 rows
Parsed 41152/49900 rows
Parsed 41184/49900 rows
Parsed 41216/49900 rows
Parsed 41248/49900 rows
Parsed 41280/49900 rows
Parsed 41312/49900 rows
Parsed 41344/49900 rows
Parsed 41376/49900 rows
Parsed 41408/49900 rows
Parsed 41440/49900 rows
Parsed 41472/49900 rows
Parsed 41504/49900 rows
Parsed 41536/49900 rows
Parsed 41568/49900 rows
Parsed 41600/49900 rows
Parsed 41632/49900 rows
Parsed 41664/49900 rows
Parsed 41696/49900 rows
Parsed 41728/49900 rows
Parsed 41760/49900 rows
Parsed 41792/49900 rows
Parsed 41824/49900 rows
Parsed 41856/49900 rows
Parsed 41888/49900 rows
Parsed 41920/49900 rows
Parsed 41952/49900 rows
Parsed 41984/49900 rows
Parsed 42016/49900 rows
Parsed 42048/49900 rows
Parsed 42080/49900 rows
Parsed 42112/49900 rows
Parsed 42144/49900 rows
Parsed 42176/49900 rows
Parsed 42208/49900 rows
Parsed 42240/49900 rows
Parsed 42272/49900 rows
Parsed 42304/49900 rows
Parsed 42336/49900 rows
Parsed 42368/49900 rows
Parsed 42400/49900 rows
Parsed 42432/49900 rows
Parsed 42464/49900 rows
Parsed 42496/49900 rows
Parsed 42528/49900 rows
Parsed 42560/49900 rows
Parsed 42592/49900 rows
Parsed 42624/49900 rows
Parsed 42656/49900 rows
Parsed 42688/49900 rows
Parsed 42720/49900 rows
Parsed 42752/49900 rows
Parsed 42784/49900 rows
Parsed 42816/49900 rows
Parsed 42848/49900 rows
Parsed 42880/49900 rows
Parsed 42912/49900 rows
Parsed 42944/49900 rows
Parsed 42976/49900 rows
Parsed 43008/49900 rows
Parsed 43040/49900 rows
Parsed 43072/49900 rows
Parsed 43104/49900 rows
Parsed 43136/49900 rows
Parsed 43168/49900 rows
Parsed 43200/49900 rows
Parsed 43232/49900 rows
Parsed 43264/49900 rows
Parsed 43296/49900 rows
Parsed 43328/49900 rows
Parsed 43360/49900 rows
Parsed 43392/49900 rows
Parsed 43424/49900 rows
Parsed 43456/49900 rows
Parsed 43488/49900 rows
Parsed 43520/49900 rows
Parsed 43552/49900 rows
Parsed 43584/49900 rows
Parsed 43616/49900 rows
Parsed 43648/49900 rows
Parsed 43680/49900 rows
Parsed 43712/49900 rows
Parsed 43744/49900 rows
Parsed 43776/49900 rows
Parsed 43808/49900 rows
Parsed 43840/49900 rows
Parsed 43872/49900 rows
Parsed 43904/49900 rows
Parsed 43936/49900 rows
Parsed 43968/49900 rows
Parsed 44000/49900 rows
Parsed 44032/49900 rows
Parsed 44064/49900 rows
Parsed 44096/49900 rows
Parsed 44128/49900 rows
Parsed 44160/49900 rows
Parsed 44192/49900 rows
Parsed 44224/49900 rows
Parsed 44256/49900 rows
Parsed 44288/49900 rows
Parsed 44320/49900 rows
Parsed 44352/49900 rows
Parsed 44384/49900 rows
Parsed 44416/49900 rows
Parsed 44448/49900 rows
Parsed 44480/49900 rows
Parsed 44512/49900 rows
Parsed 44544/49900 rows
Parsed 44576/49900 rows
Parsed 44608/49900 rows
Parsed 44640/49900 rows
Parsed 44672/49900 rows
Parsed 44704/49900 rows
Parsed 44736/49900 rows
Parsed 44768/49900 rows
Parsed 44800/49900 rows
Parsed 44832/49900 rows
Parsed 44864/49900 rows
Parsed 44896/49900 rows
Parsed 44928/49900 rows
Parsed 44960/49900 rows
Parsed 44992/49900 rows
Parsed 45024/49900 rows
Parsed 45056/49900 rows
Parsed 45088/49900 rows
Parsed 45120/49900 rows
Parsed 45152/49900 rows
Parsed 45184/49900 rows
Parsed 45216/49900 rows
Parsed 45248/49900 rows
Parsed 45280/49900 rows
Parsed 45312/49900 rows
Parsed 45344/49900 rows
Parsed 45376/49900 rows
Parsed 45408/49900 rows
Parsed 45440/49900 rows
Parsed 45472/49900 rows
Parsed 45504/49900 rows
Parsed 45536/49900 rows
Parsed 45568/49900 rows
Parsed 45600/49900 rows
Parsed 45632/49900 rows
Parsed 45664/49900 rows
Parsed 45696/49900 rows
Parsed 45728/49900 rows
Parsed 45760/49900 rows
Parsed 45792/49900 rows
Parsed 45824/49900 rows
Parsed 45856/49900 rows
Parsed 45888/49900 rows
Parsed 45920/49900 rows
Parsed 45952/49900 rows
Parsed 45984/49900 rows
Parsed 46016/49900 rows
Parsed 46048/49900 rows
Parsed 46080/49900 rows
Parsed 46112/49900 rows
Parsed 46144/49900 rows
Parsed 46176/49900 rows
Parsed 46208/49900 rows
Parsed 46240/49900 rows
Parsed 46272/49900 rows
Parsed 46304/49900 rows
Parsed 46336/49900 rows
Parsed 46368/49900 rows
Parsed 46400/49900 rows
Parsed 46432/49900 rows
Parsed 46464/49900 rows
Parsed 46496/49900 rows
Parsed 46528/49900 rows
Parsed 46560/49900 rows
Parsed 46592/49900 rows
Parsed 46624/49900 rows
Parsed 46656/49900 rows
Parsed 46688/49900 rows
Parsed 46720/49900 rows
Parsed 46752/49900 rows
Parsed 46784/49900 rows
Parsed 46816/49900 rows
Parsed 46848/49900 rows
Parsed 46880/49900 rows
Parsed 46912/49900 rows
Parsed 46944/49900 rows
Parsed 46976/49900 rows
Parsed 47008/49900 rows
Parsed 47040/49900 rows
Parsed 47072/49900 rows
Parsed 47104/49900 rows
Parsed 47136/49900 rows
Parsed 47168/49900 rows
Parsed 47200/49900 rows
Parsed 47232/49900 rows
Parsed 47264/49900 rows
Parsed 47296/49900 rows
Parsed 47328/49900 rows
Parsed 47360/49900 rows
Parsed 47392/49900 rows
Parsed 47424/49900 rows
Parsed 47456/49900 rows
Parsed 47488/49900 rows
Parsed 47520/49900 rows
Parsed 47552/49900 rows
Parsed 47584/49900 rows
Parsed 47616/49900 rows
Parsed 47648/49900 rows
Parsed 47680/49900 rows
Parsed 47712/49900 rows
Parsed 47744/49900 rows
Parsed 47776/49900 rows
Parsed 47808/49900 rows
Parsed 47840/49900 rows
Parsed 47872/49900 rows
Parsed 47904/49900 rows
Parsed 47936/49900 rows
Parsed 47968/49900 rows
Parsed 48000/49900 rows
Parsed 48032/49900 rows
Parsed 48064/49900 rows
Parsed 48096/49900 rows
Parsed 48128/49900 rows
Parsed 48160/49900 rows
Parsed 48192/49900 rows
Parsed 48224/49900 rows
Parsed 48256/49900 rows
Parsed 48288/49900 rows
Parsed 48320/49900 rows
Parsed 48352/49900 rows
Parsed 48384/49900 rows
Parsed 48416/49900 rows
Parsed 48448/49900 rows
Parsed 48480/49900 rows
Parsed 48512/49900 rows
Parsed 48544/49900 rows
Parsed 48576/49900 rows
Parsed 48608/49900 rows
Parsed 48640/49900 rows
Parsed 48672/49900 rows
Parsed 48704/49900 rows
Parsed 48736/49900 rows
Parsed 48768/49900 rows
Parsed 48800/49900 rows
Parsed 48832/49900 rows
Parsed 48864/49900 rows
Parsed 48896/49900 rows
Parsed 48928/49900 rows
Parsed 48960/49900 rows
Parsed 48992/49900 rows
Parsed 49024/49900 rows
Parsed 49056/49900 rows
Parsed 49088/49900 rows
Parsed 49120/49900 rows
Parsed 49152/49900 rows
Parsed 49184/49900 rows
Parsed 49216/49900 rows
Parsed 49248/49900 rows
Parsed 49280/49900 rows
Parsed 49312/49900 rows
Parsed 49344/49900 rows
Parsed 49376/49900 rows
Parsed 49408/49900 rows
Parsed 49440/49900 rows
Parsed 49472/49900 rows
Parsed 49504/49900 rows
Parsed 49536/49900 rows
Parsed 49568/49900 rows
Parsed 49600/49900 rows
Parsed 49632/49900 rows
Parsed 49664/49900 rows
Parsed 49696/49900 rows
Parsed 49728/49900 rows
Parsed 49760/49900 rows
Parsed 49792/49900 rows
Parsed 49824/49900 rows
Parsed 49856/49900 rows
Parsed 49888/49900 rows
Parsed 49900/49900 rows
Saved parsed results to: /projects/simlai1/Viberank/data/VibeRank/raw/mimic/mimic_triage/rc_responses/MIMIC_500_LLAMA7_tournament1_seq_run_parsed.csv
Failed parses: 0/49900

IN : /projects/simlai1/Viberank/data/VibeRank/raw/mimic/mimic_triage/rc_responses/MIMIC_500_QWEN_tournament1_seq_run.jsonl
OUT: /projects/simlai1/Viberank/data/VibeRank/raw/mimic/mimic_triage/rc_responses/MIMIC_500_QWEN_tournament1_seq_run_parsed.csv

Parsing
/projects/simlai1/Viberank/data/VibeRank/raw/mimic/mimic_triage/rc_responses/MIMIC_500_QWEN_tournament1_seq_run.jsonl
Loaded 49900 response rows
Parsed 32/49900 rows
Parsed 64/49900 rows
Parsed 96/49900 rows
Parsed 128/49900 rows
Parsed 160/49900 rows
Parsed 192/49900 rows
Parsed 224/49900 rows
Parsed 256/49900 rows
Parsed 288/49900 rows
Parsed 320/49900 rows
Parsed 352/49900 rows
Parsed 384/49900 rows
Parsed 416/49900 rows
Parsed 448/49900 rows
Parsed 480/49900 rows
Parsed 512/49900 rows
Parsed 544/49900 rows
Parsed 576/49900 rows
Parsed 608/49900 rows
Parsed 640/49900 rows
Parsed 672/49900 rows
Parsed 704/49900 rows
Parsed 736/49900 rows
Parsed 768/49900 rows
Parsed 800/49900 rows
Parsed 832/49900 rows
Parsed 864/49900 rows
Parsed 896/49900 rows
Parsed 928/49900 rows
Parsed 960/49900 rows
Parsed 992/49900 rows
Parsed 1024/49900 rows
Parsed 1056/49900 rows
Parsed 1088/49900 rows
Parsed 1120/49900 rows
Parsed 1152/49900 rows
Parsed 1184/49900 rows
Parsed 1216/49900 rows
Parsed 1248/49900 rows
Parsed 1280/49900 rows
Parsed 1312/49900 rows
Parsed 1344/49900 rows
Parsed 1376/49900 rows
Parsed 1408/49900 rows
Parsed 1440/49900 rows
Parsed 1472/49900 rows
Parsed 1504/49900 rows
Parsed 1536/49900 rows
Parsed 1568/49900 rows
Parsed 1600/49900 rows
Parsed 1632/49900 rows
Parsed 1664/49900 rows
Parsed 1696/49900 rows
Parsed 1728/49900 rows
Parsed 1760/49900 rows
Parsed 1792/49900 rows
Parsed 1824/49900 rows
Parsed 1856/49900 rows
Parsed 1888/49900 rows
Parsed 1920/49900 rows
Parsed 1952/49900 rows
Parsed 1984/49900 rows
Parsed 2016/49900 rows
Parsed 2048/49900 rows
Parsed 2080/49900 rows
Parsed 2112/49900 rows
Parsed 2144/49900 rows
Parsed 2176/49900 rows
Parsed 2208/49900 rows
Parsed 2240/49900 rows
Parsed 2272/49900 rows
Parsed 2304/49900 rows
Parsed 2336/49900 rows
Parsed 2368/49900 rows
Parsed 2400/49900 rows
Parsed 2432/49900 rows
Parsed 2464/49900 rows
Parsed 2496/49900 rows
Parsed 2528/49900 rows
Parsed 2560/49900 rows
Parsed 2592/49900 rows
Parsed 2624/49900 rows
Parsed 2656/49900 rows
Parsed 2688/49900 rows
Parsed 2720/49900 rows
Parsed 2752/49900 rows
Parsed 2784/49900 rows
Parsed 2816/49900 rows
Parsed 2848/49900 rows
Parsed 2880/49900 rows
Parsed 2912/49900 rows
Parsed 2944/49900 rows
Parsed 2976/49900 rows
Parsed 3008/49900 rows
Parsed 3040/49900 rows
Parsed 3072/49900 rows
Parsed 3104/49900 rows
Parsed 3136/49900 rows
Parsed 3168/49900 rows
Parsed 3200/49900 rows
Parsed 3232/49900 rows
Parsed 3264/49900 rows
Parsed 3296/49900 rows
Parsed 3328/49900 rows
Parsed 3360/49900 rows
Parsed 3392/49900 rows
Parsed 3424/49900 rows
Parsed 3456/49900 rows
Parsed 3488/49900 rows
Parsed 3520/49900 rows
Parsed 3552/49900 rows
Parsed 3584/49900 rows
Parsed 3616/49900 rows
Parsed 3648/49900 rows
Parsed 3680/49900 rows
Parsed 3712/49900 rows
Parsed 3744/49900 rows
Parsed 3776/49900 rows
Parsed 3808/49900 rows
Parsed 3840/49900 rows
Parsed 3872/49900 rows
Parsed 3904/49900 rows
Parsed 3936/49900 rows
Parsed 3968/49900 rows
Parsed 4000/49900 rows
Parsed 4032/49900 rows
Parsed 4064/49900 rows
Parsed 4096/49900 rows
Parsed 4128/49900 rows
Parsed 4160/49900 rows
Parsed 4192/49900 rows
Parsed 4224/49900 rows
Parsed 4256/49900 rows
Parsed 4288/49900 rows
Parsed 4320/49900 rows
Parsed 4352/49900 rows
Parsed 4384/49900 rows
Parsed 4416/49900 rows
Parsed 4448/49900 rows
Parsed 4480/49900 rows
Parsed 4512/49900 rows
Parsed 4544/49900 rows
Parsed 4576/49900 rows
Parsed 4608/49900 rows
Parsed 4640/49900 rows
Parsed 4672/49900 rows
Parsed 4704/49900 rows
Parsed 4736/49900 rows
Parsed 4768/49900 rows
Parsed 4800/49900 rows
Parsed 4832/49900 rows
Parsed 4864/49900 rows
Parsed 4896/49900 rows
Parsed 4928/49900 rows
Parsed 4960/49900 rows
Parsed 4992/49900 rows
Parsed 5024/49900 rows
Parsed 5056/49900 rows
Parsed 5088/49900 rows
Parsed 5120/49900 rows
Parsed 5152/49900 rows
Parsed 5184/49900 rows
Parsed 5216/49900 rows
Parsed 5248/49900 rows
Parsed 5280/49900 rows
Parsed 5312/49900 rows
Parsed 5344/49900 rows
Parsed 5376/49900 rows
Parsed 5408/49900 rows
Parsed 5440/49900 rows
Parsed 5472/49900 rows
Parsed 5504/49900 rows
Parsed 5536/49900 rows
Parsed 5568/49900 rows
Parsed 5600/49900 rows
Parsed 5632/49900 rows
Parsed 5664/49900 rows
Parsed 5696/49900 rows
Parsed 5728/49900 rows
Parsed 5760/49900 rows
Parsed 5792/49900 rows
Parsed 5824/49900 rows
Parsed 5856/49900 rows
Parsed 5888/49900 rows
Parsed 5920/49900 rows
Parsed 5952/49900 rows
Parsed 5984/49900 rows
Parsed 6016/49900 rows
Parsed 6048/49900 rows
Parsed 6080/49900 rows
Parsed 6112/49900 rows
Parsed 6144/49900 rows
Parsed 6176/49900 rows
Parsed 6208/49900 rows
Parsed 6240/49900 rows
Parsed 6272/49900 rows
Parsed 6304/49900 rows
Parsed 6336/49900 rows
Parsed 6368/49900 rows
Parsed 6400/49900 rows
Parsed 6432/49900 rows
Parsed 6464/49900 rows
Parsed 6496/49900 rows
Parsed 6528/49900 rows
Parsed 6560/49900 rows
Parsed 6592/49900 rows
Parsed 6624/49900 rows
Parsed 6656/49900 rows
Parsed 6688/49900 rows
Parsed 6720/49900 rows
Parsed 6752/49900 rows
Parsed 6784/49900 rows
Parsed 6816/49900 rows
Parsed 6848/49900 rows
Parsed 6880/49900 rows
Parsed 6912/49900 rows
Parsed 6944/49900 rows
Parsed 6976/49900 rows
Parsed 7008/49900 rows
Parsed 7040/49900 rows
Parsed 7072/49900 rows
Parsed 7104/49900 rows
Parsed 7136/49900 rows
Parsed 7168/49900 rows
Parsed 7200/49900 rows
Parsed 7232/49900 rows
Parsed 7264/49900 rows
Parsed 7296/49900 rows
Parsed 7328/49900 rows
Parsed 7360/49900 rows
Parsed 7392/49900 rows
Parsed 7424/49900 rows
Parsed 7456/49900 rows
Parsed 7488/49900 rows
Parsed 7520/49900 rows
Parsed 7552/49900 rows
Parsed 7584/49900 rows
Parsed 7616/49900 rows
Parsed 7648/49900 rows
Parsed 7680/49900 rows
Parsed 7712/49900 rows
Parsed 7744/49900 rows
Parsed 7776/49900 rows
Parsed 7808/49900 rows
Parsed 7840/49900 rows
Parsed 7872/49900 rows
Parsed 7904/49900 rows
Parsed 7936/49900 rows
Parsed 7968/49900 rows
Parsed 8000/49900 rows
Parsed 8032/49900 rows
Parsed 8064/49900 rows
Parsed 8096/49900 rows
Parsed 8128/49900 rows
Parsed 8160/49900 rows
Parsed 8192/49900 rows
Parsed 8224/49900 rows
Parsed 8256/49900 rows
Parsed 8288/49900 rows
Parsed 8320/49900 rows
Parsed 8352/49900 rows
Parsed 8384/49900 rows
Parsed 8416/49900 rows
Parsed 8448/49900 rows
Parsed 8480/49900 rows
Parsed 8512/49900 rows
Parsed 8544/49900 rows
Parsed 8576/49900 rows
Parsed 8608/49900 rows
Parsed 8640/49900 rows
Parsed 8672/49900 rows
Parsed 8704/49900 rows
Parsed 8736/49900 rows
Parsed 8768/49900 rows
Parsed 8800/49900 rows
Parsed 8832/49900 rows
Parsed 8864/49900 rows
Parsed 8896/49900 rows
Parsed 8928/49900 rows
Parsed 8960/49900 rows
Parsed 8992/49900 rows
Parsed 9024/49900 rows
Parsed 9056/49900 rows
Parsed 9088/49900 rows
Parsed 9120/49900 rows
Parsed 9152/49900 rows
Parsed 9184/49900 rows
Parsed 9216/49900 rows
Parsed 9248/49900 rows
Parsed 9280/49900 rows
Parsed 9312/49900 rows
Parsed 9344/49900 rows
Parsed 9376/49900 rows
Parsed 9408/49900 rows
Parsed 9440/49900 rows
Parsed 9472/49900 rows
Parsed 9504/49900 rows
Parsed 9536/49900 rows
Parsed 9568/49900 rows
Parsed 9600/49900 rows
Parsed 9632/49900 rows
Parsed 9664/49900 rows
Parsed 9696/49900 rows
Parsed 9728/49900 rows
Parsed 9760/49900 rows
Parsed 9792/49900 rows
Parsed 9824/49900 rows
Parsed 9856/49900 rows
Parsed 9888/49900 rows
Parsed 9920/49900 rows
Parsed 9952/49900 rows
Parsed 9984/49900 rows
Parsed 10016/49900 rows
Parsed 10048/49900 rows
Parsed 10080/49900 rows
Parsed 10112/49900 rows
Parsed 10144/49900 rows
Parsed 10176/49900 rows
Parsed 10208/49900 rows
Parsed 10240/49900 rows
Parsed 10272/49900 rows
Parsed 10304/49900 rows
Parsed 10336/49900 rows
Parsed 10368/49900 rows
Parsed 10400/49900 rows
Parsed 10432/49900 rows
Parsed 10464/49900 rows
Parsed 10496/49900 rows
Parsed 10528/49900 rows
Parsed 10560/49900 rows
Parsed 10592/49900 rows
Parsed 10624/49900 rows
Parsed 10656/49900 rows
Parsed 10688/49900 rows
Parsed 10720/49900 rows
Parsed 10752/49900 rows
Parsed 10784/49900 rows
Parsed 10816/49900 rows
Parsed 10848/49900 rows
Parsed 10880/49900 rows
Parsed 10912/49900 rows
Parsed 10944/49900 rows
Parsed 10976/49900 rows
Parsed 11008/49900 rows
Parsed 11040/49900 rows
Parsed 11072/49900 rows
Parsed 11104/49900 rows
Parsed 11136/49900 rows
Parsed 11168/49900 rows
Parsed 11200/49900 rows
Parsed 11232/49900 rows
Parsed 11264/49900 rows
Parsed 11296/49900 rows
Parsed 11328/49900 rows
Parsed 11360/49900 rows
Parsed 11392/49900 rows
Parsed 11424/49900 rows
Parsed 11456/49900 rows
Parsed 11488/49900 rows
Parsed 11520/49900 rows
Parsed 11552/49900 rows
Parsed 11584/49900 rows
Parsed 11616/49900 rows
Parsed 11648/49900 rows
Parsed 11680/49900 rows
Parsed 11712/49900 rows
Parsed 11744/49900 rows
Parsed 11776/49900 rows
Parsed 11808/49900 rows
Parsed 11840/49900 rows
Parsed 11872/49900 rows
Parsed 11904/49900 rows
Parsed 11936/49900 rows
Parsed 11968/49900 rows
Parsed 12000/49900 rows
Parsed 12032/49900 rows
Parsed 12064/49900 rows
Parsed 12096/49900 rows
Parsed 12128/49900 rows
Parsed 12160/49900 rows
Parsed 12192/49900 rows
Parsed 12224/49900 rows
Parsed 12256/49900 rows
Parsed 12288/49900 rows
Parsed 12320/49900 rows
Parsed 12352/49900 rows
Parsed 12384/49900 rows
Parsed 12416/49900 rows
Parsed 12448/49900 rows
Parsed 12480/49900 rows
Parsed 12512/49900 rows
Parsed 12544/49900 rows
Parsed 12576/49900 rows
Parsed 12608/49900 rows
Parsed 12640/49900 rows
Parsed 12672/49900 rows
Parsed 12704/49900 rows
Parsed 12736/49900 rows
Parsed 12768/49900 rows
Parsed 12800/49900 rows
Parsed 12832/49900 rows
Parsed 12864/49900 rows
Parsed 12896/49900 rows
Parsed 12928/49900 rows
Parsed 12960/49900 rows
Parsed 12992/49900 rows
Parsed 13024/49900 rows
Parsed 13056/49900 rows
Parsed 13088/49900 rows
Parsed 13120/49900 rows
Parsed 13152/49900 rows
Parsed 13184/49900 rows
Parsed 13216/49900 rows
Parsed 13248/49900 rows
Parsed 13280/49900 rows
Parsed 13312/49900 rows
Parsed 13344/49900 rows
Parsed 13376/49900 rows
Parsed 13408/49900 rows
Parsed 13440/49900 rows
Parsed 13472/49900 rows
Parsed 13504/49900 rows
Parsed 13536/49900 rows
Parsed 13568/49900 rows
Parsed 13600/49900 rows
Parsed 13632/49900 rows
Parsed 13664/49900 rows
Parsed 13696/49900 rows
Parsed 13728/49900 rows
Parsed 13760/49900 rows
Parsed 13792/49900 rows
Parsed 13824/49900 rows
Parsed 13856/49900 rows
Parsed 13888/49900 rows
Parsed 13920/49900 rows
Parsed 13952/49900 rows
Parsed 13984/49900 rows
Parsed 14016/49900 rows
Parsed 14048/49900 rows
Parsed 14080/49900 rows
Parsed 14112/49900 rows
Parsed 14144/49900 rows
Parsed 14176/49900 rows
Parsed 14208/49900 rows
Parsed 14240/49900 rows
Parsed 14272/49900 rows
Parsed 14304/49900 rows
Parsed 14336/49900 rows
Parsed 14368/49900 rows
Parsed 14400/49900 rows
Parsed 14432/49900 rows
Parsed 14464/49900 rows
Parsed 14496/49900 rows
Parsed 14528/49900 rows
Parsed 14560/49900 rows
Parsed 14592/49900 rows
Parsed 14624/49900 rows
Parsed 14656/49900 rows
Parsed 14688/49900 rows
Parsed 14720/49900 rows
Parsed 14752/49900 rows
Parsed 14784/49900 rows
Parsed 14816/49900 rows
Parsed 14848/49900 rows
Parsed 14880/49900 rows
Parsed 14912/49900 rows
Parsed 14944/49900 rows
Parsed 14976/49900 rows
Parsed 15008/49900 rows
Parsed 15040/49900 rows
Parsed 15072/49900 rows
Parsed 15104/49900 rows
Parsed 15136/49900 rows
Parsed 15168/49900 rows
Parsed 15200/49900 rows
Parsed 15232/49900 rows
Parsed 15264/49900 rows
Parsed 15296/49900 rows
Parsed 15328/49900 rows
Parsed 15360/49900 rows
Parsed 15392/49900 rows
Parsed 15424/49900 rows
Parsed 15456/49900 rows
Parsed 15488/49900 rows
Parsed 15520/49900 rows
Parsed 15552/49900 rows
Parsed 15584/49900 rows
Parsed 15616/49900 rows
Parsed 15648/49900 rows
Parsed 15680/49900 rows
Parsed 15712/49900 rows
Parsed 15744/49900 rows
Parsed 15776/49900 rows
Parsed 15808/49900 rows
Parsed 15840/49900 rows
Parsed 15872/49900 rows
Parsed 15904/49900 rows
Parsed 15936/49900 rows
Parsed 15968/49900 rows
Parsed 16000/49900 rows
Parsed 16032/49900 rows
Parsed 16064/49900 rows
Parsed 16096/49900 rows
Parsed 16128/49900 rows
Parsed 16160/49900 rows
Parsed 16192/49900 rows
Parsed 16224/49900 rows
Parsed 16256/49900 rows
Parsed 16288/49900 rows
Parsed 16320/49900 rows
Parsed 16352/49900 rows
Parsed 16384/49900 rows
Parsed 16416/49900 rows
Parsed 16448/49900 rows
Parsed 16480/49900 rows
Parsed 16512/49900 rows
Parsed 16544/49900 rows
Parsed 16576/49900 rows
Parsed 16608/49900 rows
Parsed 16640/49900 rows
Parsed 16672/49900 rows
Parsed 16704/49900 rows
Parsed 16736/49900 rows
Parsed 16768/49900 rows
Parsed 16800/49900 rows
Parsed 16832/49900 rows
Parsed 16864/49900 rows
Parsed 16896/49900 rows
Parsed 16928/49900 rows
Parsed 16960/49900 rows
Parsed 16992/49900 rows
Parsed 17024/49900 rows
Parsed 17056/49900 rows
Parsed 17088/49900 rows
Parsed 17120/49900 rows
Parsed 17152/49900 rows
Parsed 17184/49900 rows
Parsed 17216/49900 rows
Parsed 17248/49900 rows
Parsed 17280/49900 rows
Parsed 17312/49900 rows
Parsed 17344/49900 rows
Parsed 17376/49900 rows
Parsed 17408/49900 rows
Parsed 17440/49900 rows
Parsed 17472/49900 rows
Parsed 17504/49900 rows
Parsed 17536/49900 rows
Parsed 17568/49900 rows
Parsed 17600/49900 rows
Parsed 17632/49900 rows
Parsed 17664/49900 rows
Parsed 17696/49900 rows
Parsed 17728/49900 rows
Parsed 17760/49900 rows
Parsed 17792/49900 rows
Parsed 17824/49900 rows
Parsed 17856/49900 rows
Parsed 17888/49900 rows
Parsed 17920/49900 rows
Parsed 17952/49900 rows
Parsed 17984/49900 rows
Parsed 18016/49900 rows
Parsed 18048/49900 rows
Parsed 18080/49900 rows
Parsed 18112/49900 rows
Parsed 18144/49900 rows
Parsed 18176/49900 rows
Parsed 18208/49900 rows
Parsed 18240/49900 rows
Parsed 18272/49900 rows
Parsed 18304/49900 rows
Parsed 18336/49900 rows
Parsed 18368/49900 rows
Parsed 18400/49900 rows
Parsed 18432/49900 rows
Parsed 18464/49900 rows
Parsed 18496/49900 rows
Parsed 18528/49900 rows
Parsed 18560/49900 rows
Parsed 18592/49900 rows
Parsed 18624/49900 rows
Parsed 18656/49900 rows
Parsed 18688/49900 rows
Parsed 18720/49900 rows
Parsed 18752/49900 rows
Parsed 18784/49900 rows
Parsed 18816/49900 rows
Parsed 18848/49900 rows
Parsed 18880/49900 rows
Parsed 18912/49900 rows
Parsed 18944/49900 rows
Parsed 18976/49900 rows
Parsed 19008/49900 rows
Parsed 19040/49900 rows
Parsed 19072/49900 rows
Parsed 19104/49900 rows
Parsed 19136/49900 rows
Parsed 19168/49900 rows
Parsed 19200/49900 rows
Parsed 19232/49900 rows
Parsed 19264/49900 rows
Parsed 19296/49900 rows
Parsed 19328/49900 rows
Parsed 19360/49900 rows
Parsed 19392/49900 rows
Parsed 19424/49900 rows
Parsed 19456/49900 rows
Parsed 19488/49900 rows
Parsed 19520/49900 rows
Parsed 19552/49900 rows
Parsed 19584/49900 rows
Parsed 19616/49900 rows
Parsed 19648/49900 rows
Parsed 19680/49900 rows
Parsed 19712/49900 rows
Parsed 19744/49900 rows
Parsed 19776/49900 rows
Parsed 19808/49900 rows
Parsed 19840/49900 rows
Parsed 19872/49900 rows
Parsed 19904/49900 rows
Parsed 19936/49900 rows
Parsed 19968/49900 rows
Parsed 20000/49900 rows
Parsed 20032/49900 rows
Parsed 20064/49900 rows
Parsed 20096/49900 rows
Parsed 20128/49900 rows
Parsed 20160/49900 rows
Parsed 20192/49900 rows
Parsed 20224/49900 rows
Parsed 20256/49900 rows
Parsed 20288/49900 rows
Parsed 20320/49900 rows
Parsed 20352/49900 rows
Parsed 20384/49900 rows
Parsed 20416/49900 rows
Parsed 20448/49900 rows
Parsed 20480/49900 rows
Parsed 20512/49900 rows
Parsed 20544/49900 rows
Parsed 20576/49900 rows
Parsed 20608/49900 rows
Parsed 20640/49900 rows
Parsed 20672/49900 rows
Parsed 20704/49900 rows
Parsed 20736/49900 rows
Parsed 20768/49900 rows
Parsed 20800/49900 rows
Parsed 20832/49900 rows
Parsed 20864/49900 rows
Parsed 20896/49900 rows
Parsed 20928/49900 rows
Parsed 20960/49900 rows
Parsed 20992/49900 rows
Parsed 21024/49900 rows
Parsed 21056/49900 rows
Parsed 21088/49900 rows
Parsed 21120/49900 rows
Parsed 21152/49900 rows
Parsed 21184/49900 rows
Parsed 21216/49900 rows
Parsed 21248/49900 rows
Parsed 21280/49900 rows
Parsed 21312/49900 rows
Parsed 21344/49900 rows
Parsed 21376/49900 rows
Parsed 21408/49900 rows
Parsed 21440/49900 rows
Parsed 21472/49900 rows
Parsed 21504/49900 rows
Parsed 21536/49900 rows
Parsed 21568/49900 rows
Parsed 21600/49900 rows
Parsed 21632/49900 rows
Parsed 21664/49900 rows
Parsed 21696/49900 rows
Parsed 21728/49900 rows
Parsed 21760/49900 rows
Parsed 21792/49900 rows
Parsed 21824/49900 rows
Parsed 21856/49900 rows
Parsed 21888/49900 rows
Parsed 21920/49900 rows
Parsed 21952/49900 rows
Parsed 21984/49900 rows
Parsed 22016/49900 rows
Parsed 22048/49900 rows
Parsed 22080/49900 rows
Parsed 22112/49900 rows
Parsed 22144/49900 rows
Parsed 22176/49900 rows
Parsed 22208/49900 rows
Parsed 22240/49900 rows
Parsed 22272/49900 rows
Parsed 22304/49900 rows
Parsed 22336/49900 rows
Parsed 22368/49900 rows
Parsed 22400/49900 rows
Parsed 22432/49900 rows
Parsed 22464/49900 rows
Parsed 22496/49900 rows
Parsed 22528/49900 rows
Parsed 22560/49900 rows
Parsed 22592/49900 rows
Parsed 22624/49900 rows
Parsed 22656/49900 rows
Parsed 22688/49900 rows
Parsed 22720/49900 rows
Parsed 22752/49900 rows
Parsed 22784/49900 rows
Parsed 22816/49900 rows
Parsed 22848/49900 rows
Parsed 22880/49900 rows
Parsed 22912/49900 rows
Parsed 22944/49900 rows
Parsed 22976/49900 rows
Parsed 23008/49900 rows
Parsed 23040/49900 rows
Parsed 23072/49900 rows
Parsed 23104/49900 rows
Parsed 23136/49900 rows
Parsed 23168/49900 rows
Parsed 23200/49900 rows
Parsed 23232/49900 rows
Parsed 23264/49900 rows
Parsed 23296/49900 rows
Parsed 23328/49900 rows
Parsed 23360/49900 rows
Parsed 23392/49900 rows
Parsed 23424/49900 rows
Parsed 23456/49900 rows
Parsed 23488/49900 rows
Parsed 23520/49900 rows
Parsed 23552/49900 rows
Parsed 23584/49900 rows
Parsed 23616/49900 rows
Parsed 23648/49900 rows
Parsed 23680/49900 rows
Parsed 23712/49900 rows
Parsed 23744/49900 rows
Parsed 23776/49900 rows
Parsed 23808/49900 rows
Parsed 23840/49900 rows
Parsed 23872/49900 rows
Parsed 23904/49900 rows
Parsed 23936/49900 rows
Parsed 23968/49900 rows
Parsed 24000/49900 rows
Parsed 24032/49900 rows
Parsed 24064/49900 rows
Parsed 24096/49900 rows
Parsed 24128/49900 rows
Parsed 24160/49900 rows
Parsed 24192/49900 rows
Parsed 24224/49900 rows
Parsed 24256/49900 rows
Parsed 24288/49900 rows
Parsed 24320/49900 rows
Parsed 24352/49900 rows
Parsed 24384/49900 rows
Parsed 24416/49900 rows
Parsed 24448/49900 rows
Parsed 24480/49900 rows
Parsed 24512/49900 rows
Parsed 24544/49900 rows
Parsed 24576/49900 rows
Parsed 24608/49900 rows
Parsed 24640/49900 rows
Parsed 24672/49900 rows
Parsed 24704/49900 rows
Parsed 24736/49900 rows
Parsed 24768/49900 rows
Parsed 24800/49900 rows
Parsed 24832/49900 rows
Parsed 24864/49900 rows
Parsed 24896/49900 rows
Parsed 24928/49900 rows
Parsed 24960/49900 rows
Parsed 24992/49900 rows
Parsed 25024/49900 rows
Parsed 25056/49900 rows
Parsed 25088/49900 rows
Parsed 25120/49900 rows
Parsed 25152/49900 rows
Parsed 25184/49900 rows
Parsed 25216/49900 rows
Parsed 25248/49900 rows
Parsed 25280/49900 rows
Parsed 25312/49900 rows
Parsed 25344/49900 rows
Parsed 25376/49900 rows
Parsed 25408/49900 rows
Parsed 25440/49900 rows
Parsed 25472/49900 rows
Parsed 25504/49900 rows
Parsed 25536/49900 rows
Parsed 25568/49900 rows
Parsed 25600/49900 rows
Parsed 25632/49900 rows
Parsed 25664/49900 rows
Parsed 25696/49900 rows
Parsed 25728/49900 rows
Parsed 25760/49900 rows
Parsed 25792/49900 rows
Parsed 25824/49900 rows
Parsed 25856/49900 rows
Parsed 25888/49900 rows
Parsed 25920/49900 rows
Parsed 25952/49900 rows
Parsed 25984/49900 rows
Parsed 26016/49900 rows
Parsed 26048/49900 rows
Parsed 26080/49900 rows
Parsed 26112/49900 rows
Parsed 26144/49900 rows
Parsed 26176/49900 rows
Parsed 26208/49900 rows
Parsed 26240/49900 rows
Parsed 26272/49900 rows
Parsed 26304/49900 rows
Parsed 26336/49900 rows
Parsed 26368/49900 rows
Parsed 26400/49900 rows
Parsed 26432/49900 rows
Parsed 26464/49900 rows
Parsed 26496/49900 rows
Parsed 26528/49900 rows
Parsed 26560/49900 rows
Parsed 26592/49900 rows
Parsed 26624/49900 rows
Parsed 26656/49900 rows
Parsed 26688/49900 rows
Parsed 26720/49900 rows
Parsed 26752/49900 rows
Parsed 26784/49900 rows
Parsed 26816/49900 rows
Parsed 26848/49900 rows
Parsed 26880/49900 rows
Parsed 26912/49900 rows
Parsed 26944/49900 rows
Parsed 26976/49900 rows
Parsed 27008/49900 rows
Parsed 27040/49900 rows
Parsed 27072/49900 rows
Parsed 27104/49900 rows
Parsed 27136/49900 rows
Parsed 27168/49900 rows
Parsed 27200/49900 rows
Parsed 27232/49900 rows
Parsed 27264/49900 rows
Parsed 27296/49900 rows
Parsed 27328/49900 rows
Parsed 27360/49900 rows
Parsed 27392/49900 rows
Parsed 27424/49900 rows
Parsed 27456/49900 rows
Parsed 27488/49900 rows
Parsed 27520/49900 rows
Parsed 27552/49900 rows
Parsed 27584/49900 rows
Parsed 27616/49900 rows
Parsed 27648/49900 rows
Parsed 27680/49900 rows
Parsed 27712/49900 rows
Parsed 27744/49900 rows
Parsed 27776/49900 rows
Parsed 27808/49900 rows
Parsed 27840/49900 rows
Parsed 27872/49900 rows
Parsed 27904/49900 rows
Parsed 27936/49900 rows
Parsed 27968/49900 rows
Parsed 28000/49900 rows
Parsed 28032/49900 rows
Parsed 28064/49900 rows
Parsed 28096/49900 rows
Parsed 28128/49900 rows
Parsed 28160/49900 rows
Parsed 28192/49900 rows
Parsed 28224/49900 rows
Parsed 28256/49900 rows
Parsed 28288/49900 rows
Parsed 28320/49900 rows
Parsed 28352/49900 rows
Parsed 28384/49900 rows
Parsed 28416/49900 rows
Parsed 28448/49900 rows
Parsed 28480/49900 rows
Parsed 28512/49900 rows
Parsed 28544/49900 rows
Parsed 28576/49900 rows
Parsed 28608/49900 rows
Parsed 28640/49900 rows
Parsed 28672/49900 rows
Parsed 28704/49900 rows
Parsed 28736/49900 rows
Parsed 28768/49900 rows
Parsed 28800/49900 rows
Parsed 28832/49900 rows
Parsed 28864/49900 rows
Parsed 28896/49900 rows
Parsed 28928/49900 rows
Parsed 28960/49900 rows
Parsed 28992/49900 rows
Parsed 29024/49900 rows
Parsed 29056/49900 rows
Parsed 29088/49900 rows
Parsed 29120/49900 rows
Parsed 29152/49900 rows
Parsed 29184/49900 rows
Parsed 29216/49900 rows
Parsed 29248/49900 rows
Parsed 29280/49900 rows
Parsed 29312/49900 rows
Parsed 29344/49900 rows
Parsed 29376/49900 rows
Parsed 29408/49900 rows
Parsed 29440/49900 rows
Parsed 29472/49900 rows
Parsed 29504/49900 rows
Parsed 29536/49900 rows
Parsed 29568/49900 rows
Parsed 29600/49900 rows
Parsed 29632/49900 rows
Parsed 29664/49900 rows
Parsed 29696/49900 rows
Parsed 29728/49900 rows
Parsed 29760/49900 rows
Parsed 29792/49900 rows
Parsed 29824/49900 rows
Parsed 29856/49900 rows
Parsed 29888/49900 rows
Parsed 29920/49900 rows
Parsed 29952/49900 rows
Parsed 29984/49900 rows
Parsed 30016/49900 rows
Parsed 30048/49900 rows
Parsed 30080/49900 rows
Parsed 30112/49900 rows
Parsed 30144/49900 rows
Parsed 30176/49900 rows
Parsed 30208/49900 rows
Parsed 30240/49900 rows
Parsed 30272/49900 rows
Parsed 30304/49900 rows
Parsed 30336/49900 rows
Parsed 30368/49900 rows
Parsed 30400/49900 rows
Parsed 30432/49900 rows
Parsed 30464/49900 rows
Parsed 30496/49900 rows
Parsed 30528/49900 rows
Parsed 30560/49900 rows
Parsed 30592/49900 rows
Parsed 30624/49900 rows
Parsed 30656/49900 rows
Parsed 30688/49900 rows
Parsed 30720/49900 rows
Parsed 30752/49900 rows
Parsed 30784/49900 rows
Parsed 30816/49900 rows
Parsed 30848/49900 rows
Parsed 30880/49900 rows
Parsed 30912/49900 rows
Parsed 30944/49900 rows
Parsed 30976/49900 rows
Parsed 31008/49900 rows
Parsed 31040/49900 rows
Parsed 31072/49900 rows
Parsed 31104/49900 rows
Parsed 31136/49900 rows
Parsed 31168/49900 rows
Parsed 31200/49900 rows
Parsed 31232/49900 rows
Parsed 31264/49900 rows
Parsed 31296/49900 rows
Parsed 31328/49900 rows
Parsed 31360/49900 rows
Parsed 31392/49900 rows
Parsed 31424/49900 rows
Parsed 31456/49900 rows
Parsed 31488/49900 rows
Parsed 31520/49900 rows
Parsed 31552/49900 rows
Parsed 31584/49900 rows
Parsed 31616/49900 rows
Parsed 31648/49900 rows
Parsed 31680/49900 rows
Parsed 31712/49900 rows
Parsed 31744/49900 rows
Parsed 31776/49900 rows
Parsed 31808/49900 rows
Parsed 31840/49900 rows
Parsed 31872/49900 rows
Parsed 31904/49900 rows
Parsed 31936/49900 rows
Parsed 31968/49900 rows
Parsed 32000/49900 rows
Parsed 32032/49900 rows
Parsed 32064/49900 rows
Parsed 32096/49900 rows
Parsed 32128/49900 rows
Parsed 32160/49900 rows
Parsed 32192/49900 rows
Parsed 32224/49900 rows
Parsed 32256/49900 rows
Parsed 32288/49900 rows
Parsed 32320/49900 rows
Parsed 32352/49900 rows
Parsed 32384/49900 rows
Parsed 32416/49900 rows
Parsed 32448/49900 rows
Parsed 32480/49900 rows
Parsed 32512/49900 rows
Parsed 32544/49900 rows
Parsed 32576/49900 rows
Parsed 32608/49900 rows
Parsed 32640/49900 rows
Parsed 32672/49900 rows
Parsed 32704/49900 rows
Parsed 32736/49900 rows
Parsed 32768/49900 rows
Parsed 32800/49900 rows
Parsed 32832/49900 rows
Parsed 32864/49900 rows
Parsed 32896/49900 rows
Parsed 32928/49900 rows
Parsed 32960/49900 rows
Parsed 32992/49900 rows
Parsed 33024/49900 rows
Parsed 33056/49900 rows
Parsed 33088/49900 rows
Parsed 33120/49900 rows
Parsed 33152/49900 rows
Parsed 33184/49900 rows
Parsed 33216/49900 rows
Parsed 33248/49900 rows
Parsed 33280/49900 rows
Parsed 33312/49900 rows
Parsed 33344/49900 rows
Parsed 33376/49900 rows
Parsed 33408/49900 rows
Parsed 33440/49900 rows
Parsed 33472/49900 rows
Parsed 33504/49900 rows
Parsed 33536/49900 rows
Parsed 33568/49900 rows
Parsed 33600/49900 rows
Parsed 33632/49900 rows
Parsed 33664/49900 rows
Parsed 33696/49900 rows
Parsed 33728/49900 rows
Parsed 33760/49900 rows
Parsed 33792/49900 rows
Parsed 33824/49900 rows
Parsed 33856/49900 rows
Parsed 33888/49900 rows
Parsed 33920/49900 rows
Parsed 33952/49900 rows
Parsed 33984/49900 rows
Parsed 34016/49900 rows
Parsed 34048/49900 rows
Parsed 34080/49900 rows
Parsed 34112/49900 rows
Parsed 34144/49900 rows
Parsed 34176/49900 rows
Parsed 34208/49900 rows
Parsed 34240/49900 rows
Parsed 34272/49900 rows
Parsed 34304/49900 rows
Parsed 34336/49900 rows
Parsed 34368/49900 rows
Parsed 34400/49900 rows
Parsed 34432/49900 rows
Parsed 34464/49900 rows
Parsed 34496/49900 rows
Parsed 34528/49900 rows
Parsed 34560/49900 rows
Parsed 34592/49900 rows
Parsed 34624/49900 rows
Parsed 34656/49900 rows
Parsed 34688/49900 rows
Parsed 34720/49900 rows
Parsed 34752/49900 rows
Parsed 34784/49900 rows
Parsed 34816/49900 rows
Parsed 34848/49900 rows
Parsed 34880/49900 rows
Parsed 34912/49900 rows
Parsed 34944/49900 rows
Parsed 34976/49900 rows
Parsed 35008/49900 rows
Parsed 35040/49900 rows
Parsed 35072/49900 rows
Parsed 35104/49900 rows
Parsed 35136/49900 rows
Parsed 35168/49900 rows
Parsed 35200/49900 rows
Parsed 35232/49900 rows
Parsed 35264/49900 rows
Parsed 35296/49900 rows
Parsed 35328/49900 rows
Parsed 35360/49900 rows
Parsed 35392/49900 rows
Parsed 35424/49900 rows
Parsed 35456/49900 rows
Parsed 35488/49900 rows
Parsed 35520/49900 rows
Parsed 35552/49900 rows
Parsed 35584/49900 rows
Parsed 35616/49900 rows
Parsed 35648/49900 rows
Parsed 35680/49900 rows
Parsed 35712/49900 rows
Parsed 35744/49900 rows
Parsed 35776/49900 rows
Parsed 35808/49900 rows
Parsed 35840/49900 rows
Parsed 35872/49900 rows
Parsed 35904/49900 rows
Parsed 35936/49900 rows
Parsed 35968/49900 rows
Parsed 36000/49900 rows
Parsed 36032/49900 rows
Parsed 36064/49900 rows
Parsed 36096/49900 rows
Parsed 36128/49900 rows
Parsed 36160/49900 rows
Parsed 36192/49900 rows
Parsed 36224/49900 rows
Parsed 36256/49900 rows
Parsed 36288/49900 rows
Parsed 36320/49900 rows
Parsed 36352/49900 rows
Parsed 36384/49900 rows
Parsed 36416/49900 rows
Parsed 36448/49900 rows
Parsed 36480/49900 rows
Parsed 36512/49900 rows
Parsed 36544/49900 rows
Parsed 36576/49900 rows
Parsed 36608/49900 rows
Parsed 36640/49900 rows
Parsed 36672/49900 rows
Parsed 36704/49900 rows
Parsed 36736/49900 rows
Parsed 36768/49900 rows
Parsed 36800/49900 rows
Parsed 36832/49900 rows
Parsed 36864/49900 rows
Parsed 36896/49900 rows
Parsed 36928/49900 rows
Parsed 36960/49900 rows
Parsed 36992/49900 rows
Parsed 37024/49900 rows
Parsed 37056/49900 rows
Parsed 37088/49900 rows
Parsed 37120/49900 rows
Parsed 37152/49900 rows
Parsed 37184/49900 rows
Parsed 37216/49900 rows
Parsed 37248/49900 rows
Parsed 37280/49900 rows
Parsed 37312/49900 rows
Parsed 37344/49900 rows
Parsed 37376/49900 rows
Parsed 37408/49900 rows
Parsed 37440/49900 rows
Parsed 37472/49900 rows
Parsed 37504/49900 rows
Parsed 37536/49900 rows
Parsed 37568/49900 rows
Parsed 37600/49900 rows
Parsed 37632/49900 rows
Parsed 37664/49900 rows
Parsed 37696/49900 rows
Parsed 37728/49900 rows
Parsed 37760/49900 rows
Parsed 37792/49900 rows
Parsed 37824/49900 rows
Parsed 37856/49900 rows
Parsed 37888/49900 rows
Parsed 37920/49900 rows
Parsed 37952/49900 rows
Parsed 37984/49900 rows
Parsed 38016/49900 rows
Parsed 38048/49900 rows
Parsed 38080/49900 rows
Parsed 38112/49900 rows
Parsed 38144/49900 rows
Parsed 38176/49900 rows
Parsed 38208/49900 rows
Parsed 38240/49900 rows
Parsed 38272/49900 rows
Parsed 38304/49900 rows
Parsed 38336/49900 rows
Parsed 38368/49900 rows
Parsed 38400/49900 rows
Parsed 38432/49900 rows
Parsed 38464/49900 rows
Parsed 38496/49900 rows
Parsed 38528/49900 rows
Parsed 38560/49900 rows
Parsed 38592/49900 rows
Parsed 38624/49900 rows
Parsed 38656/49900 rows
Parsed 38688/49900 rows
Parsed 38720/49900 rows
Parsed 38752/49900 rows
Parsed 38784/49900 rows
Parsed 38816/49900 rows
Parsed 38848/49900 rows
Parsed 38880/49900 rows
Parsed 38912/49900 rows
Parsed 38944/49900 rows
Parsed 38976/49900 rows
Parsed 39008/49900 rows
Parsed 39040/49900 rows
Parsed 39072/49900 rows
Parsed 39104/49900 rows
Parsed 39136/49900 rows
Parsed 39168/49900 rows
Parsed 39200/49900 rows
Parsed 39232/49900 rows
Parsed 39264/49900 rows
Parsed 39296/49900 rows
Parsed 39328/49900 rows
Parsed 39360/49900 rows
Parsed 39392/49900 rows
Parsed 39424/49900 rows
Parsed 39456/49900 rows
Parsed 39488/49900 rows
Parsed 39520/49900 rows
Parsed 39552/49900 rows
Parsed 39584/49900 rows
Parsed 39616/49900 rows
Parsed 39648/49900 rows
Parsed 39680/49900 rows
Parsed 39712/49900 rows
Parsed 39744/49900 rows
Parsed 39776/49900 rows
Parsed 39808/49900 rows
Parsed 39840/49900 rows
Parsed 39872/49900 rows
Parsed 39904/49900 rows
Parsed 39936/49900 rows
Parsed 39968/49900 rows
Parsed 40000/49900 rows
Parsed 40032/49900 rows
Parsed 40064/49900 rows
Parsed 40096/49900 rows
Parsed 40128/49900 rows
Parsed 40160/49900 rows
Parsed 40192/49900 rows
Parsed 40224/49900 rows
Parsed 40256/49900 rows
Parsed 40288/49900 rows
Parsed 40320/49900 rows
Parsed 40352/49900 rows
Parsed 40384/49900 rows
Parsed 40416/49900 rows
Parsed 40448/49900 rows
Parsed 40480/49900 rows
Parsed 40512/49900 rows
Parsed 40544/49900 rows
Parsed 40576/49900 rows
Parsed 40608/49900 rows
Parsed 40640/49900 rows
Parsed 40672/49900 rows
Parsed 40704/49900 rows
Parsed 40736/49900 rows
Parsed 40768/49900 rows
Parsed 40800/49900 rows
Parsed 40832/49900 rows
Parsed 40864/49900 rows
Parsed 40896/49900 rows
Parsed 40928/49900 rows
Parsed 40960/49900 rows
Parsed 40992/49900 rows
Parsed 41024/49900 rows
Parsed 41056/49900 rows
Parsed 41088/49900 rows
Parsed 41120/49900 rows
Parsed 41152/49900 rows
Parsed 41184/49900 rows
Parsed 41216/49900 rows
Parsed 41248/49900 rows
Parsed 41280/49900 rows
Parsed 41312/49900 rows
Parsed 41344/49900 rows
Parsed 41376/49900 rows
Parsed 41408/49900 rows
Parsed 41440/49900 rows
Parsed 41472/49900 rows
Parsed 41504/49900 rows
Parsed 41536/49900 rows
Parsed 41568/49900 rows
Parsed 41600/49900 rows
Parsed 41632/49900 rows
Parsed 41664/49900 rows
Parsed 41696/49900 rows
Parsed 41728/49900 rows
Parsed 41760/49900 rows
Parsed 41792/49900 rows
Parsed 41824/49900 rows
Parsed 41856/49900 rows
Parsed 41888/49900 rows
Parsed 41920/49900 rows
Parsed 41952/49900 rows
Parsed 41984/49900 rows
Parsed 42016/49900 rows
Parsed 42048/49900 rows
Parsed 42080/49900 rows
Parsed 42112/49900 rows
Parsed 42144/49900 rows
Parsed 42176/49900 rows
Parsed 42208/49900 rows
Parsed 42240/49900 rows
Parsed 42272/49900 rows
Parsed 42304/49900 rows
Parsed 42336/49900 rows
Parsed 42368/49900 rows
Parsed 42400/49900 rows
Parsed 42432/49900 rows
Parsed 42464/49900 rows
Parsed 42496/49900 rows
Parsed 42528/49900 rows
Parsed 42560/49900 rows
Parsed 42592/49900 rows
Parsed 42624/49900 rows
Parsed 42656/49900 rows
Parsed 42688/49900 rows
Parsed 42720/49900 rows
Parsed 42752/49900 rows
Parsed 42784/49900 rows
Parsed 42816/49900 rows
Parsed 42848/49900 rows
Parsed 42880/49900 rows
Parsed 42912/49900 rows
Parsed 42944/49900 rows
Parsed 42976/49900 rows
Parsed 43008/49900 rows
Parsed 43040/49900 rows
Parsed 43072/49900 rows
Parsed 43104/49900 rows
Parsed 43136/49900 rows
Parsed 43168/49900 rows
Parsed 43200/49900 rows
Parsed 43232/49900 rows
Parsed 43264/49900 rows
Parsed 43296/49900 rows
Parsed 43328/49900 rows
Parsed 43360/49900 rows
Parsed 43392/49900 rows
Parsed 43424/49900 rows
Parsed 43456/49900 rows
Parsed 43488/49900 rows
Parsed 43520/49900 rows
Parsed 43552/49900 rows
Parsed 43584/49900 rows
Parsed 43616/49900 rows
Parsed 43648/49900 rows
Parsed 43680/49900 rows
Parsed 43712/49900 rows
Parsed 43744/49900 rows
Parsed 43776/49900 rows
Parsed 43808/49900 rows
Parsed 43840/49900 rows
Parsed 43872/49900 rows
Parsed 43904/49900 rows
Parsed 43936/49900 rows
Parsed 43968/49900 rows
Parsed 44000/49900 rows
Parsed 44032/49900 rows
Parsed 44064/49900 rows
Parsed 44096/49900 rows
Parsed 44128/49900 rows
Parsed 44160/49900 rows
Parsed 44192/49900 rows
Parsed 44224/49900 rows
Parsed 44256/49900 rows
Parsed 44288/49900 rows
Parsed 44320/49900 rows
Parsed 44352/49900 rows
Parsed 44384/49900 rows
Parsed 44416/49900 rows
Parsed 44448/49900 rows
Parsed 44480/49900 rows
Parsed 44512/49900 rows
Parsed 44544/49900 rows
Parsed 44576/49900 rows
Parsed 44608/49900 rows
Parsed 44640/49900 rows
Parsed 44672/49900 rows
Parsed 44704/49900 rows
Parsed 44736/49900 rows
Parsed 44768/49900 rows
Parsed 44800/49900 rows
Parsed 44832/49900 rows
Parsed 44864/49900 rows
Parsed 44896/49900 rows
Parsed 44928/49900 rows
Parsed 44960/49900 rows
Parsed 44992/49900 rows
Parsed 45024/49900 rows
Parsed 45056/49900 rows
Parsed 45088/49900 rows
Parsed 45120/49900 rows
Parsed 45152/49900 rows
Parsed 45184/49900 rows
Parsed 45216/49900 rows
Parsed 45248/49900 rows
Parsed 45280/49900 rows
Parsed 45312/49900 rows
Parsed 45344/49900 rows
Parsed 45376/49900 rows
Parsed 45408/49900 rows
Parsed 45440/49900 rows
Parsed 45472/49900 rows
Parsed 45504/49900 rows
Parsed 45536/49900 rows
Parsed 45568/49900 rows
Parsed 45600/49900 rows
Parsed 45632/49900 rows
Parsed 45664/49900 rows
Parsed 45696/49900 rows
Parsed 45728/49900 rows
Parsed 45760/49900 rows
Parsed 45792/49900 rows
Parsed 45824/49900 rows
Parsed 45856/49900 rows
Parsed 45888/49900 rows
Parsed 45920/49900 rows
Parsed 45952/49900 rows
Parsed 45984/49900 rows
Parsed 46016/49900 rows
Parsed 46048/49900 rows
Parsed 46080/49900 rows
Parsed 46112/49900 rows
Parsed 46144/49900 rows
Parsed 46176/49900 rows
Parsed 46208/49900 rows
Parsed 46240/49900 rows
Parsed 46272/49900 rows
Parsed 46304/49900 rows
Parsed 46336/49900 rows
Parsed 46368/49900 rows
Parsed 46400/49900 rows
Parsed 46432/49900 rows
Parsed 46464/49900 rows
Parsed 46496/49900 rows
Parsed 46528/49900 rows
Parsed 46560/49900 rows
Parsed 46592/49900 rows
Parsed 46624/49900 rows
Parsed 46656/49900 rows
Parsed 46688/49900 rows
Parsed 46720/49900 rows
Parsed 46752/49900 rows
Parsed 46784/49900 rows
Parsed 46816/49900 rows
Parsed 46848/49900 rows
Parsed 46880/49900 rows
Parsed 46912/49900 rows
Parsed 46944/49900 rows
Parsed 46976/49900 rows
Parsed 47008/49900 rows
Parsed 47040/49900 rows
Parsed 47072/49900 rows
Parsed 47104/49900 rows
Parsed 47136/49900 rows
Parsed 47168/49900 rows
Parsed 47200/49900 rows
Parsed 47232/49900 rows
Parsed 47264/49900 rows
Parsed 47296/49900 rows
Parsed 47328/49900 rows
Parsed 47360/49900 rows
Parsed 47392/49900 rows
Parsed 47424/49900 rows
Parsed 47456/49900 rows
Parsed 47488/49900 rows
Parsed 47520/49900 rows
Parsed 47552/49900 rows
Parsed 47584/49900 rows
Parsed 47616/49900 rows
Parsed 47648/49900 rows
Parsed 47680/49900 rows
Parsed 47712/49900 rows
Parsed 47744/49900 rows
Parsed 47776/49900 rows
Parsed 47808/49900 rows
Parsed 47840/49900 rows
Parsed 47872/49900 rows
Parsed 47904/49900 rows
Parsed 47936/49900 rows
Parsed 47968/49900 rows
Parsed 48000/49900 rows
Parsed 48032/49900 rows
Parsed 48064/49900 rows
Parsed 48096/49900 rows
Parsed 48128/49900 rows
Parsed 48160/49900 rows
Parsed 48192/49900 rows
Parsed 48224/49900 rows
Parsed 48256/49900 rows
Parsed 48288/49900 rows
Parsed 48320/49900 rows
Parsed 48352/49900 rows
Parsed 48384/49900 rows
Parsed 48416/49900 rows
Parsed 48448/49900 rows
Parsed 48480/49900 rows
Parsed 48512/49900 rows
Parsed 48544/49900 rows
Parsed 48576/49900 rows
Parsed 48608/49900 rows
Parsed 48640/49900 rows
Parsed 48672/49900 rows
Parsed 48704/49900 rows
Parsed 48736/49900 rows
Parsed 48768/49900 rows
Parsed 48800/49900 rows
Parsed 48832/49900 rows
Parsed 48864/49900 rows
Parsed 48896/49900 rows
Parsed 48928/49900 rows
Parsed 48960/49900 rows
Parsed 48992/49900 rows
Parsed 49024/49900 rows
Parsed 49056/49900 rows
Parsed 49088/49900 rows
Parsed 49120/49900 rows
Parsed 49152/49900 rows
Parsed 49184/49900 rows
Parsed 49216/49900 rows
Parsed 49248/49900 rows
Parsed 49280/49900 rows
Parsed 49312/49900 rows
Parsed 49344/49900 rows
Parsed 49376/49900 rows
Parsed 49408/49900 rows
Parsed 49440/49900 rows
Parsed 49472/49900 rows
Parsed 49504/49900 rows
Parsed 49536/49900 rows
Parsed 49568/49900 rows
Parsed 49600/49900 rows
Parsed 49632/49900 rows
Parsed 49664/49900 rows
Parsed 49696/49900 rows
Parsed 49728/49900 rows
Parsed 49760/49900 rows
Parsed 49792/49900 rows
Parsed 49824/49900 rows
Parsed 49856/49900 rows
Parsed 49888/49900 rows
Parsed 49900/49900 rows
Saved parsed results to: /projects/simlai1/Viberank/data/VibeRank/raw/mimic/mimic_triage/rc_responses/MIMIC_500_QWEN_tournament1_seq_run_parsed.csv
Failed parses: 0/49900
Finished: Sun May 17 08:30:02 PM EDT 2026
